--
-- PostgreSQL database dump
--

\restrict 0o7GOg5WCoxVmIGpalOGeCMtA72DPZwOcYJycydqkEjw3JpHmQOohNFGsOCL6dy

-- Dumped from database version 17.6
-- Dumped by pg_dump version 18.0

-- Started on 2025-11-07 10:46:45

SET statement_timeout = 0;
SET lock_timeout = 0;
SET idle_in_transaction_session_timeout = 0;
SET transaction_timeout = 0;
SET client_encoding = 'UTF8';
SET standard_conforming_strings = on;
SELECT pg_catalog.set_config('search_path', '', false);
SET check_function_bodies = false;
SET xmloption = content;
SET client_min_messages = warning;
SET row_security = off;

--
-- TOC entry 4 (class 2615 OID 2200)
-- Name: public; Type: SCHEMA; Schema: -; Owner: pg_database_owner
--

CREATE SCHEMA public;


ALTER SCHEMA public OWNER TO pg_database_owner;

--
-- TOC entry 5391 (class 0 OID 0)
-- Dependencies: 4
-- Name: SCHEMA public; Type: COMMENT; Schema: -; Owner: pg_database_owner
--

COMMENT ON SCHEMA public IS 'standard public schema';


--
-- TOC entry 279 (class 1255 OID 17033)
-- Name: update_updated_at(); Type: FUNCTION; Schema: public; Owner: postgres
--

CREATE FUNCTION public.update_updated_at() RETURNS trigger
    LANGUAGE plpgsql
    AS $$
BEGIN
    NEW.updated_at = NOW();
    RETURN NEW;
END;
$$;


ALTER FUNCTION public.update_updated_at() OWNER TO postgres;

SET default_tablespace = '';

SET default_table_access_method = heap;

--
-- TOC entry 217 (class 1259 OID 17034)
-- Name: accreditations; Type: TABLE; Schema: public; Owner: postgres
--

CREATE TABLE public.accreditations (
    id integer NOT NULL,
    content_block_id integer NOT NULL,
    name character varying(100) NOT NULL,
    description text,
    year_achieved integer,
    is_active boolean DEFAULT true,
    created_at timestamp without time zone DEFAULT CURRENT_TIMESTAMP,
    updated_at timestamp without time zone DEFAULT CURRENT_TIMESTAMP
);


ALTER TABLE public.accreditations OWNER TO postgres;

--
-- TOC entry 218 (class 1259 OID 17042)
-- Name: accreditations_id_seq; Type: SEQUENCE; Schema: public; Owner: postgres
--

ALTER TABLE public.accreditations ALTER COLUMN id ADD GENERATED BY DEFAULT AS IDENTITY (
    SEQUENCE NAME public.accreditations_id_seq
    START WITH 1
    INCREMENT BY 1
    NO MINVALUE
    NO MAXVALUE
    CACHE 1
);


--
-- TOC entry 219 (class 1259 OID 17043)
-- Name: buttons; Type: TABLE; Schema: public; Owner: postgres
--

CREATE TABLE public.buttons (
    id integer NOT NULL,
    content_block_id integer NOT NULL,
    text character varying(100) NOT NULL,
    url character varying(500),
    button_type character varying(20) DEFAULT 'primary'::character varying,
    size character varying(10) DEFAULT 'medium'::character varying,
    target character varying(10) DEFAULT '_self'::character varying,
    icon_class character varying(100),
    custom_css text,
    created_at timestamp without time zone DEFAULT CURRENT_TIMESTAMP,
    updated_at timestamp without time zone DEFAULT CURRENT_TIMESTAMP,
    CONSTRAINT buttons_button_type_check CHECK (((button_type)::text = ANY (ARRAY[('primary'::character varying)::text, ('secondary'::character varying)::text, ('outline'::character varying)::text, ('link'::character varying)::text]))),
    CONSTRAINT buttons_size_check CHECK (((size)::text = ANY (ARRAY[('small'::character varying)::text, ('medium'::character varying)::text, ('large'::character varying)::text]))),
    CONSTRAINT buttons_target_check CHECK (((target)::text = ANY (ARRAY[('_self'::character varying)::text, ('_blank'::character varying)::text, ('_parent'::character varying)::text, ('_top'::character varying)::text])))
);


ALTER TABLE public.buttons OWNER TO postgres;

--
-- TOC entry 220 (class 1259 OID 17056)
-- Name: buttons_id_seq; Type: SEQUENCE; Schema: public; Owner: postgres
--

ALTER TABLE public.buttons ALTER COLUMN id ADD GENERATED BY DEFAULT AS IDENTITY (
    SEQUENCE NAME public.buttons_id_seq
    START WITH 1
    INCREMENT BY 1
    NO MINVALUE
    NO MAXVALUE
    CACHE 1
);


--
-- TOC entry 221 (class 1259 OID 17057)
-- Name: content_block_experts; Type: TABLE; Schema: public; Owner: postgres
--

CREATE TABLE public.content_block_experts (
    id integer NOT NULL,
    content_block_id integer NOT NULL,
    doctor_specialty_id integer NOT NULL
);


ALTER TABLE public.content_block_experts OWNER TO postgres;

--
-- TOC entry 222 (class 1259 OID 17060)
-- Name: content_block_experts_id_seq; Type: SEQUENCE; Schema: public; Owner: postgres
--

ALTER TABLE public.content_block_experts ALTER COLUMN id ADD GENERATED BY DEFAULT AS IDENTITY (
    SEQUENCE NAME public.content_block_experts_id_seq
    START WITH 1
    INCREMENT BY 1
    NO MINVALUE
    NO MAXVALUE
    CACHE 1
);


--
-- TOC entry 223 (class 1259 OID 17061)
-- Name: content_block_media; Type: TABLE; Schema: public; Owner: postgres
--

CREATE TABLE public.content_block_media (
    id integer NOT NULL,
    content_block_id integer NOT NULL,
    media_file_id integer NOT NULL,
    media_type character varying(20) DEFAULT 'primary'::character varying,
    display_order integer DEFAULT 0,
    created_at timestamp without time zone DEFAULT CURRENT_TIMESTAMP,
    CONSTRAINT content_block_media_media_type_check CHECK (((media_type)::text = ANY (ARRAY[('primary'::character varying)::text, ('background'::character varying)::text, ('icon'::character varying)::text, ('thumbnail'::character varying)::text, ('gallery'::character varying)::text, ('slider'::character varying)::text])))
);


ALTER TABLE public.content_block_media OWNER TO postgres;

--
-- TOC entry 224 (class 1259 OID 17068)
-- Name: content_block_media_id_seq; Type: SEQUENCE; Schema: public; Owner: postgres
--

ALTER TABLE public.content_block_media ALTER COLUMN id ADD GENERATED BY DEFAULT AS IDENTITY (
    SEQUENCE NAME public.content_block_media_id_seq
    START WITH 1
    INCREMENT BY 1
    NO MINVALUE
    NO MAXVALUE
    CACHE 1
);


--
-- TOC entry 225 (class 1259 OID 17069)
-- Name: content_blocks; Type: TABLE; Schema: public; Owner: postgres
--

CREATE TABLE public.content_blocks (
    id integer NOT NULL,
    section_id integer NOT NULL,
    block_type character varying(50) NOT NULL,
    title character varying(255),
    content text,
    subtitle character varying(255),
    description text,
    display_order integer DEFAULT 0,
    is_active boolean DEFAULT true,
    alignment character varying(10) DEFAULT 'left'::character varying,
    width_percentage integer DEFAULT 100,
    custom_css text,
    status boolean DEFAULT true NOT NULL,
    created_at timestamp without time zone DEFAULT CURRENT_TIMESTAMP,
    updated_at timestamp without time zone DEFAULT CURRENT_TIMESTAMP,
    field_tag character varying(255),
    CONSTRAINT content_blocks_alignment_check CHECK (((alignment)::text = ANY (ARRAY[('left'::character varying)::text, ('center'::character varying)::text, ('right'::character varying)::text]))),
    CONSTRAINT content_blocks_block_type_check CHECK (((block_type)::text = ANY (ARRAY[('text'::character varying)::text, ('image'::character varying)::text, ('video'::character varying)::text, ('button'::character varying)::text, ('icon'::character varying)::text, ('statistic'::character varying)::text, ('testimonial'::character varying)::text, ('accreditation'::character varying)::text, ('doctor'::character varying)::text, ('treatment'::character varying)::text, ('facility'::character varying)::text, ('custom'::character varying)::text])))
);


ALTER TABLE public.content_blocks OWNER TO postgres;

--
-- TOC entry 226 (class 1259 OID 17083)
-- Name: content_blocks_id_seq; Type: SEQUENCE; Schema: public; Owner: postgres
--

ALTER TABLE public.content_blocks ALTER COLUMN id ADD GENERATED BY DEFAULT AS IDENTITY (
    SEQUENCE NAME public.content_blocks_id_seq
    START WITH 1
    INCREMENT BY 1
    NO MINVALUE
    NO MAXVALUE
    CACHE 1
);


--
-- TOC entry 227 (class 1259 OID 17084)
-- Name: content_history; Type: TABLE; Schema: public; Owner: postgres
--

CREATE TABLE public.content_history (
    id integer NOT NULL,
    table_name character varying(50) NOT NULL,
    record_id integer NOT NULL,
    action character varying(10) NOT NULL,
    old_values jsonb,
    new_values jsonb,
    changed_by integer,
    changed_at timestamp without time zone DEFAULT CURRENT_TIMESTAMP,
    CONSTRAINT content_history_action_check CHECK (((action)::text = ANY (ARRAY[('create'::character varying)::text, ('update'::character varying)::text, ('delete'::character varying)::text])))
);


ALTER TABLE public.content_history OWNER TO postgres;

--
-- TOC entry 228 (class 1259 OID 17091)
-- Name: content_history_id_seq; Type: SEQUENCE; Schema: public; Owner: postgres
--

ALTER TABLE public.content_history ALTER COLUMN id ADD GENERATED BY DEFAULT AS IDENTITY (
    SEQUENCE NAME public.content_history_id_seq
    START WITH 1
    INCREMENT BY 1
    NO MINVALUE
    NO MAXVALUE
    CACHE 1
);


--
-- TOC entry 229 (class 1259 OID 17092)
-- Name: doctor_media; Type: TABLE; Schema: public; Owner: postgres
--

CREATE TABLE public.doctor_media (
    id integer NOT NULL,
    doctor_id integer NOT NULL,
    media_file_id integer NOT NULL,
    media_type character varying(20) DEFAULT 'profile'::character varying,
    display_order integer DEFAULT 0,
    created_at timestamp without time zone DEFAULT CURRENT_TIMESTAMP,
    CONSTRAINT doctor_media_media_type_check CHECK (((media_type)::text = ANY (ARRAY[('profile'::character varying)::text, ('gallery'::character varying)::text, ('certificate'::character varying)::text, ('video'::character varying)::text])))
);


ALTER TABLE public.doctor_media OWNER TO postgres;

--
-- TOC entry 230 (class 1259 OID 17099)
-- Name: doctor_media_id_seq; Type: SEQUENCE; Schema: public; Owner: postgres
--

ALTER TABLE public.doctor_media ALTER COLUMN id ADD GENERATED BY DEFAULT AS IDENTITY (
    SEQUENCE NAME public.doctor_media_id_seq
    START WITH 1
    INCREMENT BY 1
    NO MINVALUE
    NO MAXVALUE
    CACHE 1
);


--
-- TOC entry 231 (class 1259 OID 17100)
-- Name: doctor_specialties; Type: TABLE; Schema: public; Owner: postgres
--

CREATE TABLE public.doctor_specialties (
    id integer NOT NULL,
    doctor_id integer NOT NULL,
    specialty_id integer NOT NULL,
    is_primary boolean DEFAULT false,
    created_at timestamp without time zone DEFAULT CURRENT_TIMESTAMP,
    display_order integer
);


ALTER TABLE public.doctor_specialties OWNER TO postgres;

--
-- TOC entry 232 (class 1259 OID 17105)
-- Name: doctor_specialties_id_seq; Type: SEQUENCE; Schema: public; Owner: postgres
--

ALTER TABLE public.doctor_specialties ALTER COLUMN id ADD GENERATED BY DEFAULT AS IDENTITY (
    SEQUENCE NAME public.doctor_specialties_id_seq
    START WITH 1
    INCREMENT BY 1
    NO MINVALUE
    NO MAXVALUE
    CACHE 1
);


--
-- TOC entry 233 (class 1259 OID 17106)
-- Name: doctors; Type: TABLE; Schema: public; Owner: postgres
--

CREATE TABLE public.doctors (
    id integer NOT NULL,
    first_name character varying(50) NOT NULL,
    last_name character varying(50) NOT NULL,
    slug character varying(100) NOT NULL,
    profile_image character varying(250),
    designation character varying(250),
    qualifications text,
    experience_years integer,
    specializations text,
    about text,
    achievements text,
    languages text,
    consultation_fee numeric(10,2),
    is_active boolean DEFAULT true,
    is_featured boolean DEFAULT false,
    display_order integer DEFAULT 0,
    created_at timestamp without time zone DEFAULT CURRENT_TIMESTAMP,
    updated_at timestamp without time zone DEFAULT CURRENT_TIMESTAMP
);


ALTER TABLE public.doctors OWNER TO postgres;

--
-- TOC entry 234 (class 1259 OID 17116)
-- Name: doctors_id_seq; Type: SEQUENCE; Schema: public; Owner: postgres
--

ALTER TABLE public.doctors ALTER COLUMN id ADD GENERATED BY DEFAULT AS IDENTITY (
    SEQUENCE NAME public.doctors_id_seq
    START WITH 1
    INCREMENT BY 1
    NO MINVALUE
    NO MAXVALUE
    CACHE 1
);


--
-- TOC entry 235 (class 1259 OID 17117)
-- Name: facilities; Type: TABLE; Schema: public; Owner: postgres
--

CREATE TABLE public.facilities (
    id integer NOT NULL,
    name character varying(100) NOT NULL,
    slug character varying(100) NOT NULL,
    description text,
    features text,
    equipment text,
    capacity integer,
    is_active boolean DEFAULT true,
    display_order integer DEFAULT 0,
    created_at timestamp without time zone DEFAULT CURRENT_TIMESTAMP,
    updated_at timestamp without time zone DEFAULT CURRENT_TIMESTAMP
);


ALTER TABLE public.facilities OWNER TO postgres;

--
-- TOC entry 236 (class 1259 OID 17126)
-- Name: facilities_id_seq; Type: SEQUENCE; Schema: public; Owner: postgres
--

ALTER TABLE public.facilities ALTER COLUMN id ADD GENERATED BY DEFAULT AS IDENTITY (
    SEQUENCE NAME public.facilities_id_seq
    START WITH 1
    INCREMENT BY 1
    NO MINVALUE
    NO MAXVALUE
    CACHE 1
);


--
-- TOC entry 237 (class 1259 OID 17127)
-- Name: facility_specialties; Type: TABLE; Schema: public; Owner: postgres
--

CREATE TABLE public.facility_specialties (
    id integer NOT NULL,
    facility_id integer NOT NULL,
    specialty_id integer,
    content_block_id integer,
    created_at timestamp without time zone DEFAULT CURRENT_TIMESTAMP
);


ALTER TABLE public.facility_specialties OWNER TO postgres;

--
-- TOC entry 238 (class 1259 OID 17131)
-- Name: facility_specialties_id_seq; Type: SEQUENCE; Schema: public; Owner: postgres
--

ALTER TABLE public.facility_specialties ALTER COLUMN id ADD GENERATED BY DEFAULT AS IDENTITY (
    SEQUENCE NAME public.facility_specialties_id_seq
    START WITH 1
    INCREMENT BY 1
    NO MINVALUE
    NO MAXVALUE
    CACHE 1
);


--
-- TOC entry 239 (class 1259 OID 17132)
-- Name: faqs; Type: TABLE; Schema: public; Owner: postgres
--

CREATE TABLE public.faqs (
    id integer NOT NULL,
    content_block_id integer NOT NULL,
    question text NOT NULL,
    answer text NOT NULL,
    category character varying(100),
    is_active boolean DEFAULT true,
    display_order integer DEFAULT 0,
    created_at timestamp without time zone DEFAULT CURRENT_TIMESTAMP,
    updated_at timestamp without time zone DEFAULT CURRENT_TIMESTAMP
);


ALTER TABLE public.faqs OWNER TO postgres;

--
-- TOC entry 240 (class 1259 OID 17141)
-- Name: faqs_id_seq; Type: SEQUENCE; Schema: public; Owner: postgres
--

ALTER TABLE public.faqs ALTER COLUMN id ADD GENERATED BY DEFAULT AS IDENTITY (
    SEQUENCE NAME public.faqs_id_seq
    START WITH 1
    INCREMENT BY 1
    NO MINVALUE
    NO MAXVALUE
    CACHE 1
);


--
-- TOC entry 241 (class 1259 OID 17142)
-- Name: footer_category; Type: TABLE; Schema: public; Owner: postgres
--

CREATE TABLE public.footer_category (
    id bigint NOT NULL,
    name character varying(255) NOT NULL,
    slug character varying(255) NOT NULL,
    display_order integer NOT NULL,
    created_at timestamp without time zone DEFAULT CURRENT_TIMESTAMP,
    updated_at timestamp without time zone DEFAULT CURRENT_TIMESTAMP
);


ALTER TABLE public.footer_category OWNER TO postgres;

--
-- TOC entry 242 (class 1259 OID 17149)
-- Name: footer_category_id_seq; Type: SEQUENCE; Schema: public; Owner: postgres
--

ALTER TABLE public.footer_category ALTER COLUMN id ADD GENERATED BY DEFAULT AS IDENTITY (
    SEQUENCE NAME public.footer_category_id_seq
    START WITH 1
    INCREMENT BY 1
    NO MINVALUE
    NO MAXVALUE
    CACHE 1
);


--
-- TOC entry 243 (class 1259 OID 17150)
-- Name: footer_content; Type: TABLE; Schema: public; Owner: postgres
--

CREATE TABLE public.footer_content (
    id bigint NOT NULL,
    category_id bigint NOT NULL,
    title character varying(255) NOT NULL,
    slug character varying(50),
    url character varying(500),
    content text,
    icon character varying(255),
    created_at timestamp without time zone DEFAULT CURRENT_TIMESTAMP,
    updated_at timestamp without time zone DEFAULT CURRENT_TIMESTAMP
);


ALTER TABLE public.footer_content OWNER TO postgres;

--
-- TOC entry 244 (class 1259 OID 17157)
-- Name: footer_content_id_seq; Type: SEQUENCE; Schema: public; Owner: postgres
--

ALTER TABLE public.footer_content ALTER COLUMN id ADD GENERATED BY DEFAULT AS IDENTITY (
    SEQUENCE NAME public.footer_content_id_seq
    START WITH 1
    INCREMENT BY 1
    NO MINVALUE
    NO MAXVALUE
    CACHE 1
);


--
-- TOC entry 245 (class 1259 OID 17158)
-- Name: media_files; Type: TABLE; Schema: public; Owner: postgres
--

CREATE TABLE public.media_files (
    id integer NOT NULL,
    filename character varying(255) NOT NULL,
    original_filename character varying(255) NOT NULL,
    file_path character varying(500) NOT NULL,
    file_url character varying(500) NOT NULL,
    file_type character varying(20) NOT NULL,
    mime_type character varying(100) NOT NULL,
    file_size bigint NOT NULL,
    width integer,
    height integer,
    duration integer,
    alt_text character varying(255),
    caption text,
    uploaded_by integer,
    created_at timestamp without time zone DEFAULT CURRENT_TIMESTAMP,
    updated_at timestamp without time zone DEFAULT CURRENT_TIMESTAMP,
    CONSTRAINT media_files_file_type_check CHECK (((file_type)::text = ANY (ARRAY[('image'::character varying)::text, ('video'::character varying)::text, ('document'::character varying)::text, ('audio'::character varying)::text])))
);


ALTER TABLE public.media_files OWNER TO postgres;

--
-- TOC entry 246 (class 1259 OID 17166)
-- Name: media_files_id_seq; Type: SEQUENCE; Schema: public; Owner: postgres
--

ALTER TABLE public.media_files ALTER COLUMN id ADD GENERATED BY DEFAULT AS IDENTITY (
    SEQUENCE NAME public.media_files_id_seq
    START WITH 1
    INCREMENT BY 1
    NO MINVALUE
    NO MAXVALUE
    CACHE 1
);


--
-- TOC entry 247 (class 1259 OID 17167)
-- Name: navigation_item_pages; Type: TABLE; Schema: public; Owner: postgres
--

CREATE TABLE public.navigation_item_pages (
    id integer NOT NULL,
    navigation_item_id integer NOT NULL,
    page_id integer,
    display_order integer,
    created_at timestamp without time zone DEFAULT CURRENT_TIMESTAMP,
    updated_at timestamp without time zone DEFAULT CURRENT_TIMESTAMP
);


ALTER TABLE public.navigation_item_pages OWNER TO postgres;

--
-- TOC entry 248 (class 1259 OID 17172)
-- Name: navigation_item_pages_id_seq; Type: SEQUENCE; Schema: public; Owner: postgres
--

ALTER TABLE public.navigation_item_pages ALTER COLUMN id ADD GENERATED BY DEFAULT AS IDENTITY (
    SEQUENCE NAME public.navigation_item_pages_id_seq
    START WITH 1
    INCREMENT BY 1
    NO MINVALUE
    NO MAXVALUE
    CACHE 1
);


--
-- TOC entry 249 (class 1259 OID 17173)
-- Name: navigation_items; Type: TABLE; Schema: public; Owner: postgres
--

CREATE TABLE public.navigation_items (
    id integer NOT NULL,
    menu_id integer NOT NULL,
    parent_id integer,
    title character varying(100) NOT NULL,
    slug character varying(500),
    page_id integer,
    specialty_id integer,
    target character varying(10) DEFAULT '_self'::character varying,
    icon_class character varying(100),
    display_order integer DEFAULT 0,
    is_active boolean DEFAULT true,
    status boolean DEFAULT true NOT NULL,
    created_at timestamp without time zone DEFAULT CURRENT_TIMESTAMP,
    updated_at timestamp without time zone DEFAULT CURRENT_TIMESTAMP,
    CONSTRAINT navigation_items_target_check CHECK (((target)::text = ANY (ARRAY[('_self'::character varying)::text, ('_blank'::character varying)::text, ('_parent'::character varying)::text, ('_top'::character varying)::text])))
);


ALTER TABLE public.navigation_items OWNER TO postgres;

--
-- TOC entry 250 (class 1259 OID 17185)
-- Name: navigation_items_id_seq; Type: SEQUENCE; Schema: public; Owner: postgres
--

ALTER TABLE public.navigation_items ALTER COLUMN id ADD GENERATED BY DEFAULT AS IDENTITY (
    SEQUENCE NAME public.navigation_items_id_seq
    START WITH 1
    INCREMENT BY 1
    NO MINVALUE
    NO MAXVALUE
    CACHE 1
);


--
-- TOC entry 251 (class 1259 OID 17186)
-- Name: navigation_menus; Type: TABLE; Schema: public; Owner: postgres
--

CREATE TABLE public.navigation_menus (
    id integer NOT NULL,
    name character varying(100) NOT NULL,
    slug character varying(60) NOT NULL,
    location character varying(20) NOT NULL,
    is_active boolean DEFAULT true,
    created_at timestamp without time zone DEFAULT CURRENT_TIMESTAMP,
    updated_at timestamp without time zone DEFAULT CURRENT_TIMESTAMP,
    CONSTRAINT navigation_menus_location_check CHECK (((location)::text = ANY (ARRAY[('header'::character varying)::text, ('footer'::character varying)::text, ('sidebar'::character varying)::text, ('mobile'::character varying)::text])))
);


ALTER TABLE public.navigation_menus OWNER TO postgres;

--
-- TOC entry 252 (class 1259 OID 17193)
-- Name: navigation_menus_id_seq; Type: SEQUENCE; Schema: public; Owner: postgres
--

ALTER TABLE public.navigation_menus ALTER COLUMN id ADD GENERATED BY DEFAULT AS IDENTITY (
    SEQUENCE NAME public.navigation_menus_id_seq
    START WITH 1
    INCREMENT BY 1
    NO MINVALUE
    NO MAXVALUE
    CACHE 1
);


--
-- TOC entry 253 (class 1259 OID 17194)
-- Name: pages; Type: TABLE; Schema: public; Owner: postgres
--

CREATE TABLE public.pages (
    id integer NOT NULL,
    slug character varying(100) NOT NULL,
    title character varying(255) NOT NULL,
    meta_title character varying(255),
    meta_description text,
    meta_keywords text,
    page_type character varying(20) DEFAULT 'custom'::character varying,
    is_active boolean DEFAULT true,
    is_published boolean DEFAULT false,
    published_at timestamp without time zone,
    created_by integer,
    created_at timestamp without time zone DEFAULT CURRENT_TIMESTAMP,
    updated_at timestamp without time zone DEFAULT CURRENT_TIMESTAMP,
    CONSTRAINT pages_page_type_check CHECK (((page_type)::text = ANY (ARRAY[('home'::character varying)::text, ('about'::character varying)::text, ('contact'::character varying)::text, ('specialty'::character varying)::text, ('treatment'::character varying)::text, ('doctor'::character varying)::text, ('blog'::character varying)::text, ('custom'::character varying)::text])))
);


ALTER TABLE public.pages OWNER TO postgres;

--
-- TOC entry 254 (class 1259 OID 17205)
-- Name: pages_id_seq; Type: SEQUENCE; Schema: public; Owner: postgres
--

ALTER TABLE public.pages ALTER COLUMN id ADD GENERATED BY DEFAULT AS IDENTITY (
    SEQUENCE NAME public.pages_id_seq
    START WITH 1
    INCREMENT BY 1
    NO MINVALUE
    NO MAXVALUE
    CACHE 1
);


--
-- TOC entry 255 (class 1259 OID 17206)
-- Name: sections; Type: TABLE; Schema: public; Owner: postgres
--

CREATE TABLE public.sections (
    id integer NOT NULL,
    page_id integer NOT NULL,
    name character varying(100) NOT NULL,
    title character varying(255),
    subtitle text,
    description text,
    section_type character varying(40) NOT NULL,
    display_order integer DEFAULT 0,
    is_active boolean DEFAULT true,
    background_color character varying(7) DEFAULT '#FFFFFF'::character varying,
    text_color character varying(7) DEFAULT '#000000'::character varying,
    padding_top integer DEFAULT 0,
    padding_bottom integer DEFAULT 0,
    margin_top integer DEFAULT 0,
    margin_bottom integer DEFAULT 0,
    custom_css text,
    created_at timestamp without time zone DEFAULT CURRENT_TIMESTAMP,
    updated_at timestamp without time zone DEFAULT CURRENT_TIMESTAMP,
    CONSTRAINT sections_section_type_check CHECK (((section_type)::text = ANY (ARRAY[('hero'::character varying)::text, ('testimonials'::character varying)::text, ('statistics'::character varying)::text, ('accreditations'::character varying)::text, ('legacy'::character varying)::text, ('journey'::character varying)::text, ('cta'::character varying)::text, ('doctors'::character varying)::text, ('treatments'::character varying)::text, ('facilities'::character varying)::text, ('faq'::character varying)::text, ('custom'::character varying)::text, ('overview'::character varying)::text, ('specialities'::character varying)::text, ('experts'::character varying)::text])))
);


ALTER TABLE public.sections OWNER TO postgres;

--
-- TOC entry 256 (class 1259 OID 17222)
-- Name: sections_id_seq; Type: SEQUENCE; Schema: public; Owner: postgres
--

ALTER TABLE public.sections ALTER COLUMN id ADD GENERATED BY DEFAULT AS IDENTITY (
    SEQUENCE NAME public.sections_id_seq
    START WITH 1
    INCREMENT BY 1
    NO MINVALUE
    NO MAXVALUE
    CACHE 1
);


--
-- TOC entry 257 (class 1259 OID 17223)
-- Name: site_settings; Type: TABLE; Schema: public; Owner: postgres
--

CREATE TABLE public.site_settings (
    id integer NOT NULL,
    setting_key character varying(100) NOT NULL,
    setting_value text,
    setting_type character varying(10) DEFAULT 'text'::character varying,
    description text,
    is_public boolean DEFAULT true,
    header_level character varying(50) NOT NULL,
    status boolean DEFAULT true,
    created_at timestamp without time zone DEFAULT CURRENT_TIMESTAMP,
    updated_at timestamp without time zone DEFAULT CURRENT_TIMESTAMP,
    deleted_at timestamp without time zone,
    CONSTRAINT site_settings_setting_type_check CHECK (((setting_type)::text = ANY (ARRAY[('text'::character varying)::text, ('number'::character varying)::text, ('boolean'::character varying)::text, ('json'::character varying)::text, ('file'::character varying)::text])))
);


ALTER TABLE public.site_settings OWNER TO postgres;

--
-- TOC entry 258 (class 1259 OID 17234)
-- Name: site_settings_id_seq; Type: SEQUENCE; Schema: public; Owner: postgres
--

ALTER TABLE public.site_settings ALTER COLUMN id ADD GENERATED BY DEFAULT AS IDENTITY (
    SEQUENCE NAME public.site_settings_id_seq
    START WITH 1
    INCREMENT BY 1
    NO MINVALUE
    NO MAXVALUE
    CACHE 1
);


--
-- TOC entry 259 (class 1259 OID 17235)
-- Name: specialties; Type: TABLE; Schema: public; Owner: postgres
--

CREATE TABLE public.specialties (
    id integer NOT NULL,
    content_block_id integer,
    name character varying(100) NOT NULL,
    slug character varying(100) NOT NULL,
    short_name character varying(50),
    description text,
    overview text,
    icon_class character varying(100),
    color character varying(7) DEFAULT '#007BFF'::character varying,
    is_active boolean DEFAULT true,
    display_order integer DEFAULT 0,
    created_at timestamp without time zone DEFAULT CURRENT_TIMESTAMP,
    updated_at timestamp without time zone DEFAULT CURRENT_TIMESTAMP
);


ALTER TABLE public.specialties OWNER TO postgres;

--
-- TOC entry 260 (class 1259 OID 17245)
-- Name: specialties_id_seq; Type: SEQUENCE; Schema: public; Owner: postgres
--

ALTER TABLE public.specialties ALTER COLUMN id ADD GENERATED BY DEFAULT AS IDENTITY (
    SEQUENCE NAME public.specialties_id_seq
    START WITH 1
    INCREMENT BY 1
    NO MINVALUE
    NO MAXVALUE
    CACHE 1
);


--
-- TOC entry 261 (class 1259 OID 17246)
-- Name: specialty_media; Type: TABLE; Schema: public; Owner: postgres
--

CREATE TABLE public.specialty_media (
    id integer NOT NULL,
    specialty_id integer NOT NULL,
    media_file_id integer NOT NULL,
    media_type character varying(20) DEFAULT 'icon'::character varying,
    display_order integer DEFAULT 0,
    created_at timestamp without time zone DEFAULT CURRENT_TIMESTAMP,
    CONSTRAINT specialty_media_media_type_check CHECK (((media_type)::text = ANY (ARRAY[('icon'::character varying)::text, ('banner'::character varying)::text, ('gallery'::character varying)::text, ('video'::character varying)::text])))
);


ALTER TABLE public.specialty_media OWNER TO postgres;

--
-- TOC entry 262 (class 1259 OID 17253)
-- Name: specialty_media_id_seq; Type: SEQUENCE; Schema: public; Owner: postgres
--

ALTER TABLE public.specialty_media ALTER COLUMN id ADD GENERATED BY DEFAULT AS IDENTITY (
    SEQUENCE NAME public.specialty_media_id_seq
    START WITH 1
    INCREMENT BY 1
    NO MINVALUE
    NO MAXVALUE
    CACHE 1
);


--
-- TOC entry 263 (class 1259 OID 17254)
-- Name: specialty_pages; Type: TABLE; Schema: public; Owner: postgres
--

CREATE TABLE public.specialty_pages (
    id integer NOT NULL,
    page_id integer NOT NULL,
    specialty_id integer NOT NULL,
    hero_title character varying(255),
    hero_subtitle text,
    hero_description text,
    overview_title character varying(255),
    overview_content text,
    why_choose_title character varying(255),
    why_choose_content text,
    facilities_title character varying(255),
    facilities_content text,
    treatments_title character varying(255),
    treatments_content text,
    doctors_title character varying(255),
    doctors_content text,
    testimonials_title character varying(255),
    testimonials_content text,
    faq_title character varying(255),
    faq_content text,
    cta_title character varying(255),
    cta_content text,
    created_at timestamp without time zone DEFAULT CURRENT_TIMESTAMP,
    updated_at timestamp without time zone DEFAULT CURRENT_TIMESTAMP
);


ALTER TABLE public.specialty_pages OWNER TO postgres;

--
-- TOC entry 264 (class 1259 OID 17261)
-- Name: specialty_pages_id_seq; Type: SEQUENCE; Schema: public; Owner: postgres
--

ALTER TABLE public.specialty_pages ALTER COLUMN id ADD GENERATED BY DEFAULT AS IDENTITY (
    SEQUENCE NAME public.specialty_pages_id_seq
    START WITH 1
    INCREMENT BY 1
    NO MINVALUE
    NO MAXVALUE
    CACHE 1
);


--
-- TOC entry 265 (class 1259 OID 17262)
-- Name: statistics; Type: TABLE; Schema: public; Owner: postgres
--

CREATE TABLE public.statistics (
    id integer NOT NULL,
    content_block_id integer NOT NULL,
    number character varying(50),
    label character varying(100),
    suffix character varying(20),
    icon_class character varying(100),
    color character varying(7) DEFAULT '#007BFF'::character varying,
    animation_delay integer DEFAULT 0,
    statistic_text character varying(100),
    created_at timestamp without time zone DEFAULT CURRENT_TIMESTAMP,
    updated_at timestamp without time zone DEFAULT CURRENT_TIMESTAMP,
    statistics_image character varying
);


ALTER TABLE public.statistics OWNER TO postgres;

--
-- TOC entry 266 (class 1259 OID 17271)
-- Name: statistics_id_seq; Type: SEQUENCE; Schema: public; Owner: postgres
--

ALTER TABLE public.statistics ALTER COLUMN id ADD GENERATED BY DEFAULT AS IDENTITY (
    SEQUENCE NAME public.statistics_id_seq
    START WITH 1
    INCREMENT BY 1
    NO MINVALUE
    NO MAXVALUE
    CACHE 1
);


--
-- TOC entry 267 (class 1259 OID 17272)
-- Name: testimonials; Type: TABLE; Schema: public; Owner: postgres
--

CREATE TABLE public.testimonials (
    id integer NOT NULL,
    content_block_id integer NOT NULL,
    name character varying(100) NOT NULL,
    designation character varying(100),
    company character varying(100),
    testimonial_text text NOT NULL,
    rating integer,
    is_featured boolean DEFAULT false,
    created_at timestamp without time zone DEFAULT CURRENT_TIMESTAMP,
    updated_at timestamp without time zone DEFAULT CURRENT_TIMESTAMP
);


ALTER TABLE public.testimonials OWNER TO postgres;

--
-- TOC entry 268 (class 1259 OID 17280)
-- Name: testimonials_id_seq; Type: SEQUENCE; Schema: public; Owner: postgres
--

ALTER TABLE public.testimonials ALTER COLUMN id ADD GENERATED BY DEFAULT AS IDENTITY (
    SEQUENCE NAME public.testimonials_id_seq
    START WITH 1
    INCREMENT BY 1
    NO MINVALUE
    NO MAXVALUE
    CACHE 1
);


--
-- TOC entry 269 (class 1259 OID 17281)
-- Name: treatment_specialties; Type: TABLE; Schema: public; Owner: postgres
--

CREATE TABLE public.treatment_specialties (
    id integer NOT NULL,
    treatment_id integer NOT NULL,
    specialty_id integer NOT NULL,
    created_at timestamp without time zone DEFAULT CURRENT_TIMESTAMP
);


ALTER TABLE public.treatment_specialties OWNER TO postgres;

--
-- TOC entry 270 (class 1259 OID 17285)
-- Name: treatment_specialties_id_seq; Type: SEQUENCE; Schema: public; Owner: postgres
--

ALTER TABLE public.treatment_specialties ALTER COLUMN id ADD GENERATED BY DEFAULT AS IDENTITY (
    SEQUENCE NAME public.treatment_specialties_id_seq
    START WITH 1
    INCREMENT BY 1
    NO MINVALUE
    NO MAXVALUE
    CACHE 1
);


--
-- TOC entry 271 (class 1259 OID 17286)
-- Name: treatments; Type: TABLE; Schema: public; Owner: postgres
--

CREATE TABLE public.treatments (
    id integer NOT NULL,
    name character varying(100) NOT NULL,
    slug character varying(100) NOT NULL,
    description text,
    overview text,
    procedure text,
    recovery_time character varying(100),
    cost_range character varying(100),
    duration character varying(100),
    is_active boolean DEFAULT true,
    is_featured boolean DEFAULT false,
    display_order integer DEFAULT 0,
    created_at timestamp without time zone DEFAULT CURRENT_TIMESTAMP,
    updated_at timestamp without time zone DEFAULT CURRENT_TIMESTAMP
);


ALTER TABLE public.treatments OWNER TO postgres;

--
-- TOC entry 272 (class 1259 OID 17296)
-- Name: treatments_id_seq; Type: SEQUENCE; Schema: public; Owner: postgres
--

ALTER TABLE public.treatments ALTER COLUMN id ADD GENERATED BY DEFAULT AS IDENTITY (
    SEQUENCE NAME public.treatments_id_seq
    START WITH 1
    INCREMENT BY 1
    NO MINVALUE
    NO MAXVALUE
    CACHE 1
);


--
-- TOC entry 273 (class 1259 OID 17297)
-- Name: users; Type: TABLE; Schema: public; Owner: postgres
--

CREATE TABLE public.users (
    id integer NOT NULL,
    username character varying(50) NOT NULL,
    email character varying(100) NOT NULL,
    password_hash character varying(255) NOT NULL,
    first_name character varying(50) NOT NULL,
    last_name character varying(50) NOT NULL,
    role character varying(20) DEFAULT 'editor'::character varying,
    is_active boolean DEFAULT true,
    last_login timestamp without time zone,
    created_at timestamp without time zone DEFAULT CURRENT_TIMESTAMP,
    updated_at timestamp without time zone DEFAULT CURRENT_TIMESTAMP,
    CONSTRAINT users_role_check CHECK (((role)::text = ANY (ARRAY[('super_admin'::character varying)::text, ('admin'::character varying)::text, ('editor'::character varying)::text, ('viewer'::character varying)::text])))
);


ALTER TABLE public.users OWNER TO postgres;

--
-- TOC entry 274 (class 1259 OID 17307)
-- Name: users_id_seq; Type: SEQUENCE; Schema: public; Owner: postgres
--

ALTER TABLE public.users ALTER COLUMN id ADD GENERATED BY DEFAULT AS IDENTITY (
    SEQUENCE NAME public.users_id_seq
    START WITH 1
    INCREMENT BY 1
    NO MINVALUE
    NO MAXVALUE
    CACHE 1
);


--
-- TOC entry 275 (class 1259 OID 17308)
-- Name: v_content_blocks_with_media; Type: VIEW; Schema: public; Owner: postgres
--

CREATE VIEW public.v_content_blocks_with_media AS
SELECT
    NULL::integer AS id,
    NULL::integer AS section_id,
    NULL::character varying(50) AS block_type,
    NULL::character varying(255) AS title,
    NULL::text AS content,
    NULL::character varying(255) AS subtitle,
    NULL::text AS description,
    NULL::integer AS display_order,
    NULL::boolean AS is_active,
    NULL::character varying(10) AS alignment,
    NULL::integer AS width_percentage,
    NULL::jsonb AS media_files;


ALTER VIEW public.v_content_blocks_with_media OWNER TO postgres;

--
-- TOC entry 276 (class 1259 OID 17312)
-- Name: v_doctors_with_specialties; Type: VIEW; Schema: public; Owner: postgres
--

CREATE VIEW public.v_doctors_with_specialties AS
SELECT
    NULL::integer AS id,
    NULL::character varying(50) AS first_name,
    NULL::character varying(50) AS last_name,
    NULL::character varying(100) AS slug,
    NULL::character varying(250) AS designation,
    NULL::text AS qualifications,
    NULL::integer AS experience_years,
    NULL::text AS specializations,
    NULL::text AS about,
    NULL::text AS achievements,
    NULL::text AS languages,
    NULL::numeric(10,2) AS consultation_fee,
    NULL::boolean AS is_active,
    NULL::boolean AS is_featured,
    NULL::integer AS display_order,
    NULL::text AS specialties,
    NULL::text AS specialty_slugs;


ALTER VIEW public.v_doctors_with_specialties OWNER TO postgres;

--
-- TOC entry 277 (class 1259 OID 17316)
-- Name: v_page_sections; Type: VIEW; Schema: public; Owner: postgres
--

CREATE VIEW public.v_page_sections AS
 SELECT p.slug AS page_slug,
    p.title AS page_title,
    p.page_type,
    s.id AS section_id,
    s.name AS section_name,
    s.title AS section_title,
    s.section_type,
    s.display_order,
    s.is_active,
    s.background_color,
    s.text_color
   FROM (public.pages p
     JOIN public.sections s ON ((p.id = s.page_id)))
  WHERE ((p.is_active = true) AND (p.is_published = true) AND (s.is_active = true));


ALTER VIEW public.v_page_sections OWNER TO postgres;

--
-- TOC entry 278 (class 1259 OID 17321)
-- Name: v_specialty_pages; Type: VIEW; Schema: public; Owner: postgres
--

CREATE VIEW public.v_specialty_pages AS
 SELECT sp.id,
    sp.page_id,
    sp.specialty_id,
    s.name AS specialty_name,
    s.slug AS specialty_slug,
    s.icon_class,
    s.color,
    p.slug AS page_slug,
    p.title AS page_title,
    p.meta_title,
    p.meta_description
   FROM ((public.specialty_pages sp
     JOIN public.specialties s ON ((sp.specialty_id = s.id)))
     JOIN public.pages p ON ((sp.page_id = p.id)))
  WHERE ((s.is_active = true) AND (p.is_active = true));


ALTER VIEW public.v_specialty_pages OWNER TO postgres;

--
-- TOC entry 5328 (class 0 OID 17034)
-- Dependencies: 217
-- Data for Name: accreditations; Type: TABLE DATA; Schema: public; Owner: postgres
--

COPY public.accreditations (id, content_block_id, name, description, year_achieved, is_active, created_at, updated_at) FROM stdin;
1	17	NABH Accredited Hospital	National Accreditation Board for Hospitals & Healthcare Providers	2020	t	2025-09-11 06:15:38	2025-09-11 06:15:38
2	18	NABL Certified Laboratory	National Accreditation Board for Testing and Calibration Laboratories	2019	t	2025-09-11 06:15:38	2025-09-11 06:15:38
3	19	ISO 9001:2015 Certified	Quality Management System Certification	2021	t	2025-09-11 06:15:38	2025-09-11 06:15:38
4	20	JCI Accredited	Joint Commission International Accreditation	2022	t	2025-09-11 06:15:38	2025-09-11 06:15:38
\.


--
-- TOC entry 5330 (class 0 OID 17043)
-- Dependencies: 219
-- Data for Name: buttons; Type: TABLE DATA; Schema: public; Owner: postgres
--

COPY public.buttons (id, content_block_id, text, url, button_type, size, target, icon_class, custom_css, created_at, updated_at) FROM stdin;
\.


--
-- TOC entry 5332 (class 0 OID 17057)
-- Dependencies: 221
-- Data for Name: content_block_experts; Type: TABLE DATA; Schema: public; Owner: postgres
--

COPY public.content_block_experts (id, content_block_id, doctor_specialty_id) FROM stdin;
1	48	1
2	48	2
3	48	3
5	48	7
6	48	9
7	48	10
8	48	11
9	48	12
10	48	13
11	48	14
12	48	15
13	48	16
14	48	17
15	48	18
16	48	19
17	48	20
18	49	1
19	49	10
22	49	2
24	135	12
26	135	13
27	135	14
21	49	9
23	49	7
28	136	18
29	136	17
30	136	16
31	136	15
32	138	23
33	138	8
34	137	20
35	137	19
\.


--
-- TOC entry 5334 (class 0 OID 17061)
-- Dependencies: 223
-- Data for Name: content_block_media; Type: TABLE DATA; Schema: public; Owner: postgres
--

COPY public.content_block_media (id, content_block_id, media_file_id, media_type, display_order, created_at) FROM stdin;
3	3	477	background	2	2025-09-12 12:44:02
58	40	185	background	1	2025-09-18 10:14:17
4	3	478	background	3	2025-09-12 12:45:03
128	115	535	primary	1	2025-10-15 10:00:38.384169
132	122	536	primary	1	2025-10-15 10:43:17.743636
9	31	486	primary	1	2025-09-16 07:22:47
129	118	539	primary	1	2025-10-15 10:22:14.133309
130	119	540	primary	1	2025-10-15 10:23:29.559769
2	3	370	background	1	2025-09-12 12:41:18
96	43	493	primary	1	2025-09-25 06:34:20
97	24	406	primary	1	2025-09-25 06:38:42
55	4	373	primary	1	2025-09-18 08:46:30
72	10	374	icon	1	2025-09-24 11:07:33
60	11	375	icon	1	2025-09-24 10:37:21
65	12	376	icon	1	2025-09-24 10:48:05
74	13	377	icon	1	2025-09-24 11:08:19
76	32	378	icon	1	2025-09-24 11:39:04
44	33	379	icon	1	2025-09-17 11:47:16
8	15	381	primary	1	2025-09-15 10:21:09
77	16	382	icon	1	2025-09-24 12:21:13
78	17	383	icon	1	2025-09-24 13:08:45
80	18	384	icon	1	2025-09-25 05:22:56
115	99	494	primary	1	2025-10-14 09:20:12.809705
82	20	386	icon	1	2025-09-25 05:25:11
83	21	387	icon	1	2025-09-25 05:25:11
84	22	388	icon	1	2025-09-25 05:25:11
85	23	389	icon	1	2025-09-25 05:25:11
98	25	407	primary	2	2025-09-25 06:38:42
99	26	408	primary	3	2025-09-25 06:38:42
116	100	495	primary	2	2025-10-14 09:21:19.811112
117	101	496	primary	3	2025-10-14 09:22:34.415041
118	102	497	primary	4	2025-10-14 09:23:45.766849
119	103	498	primary	5	2025-10-14 09:25:03.330392
120	104	499	primary	6	2025-10-14 09:26:16.328425
81	19	429	icon	1	2025-09-25 05:25:11
121	105	500	primary	7	2025-10-14 09:27:46.672913
122	106	501	primary	1	2025-10-14 09:39:01.103602
123	107	502	primary	1	2025-10-14 09:42:15.639428
100	27	431	primary	4	2025-09-25 06:38:42
101	44	435	primary	5	2025-09-25 06:38:42
102	45	437	primary	6	2025-09-25 06:38:42
104	57	448	primary	1	2025-10-09 12:23:04.464336
105	61	449	primary	1	2025-10-10 04:44:22.640147
106	62	450	primary	1	2025-10-10 05:16:29.397946
107	63	451	primary	2	2025-10-10 05:32:07.699652
108	64	452	primary	3	2025-10-10 06:22:56.504358
109	65	453	primary	4	2025-10-10 06:24:01.54818
110	79	458	primary	1	2025-10-13 04:46:41.639573
111	80	459	primary	2	2025-10-13 04:48:33.651798
112	81	460	primary	3	2025-10-13 04:50:27.941069
113	82	461	primary	4	2025-10-13 04:51:59.246281
114	83	462	primary	5	2025-10-13 04:54:43.780385
125	38	527	primary	1	2025-10-14 10:05:59.541289
124	108	526	primary	1	2025-10-14 10:03:50.551286
133	59	528	primary	2	2025-10-15 12:15:49.528359
131	121	521	primary	1	2025-10-15 10:27:26.076635
126	109	522	primary	1	2025-10-14 10:29:21.771606
127	114	532	primary	1	2025-10-15 09:55:27.92169
134	146	569	primary	1	2025-10-15 09:55:27.92169
135	143	570	primary	1	2025-10-15 09:55:27.92169
7	14	403	primary	1	2025-09-15 10:20:28
167	134	603	background	3	2025-09-12 12:44:02
168	140	604	primary	3	2025-10-15 09:55:27.92169
\.


--
-- TOC entry 5336 (class 0 OID 17069)
-- Dependencies: 225
-- Data for Name: content_blocks; Type: TABLE DATA; Schema: public; Owner: postgres
--

COPY public.content_blocks (id, section_id, block_type, title, content, subtitle, description, display_order, is_active, alignment, width_percentage, custom_css, status, created_at, updated_at, field_tag) FROM stdin;
126	38	statistic	Our Focus Areas	\N	\N	\N	3	t	left	100	\N	t	2025-10-16 12:02:54.370568	2025-10-16 12:02:54.370568	\N
3	1	image	banner image	\N	\N	\N	3	t	left	60	\N	t	2025-09-11 04:12:42	2025-09-24 10:29:23	\N
4	1	video	Small Banner	\N	\N	\N	4	t	center	16	\N	t	2025-09-11 06:11:50	2025-09-12 12:36:25	\N
10	2	button	Book OPD Appointments (9 am - 5 pm)	https://msrmh.com/appointment/booking.php	\N	\N	1	t	center	25	\N	t	2025-09-11 06:12:13	2025-09-25 11:06:02	\N
11	2	button	Book Prime Clinic Appointments (5 pm - 8 pm)	https://msrmh.com/appointment/booking.php	\N	\N	2	t	center	25	\N	t	2025-09-11 06:12:13	2025-09-24 11:32:25	\N
12	2	button	Book Video Consultation	https://msrmh.com/appointment/booking.php	\N	\N	3	t	center	25	\N	t	2025-09-11 06:12:13	2025-09-25 11:09:00	\N
13	2	button	Book Radiology Tests	/treatments	\N	\N	4	t	center	25	\N	t	2025-09-11 06:12:13	2025-09-15 09:32:13	\N
15	3	text	Patient Speak	Video testimonial from our patients	\N	\N	2	t	right	50	\N	t	2025-09-11 06:12:30	2025-09-11 06:12:30	\N
16	4	statistic	550+	550+	\N	\N	2	t	center	12	\N	t	2025-09-11 06:12:52	2025-09-26 05:05:19	\N
17	4	statistic	110+	110+	\N	\N	3	t	center	12	\N	t	2025-09-11 06:12:52	2025-09-25 12:16:40	\N
18	4	statistic	300+	300+	\N	\N	4	t	center	12	\N	t	2025-09-11 06:12:52	2025-09-25 05:22:56	\N
19	4	statistic	600+	600+	\N	\N	5	t	center	12	\N	t	2025-09-11 06:12:52	2025-09-25 05:25:11	\N
20	4	statistic	2.5M	2.5M	\N	\N	6	t	center	12	\N	t	2025-09-11 06:12:52	2025-09-25 05:25:11	\N
21	4	statistic	1.5M	1.5M	\N	\N	7	t	center	12	\N	t	2025-09-11 06:12:52	2025-09-25 05:25:11	\N
22	4	statistic	6	6	\N	\N	8	t	center	12	\N	t	2025-09-11 06:12:52	2025-09-25 05:25:11	\N
23	4	statistic	30+	30+	\N	\N	9	t	center	12	\N	t	2025-09-11 06:12:52	2025-09-25 05:25:11	\N
24	5	image	joint commission internationals	joint commission internationals	\N	\N	2	t	center	25	\N	t	2025-09-11 06:13:22	2025-09-25 05:40:24	\N
25	5	image	NABL Certifieds	NABL Certifieds	\N	\N	3	t	center	25	\N	t	2025-09-11 06:13:22	2025-09-25 05:40:28	\N
26	5	image	ISO Certified	ISO Certified	\N	\N	4	t	center	25	\N	t	2025-09-11 06:13:22	2025-09-25 05:40:31	\N
27	5	image	JCI Accredited	JCI Accredited	\N	\N	5	t	center	25	\N	t	2025-09-11 06:13:22	2025-09-25 05:40:35	\N
31	7	image	\N	\N	\N	\N	3	t	right	50	\N	t	2025-09-11 06:13:50	2025-09-25 06:39:20	\N
32	2	text	Book Home Sample Collection	/book_home_sample_collection	\N	\N	5	t	left	100	\N	t	2025-09-15 09:42:22	2025-09-15 09:42:22	\N
33	2	text	Book Health Check	/book_home_physiotherapy	\N	\N	6	t	left	100	\N	t	2025-09-15 09:45:28	2025-09-17 12:45:24	\N
40	20	text	Overview	\N	\N	\N	1	t	left	100	\N	t	2025-09-18 10:14:17	2025-10-27 13:17:44.859992	\N
46	21	text	Our Specialitiess	\N	\N	\N	1	t	left	100	\N	t	2025-09-22 05:33:18	2025-10-28 05:47:35.938046	\N
45	5	image	JCI	JCI	\N	\N	7	t	left	100	\N	t	2025-09-19 09:59:04	2025-09-25 05:40:41	\N
48	23	text	Our Experts	\N	\N	\N	1	t	left	100	\N	t	2025-09-22 12:07:01	2025-09-22 12:07:01	\N
49	27	text	Our Experts	\N	\N	\N	4	t	left	100	\N	t	2025-09-23 11:53:30	2025-09-23 11:53:30	\N
44	5	image	JCI	JCI	\N	\N	6	t	left	100	\N	t	2025-09-19 09:58:31	2025-10-08 06:41:17.249416	\N
65	30	image	World-class Quality of Care	\N	\N	\N	4	t	left	100	\N	t	2025-10-10 06:24:00.703123	2025-10-10 06:26:16.487568	\N
41	6	text	<p><span style="color: rgb(214, 15, 140);">Our 20+ Years</span> of Legacy &amp; Clinical Excellences</p>	<p><span style="color: rgb(214, 15, 140);">Our 20+ Years</span> of Legacy &amp; Clinical Excellences</p>	\N	\N	1	t	left	100	\N	t	2025-09-18 10:55:20	2025-10-27 11:30:24.010461	\N
56	28	text	International Patients	\N	\N	\N	1	t	left	100	\N	t	2025-10-09 11:38:50.749417	2025-10-09 11:38:50.749417	\N
47	22	text	Services & Facilitiess	\N	\N	\N	1	t	left	100	\N	t	2025-09-22 10:27:17	2025-10-28 05:48:42.701446	\N
61	29	image	\N	\N	\N	\N	2	t	left	100	\N	t	2025-10-10 04:44:21.795153	2025-10-10 04:44:21.795153	\N
63	30	image	Qualified Doctors	\N	\N	\N	2	t	left	100	\N	t	2025-10-10 05:32:06.810197	2025-10-10 05:32:06.810197	\N
68	31	text	Dedicated relationship manager	\N	\N	\N	3	t	left	100	\N	t	2025-10-10 06:32:55.112994	2025-10-10 06:32:55.112994	\N
70	31	text	Complimentary airport pickup and drop services	\N	\N	\N	5	t	left	100	\N	t	2025-10-10 06:33:28.85123	2025-10-10 06:33:28.85123	\N
74	31	text	In house forex services / travel assistance	\N	\N	\N	9	t	left	100	\N	t	2025-10-10 06:34:44.900195	2025-10-10 06:34:44.900195	\N
81	32	image	Visa Services	\N	\N	\N	4	t	left	100	\N	t	2025-10-13 04:50:26.874322	2025-10-13 04:50:26.874322	\N
43	6	video	\N	\N	\N	\N	3	t	left	100	\N	t	2025-09-18 13:45:39	2025-10-14 05:10:08.578078	\N
52	7	text	Our Journey	\N	\N	\N	1	t	left	100	\N	t	2025-09-25 06:37:08	2025-10-16 08:44:08.048959	\N
117	36	text	Surgical Oncology	\N	\N	\N	1	t	left	100	\N	t	2025-10-15 10:21:05.788324	2025-10-27 11:46:49.671647	\N
37	19	text	Ramaiah Institute of Oncosciences	\N	\N	\N	1	t	left	100	\N	t	2025-09-18 09:45:10	2025-10-16 09:07:19.269032	\N
2	1	text	Hero Subtitle	#LifeGetsBetter	\N	\N	2	t	left	60	\N	t	2025-09-11 04:12:42	2025-10-16 07:33:39.492595	\N
102	33	image	Sightseeing In And Around Bengaluru	\N	\N	\N	4	t	left	100	\N	t	2025-10-14 09:23:44.835445	2025-10-14 09:23:44.835445	\N
38	19	image	\N	\N	\N	\N	2	t	left	100	\N	t	2025-09-18 09:53:15	2025-10-15 06:34:00.642565	\N
14	3	text	Doctor Speaks	Video testimonial from our medical professionals	\N	\N	1	t	left	50	\N	t	2025-09-11 06:12:30	2025-10-31 05:24:51.232706	\N
108	19	custom	\N	\N	\N	\N	3	t	left	100	\N	t	2025-10-14 10:03:49.676756	2025-10-15 06:38:20.848387	\N
51	5	text	Our Accreditations & Certifications	Our Accreditations & Certifications	\N	\N	1	t	left	100	\N	t	2025-09-25 05:39:02	2025-10-16 08:43:19.498573	\N
50	4	text	Our Story	Our Story	\N	\N	1	t	left	100	\N	t	2025-09-24 12:24:51	2025-10-16 08:43:38.805425	\N
57	28	image	\N	\N	\N	\N	2	t	left	100	\N	t	2025-10-09 11:41:38.0606	2025-10-09 11:41:38.0606	\N
127	62	text	Test Content Block	This is test content	Test Subtitle	Test Description	1	t	center	100	\N	t	2025-10-24 11:34:22.723096	2025-10-24 11:34:22.723096	\N
144	46	text	\N	<p>The Department of Medical Oncology functions under the Ramaiah Institute of Oncosciences and is a super specialty in cancer care that deals with adult and pediatric solid tumors and hematological malignancies. Typically, Medical Oncology is the primary mode of treatment for cancers involving blood and lymphatic organs and a majority of childhood cancers.</p>\n<p><br></p>\n<p>The Department is adept in providing services in Chemotherapy, Pediatric Oncology, Haemato-Oncology, benign hematology, Bone Marrow Transplantation, CAR-T Cell Therapy, Immunotherapy, Hormonal Therapy, and Targeted Therapy to treat cancer efficiently and effectively with highly credible expertise to ensure the best possible clinical outcome.</p>\n<p><br></p>\n<p>Medical Oncology also provides services through its bone marrow transplant unit, which specializes in all kinds of BMTs, including autologous (own stem cells) transplants, unrelated donor transplants (allogeneic BMT), kin-related or matched transplants, and partially matched transplants (haplo-identical BMT).</p>\n<p><br></p>\n<p>Chimeric antigen receptor (CAR) T-cell Therapy is used by Medical / Hemato-Oncologists to treat certain types of blood cancers. It is a type of Immunotherapy wherein the T-lymphocytes or T-cells are turned into efficient modes of cancer fighters for the body. In this therapy, Hemato-Oncologists introduce a new type of gene into the T-cells to change and help the cells detect and kill the cancerous cells.</p>	\N	\N	2	t	left	100	\N	t	2025-10-15 10:45:18.952191	2025-10-30 11:33:18.583598	\N
62	30	image	33 Specialties	\N	\N	\N	1	t	left	100	\N	t	2025-10-10 05:16:28.495975	2025-10-10 05:20:24.843197	\N
64	30	image	Latest Technology	\N	\N	\N	3	t	left	100	\N	t	2025-10-10 06:22:55.67569	2025-10-10 06:22:55.67569	\N
67	31	text	Medical Queries addressed within 24 hours	\N	\N	\N	2	t	left	100	\N	t	2025-10-10 06:32:26.043893	2025-10-10 06:32:26.043893	\N
69	31	text	Visa assistance	\N	\N	\N	4	t	left	100	\N	t	2025-10-10 06:33:15.236029	2025-10-10 06:33:15.236029	\N
73	31	text	In house 24/7 translation services	\N	\N	\N	8	t	left	100	\N	t	2025-10-10 06:34:29.054301	2025-10-10 06:34:29.054301	\N
75	31	text	Availability of international TV channels	\N	\N	\N	10	t	left	100	\N	t	2025-10-10 06:34:58.259711	2025-10-10 06:34:58.259711	\N
83	32	image	Airport Pick Up & Drop	\N	\N	\N	6	t	left	100	\N	t	2025-10-13 04:54:42.966073	2025-10-13 04:54:42.966073	\N
105	33	image	Travel Arrangements For The Journey Back Home	\N	\N	\N	7	t	left	100	\N	t	2025-10-14 09:27:45.78471	2025-10-14 09:27:45.78471	\N
109	20	image	\N	\N	\N	\N	3	t	left	100	\N	t	2025-10-14 10:29:20.577628	2025-10-14 10:29:20.577628	\N
118	36	image	\N	\N	\N	\N	2	t	left	100	\N	t	2025-10-15 10:22:13.247492	2025-10-15 10:22:13.247492	\N
59	28	custom	\N	\N	\N	\N	3	t	left	100	\N	t	2025-10-09 11:51:18.864594	2025-10-15 12:10:30.08992	\N
1	1	text	Hero Headline	Our Decades Of Legacy & Clinical Excellence Has   <span  style={{       background: "linear-gradient(267deg, #00ADEF -49.54%, #D60F8C 110.23%)",       WebkitBackgroundClip: "text",       WebkitTextFillColor: "transparent",       backgroundClip: "text",       color: "transparent",     }}   >  Touched Millions Of Lives   </span>  To Ensure	\N	\N	1	t	left	60	\N	t	2025-09-11 04:12:42	2025-10-16 07:31:25.896656	\N
76	31	text	Priority to international patient in OPD and diagnostics	\N	\N	\N	11	t	left	100	\N	t	2025-10-10 06:35:14.411942	2025-10-10 06:35:14.411942	\N
77	31	text	Spacious & well appointed Executive / Deluxe rooms / Suites for International guests.	\N	\N	\N	12	t	left	100	\N	t	2025-10-10 06:35:26.755796	2025-10-10 06:35:26.755796	\N
78	32	text	Pre-Departure Services	\N	\N	\N	1	t	left	100	\N	t	2025-10-13 04:39:45.373623	2025-10-13 04:39:45.373623	\N
60	29	text	\N	Ramaiah Memorial Hospitalis renowned for its world class patient centric care and continues to be a favourite with international patients and their care providers. Over the past decade, we have successfully provided best in class specialized care and treatment to international patients from over 30 countries. Building on our good work, we have dedicated ourselves to offer the best-in-class, affordable patient centric care by investing in latest technologies, equipment and learning (through our dedicated medical college). We are committed to creating a disease free world, where people can enjoy life, living to their fullest potential.	\N	\N	1	t	left	100	\N	t	2025-10-10 04:42:26.416232	2025-10-10 04:42:26.416232	\N
66	31	text	Providing one to one Tele-consultation / Video Consultation with Treating Doctor	\N	\N	\N	1	t	left	100	\N	t	2025-10-10 06:31:37.025468	2025-10-10 06:31:37.025468	\N
71	31	text	Assistance in choice of accommodation in the vicinity of the hospital	\N	\N	\N	6	t	left	100	\N	t	2025-10-10 06:33:49.028342	2025-10-10 06:33:49.028342	\N
72	31	text	Dedicated person for FRRO registration / visa extension process through our dedicated Help-Desk.	\N	\N	\N	7	t	left	100	\N	t	2025-10-10 06:34:08.217939	2025-10-10 06:34:08.217939	\N
99	33	image	Visa Services	\N	\N	\N	1	t	left	100	\N	t	2025-10-14 09:20:11.883167	2025-10-14 09:20:11.883167	\N
106	34	text	Mr. Anoop Kumar	Deputy General Manager	\N	\N	1	t	left	100	\N	t	2025-10-14 09:39:00.28183	2025-10-14 09:39:00.28183	\N
119	36	custom	\N	\N	\N	\N	3	t	left	100	\N	t	2025-10-15 10:23:28.660686	2025-10-15 10:23:28.660686	\N
112	24	text	Medical Oncology	\N	\N	\N	1	t	left	100	\N	t	2025-10-15 09:49:29.901779	2025-10-28 04:43:13.099778	\N
30	7	text	\N	<p>We are always indebted to Our Founder DR. M S Ramaiah, a visionary who built Institutions that redefined learning. It was his dream to impart Technical and Medical education to all, that made him establish two prestigious institutions, M S Ramaiah Institute of Technology (1962) and Ramaiah Medical College (1979). These are presently considered major hubs for education in the country. </p><p><br></p><p>He believed that investment in education was the way forward for the development &amp; progress of the nation. His thoughts &amp; spirit have been the driving force for the Ramaiah Group of Institutions to uphold his values and spiritual thoughts for the future.</p><p><br></p><h2>Dr.M S Ramaiah said <strong style="color: rgb(48, 95, 194);">What we have done for ourselves alone, dies with us. What we have done for others and the world remains, and is immortal.</strong></h2><h2><br></h2><p>His vision was to build numerous educational institutions which paved the way for us in building the nation. Today under the umbrella of the Ramaiah Group there are more than 30 educational institutions. One of his dream projects was to establish a hospital that delivered high-quality healthcare to all sections of society at an affordable cost in the most ethical way. In 2004, this dream transformed to the establishment of Ramaiah Memorial Hospital.</p>	\N	\N	2	t	left	50	\N	t	2025-09-11 06:13:50	2025-10-27 12:07:53.246022	\N
128	39	facility	\N	\N	\N	\N	1	t	left	100	\N	t	2025-10-15 10:16:28.129511	2025-10-15 10:16:28.129511	\N
80	32	image	Facilitating Travel Arrangements	\N	\N	\N	3	t	left	100	\N	t	2025-10-13 04:48:32.730437	2025-10-13 04:48:32.730437	\N
101	33	image	Pickup And Drop At International Airport	\N	\N	\N	3	t	left	100	\N	t	2025-10-14 09:22:33.496748	2025-10-14 09:22:33.496748	\N
107	34	text	Mr. Anil	Head: International Marketing	\N	\N	2	t	left	100	\N	t	2025-10-14 09:42:14.813896	2025-10-14 09:42:14.813896	\N
129	43	facility	\N	\N	\N	\N	1	t	left	100	\N	t	2025-10-15 10:16:28.129511	2025-10-15 10:16:28.129511	\N
130	47	facility	\N	\N	\N	\N	1	t	left	100	\N	t	2025-10-15 10:16:28.129511	2025-10-15 10:16:28.129511	\N
114	25	image	\N	\N	\N	\N	3	t	left	100	\N	t	2025-10-15 09:55:27.112752	2025-10-15 10:46:35.908272	\N
121	37	image	\N	\N	\N	\N	3	t	left	100	\N	t	2025-10-15 10:27:25.25285	2025-10-15 11:56:19.668623	\N
131	51	facility	\N	\N	\N	\N	1	t	left	100	\N	t	2025-10-15 10:16:28.129511	2025-10-15 10:16:28.129511	\N
79	32	image	Pre Departure Evaluation Tele / Video consultation	\N	\N	\N	2	t	left	100	\N	t	2025-10-13 04:46:40.78446	2025-10-13 04:46:40.78446	\N
82	32	image	Hotel Booking (Budget, Deluxe and Luxury Hotels)	\N	\N	\N	5	t	left	100	\N	t	2025-10-13 04:51:58.242792	2025-10-13 04:51:58.242792	\N
115	24	image	\N	\N	\N	\N	3	t	left	100	\N	t	2025-10-15 10:00:37.565147	2025-10-15 10:00:37.565147	\N
122	24	custom	\N	\N	\N	\N	3	t	left	100	\N	t	2025-10-15 10:43:16.808045	2025-10-15 10:43:16.808045	\N
42	6	custom	\N	<p>Ramaiah Memorial Hospital is a multi-superspecialty quaternary care hospital, located in Bengaluru, Karnataka, India.</p><p><br></p><p>The state-of-the-art, 500+ bed corporate hospital is equipped with all the modern facilities, including cutting-edge medical technologies, Modular Operation Theatres, Advanced ICUs, Spacious ward rooms, etc. which all come together to offer comprehensive medical services in more than 30 specialties.</p>	\N	\N	2	t	left	100	\N	t	2025-09-18 13:45:03	2025-10-27 12:55:21.475719	\N
132	41	text	Radiation Oncology	\N	\N	\N	1	t	left	100	\N	t	2025-10-15 10:21:05.788324	2025-10-27 11:46:49.671647	\N
133	41	image	\N	\N	\N	\N	2	t	left	100	\N	t	2025-10-15 10:22:13.247492	2025-10-15 10:22:13.247492	\N
134	41	custom	\N	\N	\N	\N	3	t	left	100	\N	t	2025-10-15 10:23:28.660686	2025-10-15 10:23:28.660686	\N
100	33	image	Hotel Booking (Budget, Deluxe And Luxury Hotels)	\N	\N	\N	2	t	left	100	\N	t	2025-10-14 09:21:18.928386	2025-10-14 09:21:18.928386	\N
103	33	image	Post Discharge Stay In A Choice Of Hotels / Guest Houses	\N	\N	\N	5	t	left	100	\N	t	2025-10-14 09:25:02.37734	2025-10-14 09:25:02.37734	\N
104	33	image	Travel And Stay Across Any Tourist Location In India	\N	\N	\N	6	t	left	100	\N	t	2025-10-14 09:26:15.388876	2025-10-14 09:26:15.388876	\N
135	40	text	Our Experts	\N	\N	\N	4	t	left	100	\N	t	2025-09-23 11:53:30	2025-09-23 11:53:30	\N
136	44	text	Our Experts	\N	\N	\N	4	t	left	100	\N	t	2025-09-23 11:53:30	2025-09-23 11:53:30	\N
111	35	image	Ramaiah Memorial Hospital, Bengaluru	Has touched more than a million lives	\N	\N	1	t	left	100	\N	t	2025-10-15 04:01:54.869589	2025-10-15 04:01:54.869589	\N
137	52	text	Our Experts	\N	\N	\N	4	t	left	100	\N	t	2025-09-23 11:53:30	2025-09-23 11:53:30	\N
116	26	facility	\N	\N	\N	\N	1	t	left	100	\N	t	2025-10-15 10:16:28.129511	2025-10-15 10:16:28.129511	\N
138	48	text	Our Experts	\N	\N	\N	4	t	left	100	\N	t	2025-09-23 11:53:30	2025-09-23 11:53:30	\N
147	50	text	\N	<p>Nuclear Medicine Therapy is an alternative approach used by Oncologists to treat cancers with or after other treatment options like chemotherapy or surgery. It involves using radioactive drugs that help destroy cancer cells. Nuclear Medicine Therapy is considered a treatment option for prostate cancer, thyroid cancer, neuroendocrine tumors, meningiomas, and lymphoma.</p>\n<p><br></p>\n<p>At Ramalah Institute of Oncosciences' Nuclear Medicine Department, we have cutting-edge and technologically advanced GAMMA Camera and PET-CT Scan facilities.</p>	\N	\N	2	t	left	100	\N	t	2025-10-15 10:45:18.952191	2025-10-30 11:33:18.583598	\N
113	25	text	Overview	\N	\N	\N	1	t	left	100	\N	t	2025-10-15 09:53:29.894383	2025-10-27 11:50:12.792637	\N
139	42	text	Overview	\N	\N	\N	1	t	left	100	\N	t	2025-10-15 09:53:29.894383	2025-10-27 11:50:12.792637	\N
140	42	image	\N	\N	\N	\N	3	t	left	100	\N	t	2025-10-15 09:55:27.112752	2025-10-15 10:46:35.908272	\N
142	46	text	Overview	\N	\N	\N	1	t	left	100	\N	t	2025-10-15 09:53:29.894383	2025-10-27 11:50:12.792637	\N
143	46	image	\N	\N	\N	\N	3	t	left	100	\N	t	2025-10-15 09:55:27.112752	2025-10-15 10:46:35.908272	\N
145	50	text	Overview	\N	\N	\N	1	t	left	100	\N	t	2025-10-15 09:53:29.894383	2025-10-27 11:50:12.792637	\N
146	50	image	\N	\N	\N	\N	3	t	left	100	\N	t	2025-10-15 09:55:27.112752	2025-10-15 10:46:35.908272	\N
120	37	text	Overview	\N	\N	\N	1	t	left	100	\N	t	2025-10-15 10:25:47.647553	2025-10-27 11:46:52.513956	\N
124	37	text	\N	<p>The Department of Surgical Oncology under the Ramaiah Institute of Oncosciences at the Ramaiah Memorial Hospital focuses on utilizing surgical solutions to diagnose, stage, treat, and manage certain cancers.</p><p><br></p><p>The right candidate for cancer surgery is dependent on the type, size, grade, stage, and location of the tumor, along with factors such as comorbidities, age of the patient, and physical fitness. The team works with a multi-disciplinary team of physicians and clinicians to combine surgery and other required therapeutic procedures as part of a patients comprehensive cancer treatment plan.</p><p><br></p><p>The commonly treated cancer types using surgical oncology include Bone Cancer, Brain Cancer, Breast Cancer, Colorectal Cancer, Neuroendocrine Cancer, Gall Bladder Cancer, Gastric or Stomach Cancer, Gynecologic Cancer, Head and neck Cancer, Kidney Cancer, Liver Cancer, Lung Cancer, Melanomas and skin Cancer, Pancreatic Cancer, Prostate Cancer, Sarcomas, Spinal Cancer, and Thyroid Cancer.</p>	\N	\N	2	t	left	100	\N	t	2025-10-15 11:56:19.668623	2025-10-27 11:46:52.663991	\N
39	20	text	\N	<p>The Ramaiah Institute of Oncosciences, a Centers of Excellence at Ramaiah Memorial Hospital, is a state-of-the-art, ultramodern facility that prides itself in providing a most Comprehensive Cancer Care under one roof where a renowned team of expert clinicians comprising of medical oncologists, surgical oncologists, radiation oncologists, haemato-oncologists and nuclear medicine experts comes together to ensure complete cancer care from preventive to diagnostic, to therapeutic, to palliative and to rehabilitative perspective for all our patients.</p><p><br></p><p>The team of expert clinicians at the Ramaiah Institute of Oncosciences works towards preventing, diagnosing, and treating cancer by offering the most advanced and evidence-based treatment protocols and customized multi-modality therapies backed by advanced, cutting-edge medical technologies and world-class infrastructure. It merges the vital aspects of quality-of-life-oriented patient care goals through palliation, life prolongation, and cure by understanding cancer development, diagnosis, treatment, and prevention, thereby enabling the most appropriate conditions to fight and defeat cancers of all kinds.</p><p><br></p><p>Our oncologists coordinate a world-class multidisciplinary approach to take care of cancer patients by involving clinical genetics, psychology evaluation, and counseling along with a multi-pronged approach including modalities such as surgery, chemotherapy, immunotherapy, radiation therapy, nuclear medicine, palliative medicine, and rehabilitative medicine, thereby truly encompassing a most comprehensive cancer care practice to ensure the best possible clinical outcomes.</p><p><br></p><p>In collaboration with the University of Illinois, the Ramaiah Institute of Oncosciences has created a state-of-the-art Stem Cell and cellular Therapy unit at the Ramaiah Memorial Hospital, featuring the latest technology-driven aphesis machines, advanced lab equipment, a dedicated hematopathologist, and HEPA-filtered treatment rooms.</p>	\N	\N	2	t	left	100	\N	t	2025-09-18 10:12:35	2025-10-27 13:17:45.253694	\N
123	25	text	\N	<p>The Department of Medical Oncology functions under the Ramaiah Institute of Oncosciences and is a super specialty in cancer care that deals with adult and pediatric solid tumors and hematological malignancies. Typically, Medical Oncology is the primary mode of treatment for cancers involving blood and lymphatic organs and a majority of childhood cancers.</p><p><br></p><p>The Department is adept in providing services in Chemotherapy, Pediatric Oncology, Haemato-Oncology, benign hematology, Bone Marrow Transplantation, CAR-T Cell Therapy, Immunotherapy, Hormonal Therapy, and Targeted Therapy to treat cancer efficiently and effectively with highly credible expertise to ensure the best possible clinical outcome.</p><p><br></p><p>Medical Oncology also provides services through its bone marrow transplant unit, which specializes in all kinds of BMTs, including autologous (own stem cells) transplants, unrelated donor transplants (allogeneic BMT), kin-related or matched transplants, and partially matched transplants (haplo-identical BMT).</p><p><br></p><p>Chimeric antigen receptor (CAR) T-cell Therapy is used by Medical / Hemato-Oncologists to treat certain types of blood cancers.It is a type of Immunotherapy wherein the T-lymphocytes or T-cells are turned into efficient modes of cancer fighters for the body. In this therapy, Hemato-Oncologists introduce a new type of gene into the T-cells to change and help the cells detect and kill the cancerous cells</p>	\N	\N	2	t	left	100	\N	t	2025-10-15 10:45:18.952191	2025-10-28 04:43:10.508171	\N
125	38	statistic	Our Focus Areas	\N	\N	\N	3	t	left	100	\N	t	2025-10-15 12:01:14.358955	2025-10-28 05:46:47.515349	\N
141	42	text	\N	<p>The Department of Radiation Oncology under the Ramaiah Institute of Oncosciences aims to provide high-quality radiation therapy for our patients' comprehensive cancer care. Our doctors have specialized training in performing radiation treatment for people with cancer and those with certain non-cancerous (benign) conditions. </p><br><p>We follow an evidence-based approach and use state-of-the-art high-end equipment, such as TrueBeam LINAC teletherapy machine, Brachytherapy, and Intraoperative Radiation Therapy (IORT) machines, to deliver our treatment. This specialized expertise and a multidisciplinary tumor board decision ensure precision treatment and enhanced clinical outcomes.</p><br><p>Intra-operative radiotherapy (IORT) at Ramaiah Institute of Oncosciences is one of the first in Asia, with the first patient being treated in 2024. This technology's special and unique feature involves delivering large doses of ionizing radiation to the tumor/tumor bed. In contrast, the tumor site is still exposed during surgery. The significant </p>	\N	\N	2	t	left	100	\N	t	2025-10-15 10:45:18.952191	2025-11-06 10:39:14.324676	\N
150	45	text	Hemato-Oncology & Bone Marrow Transplantations	\N	\N	\N	1	t	left	100	\N	t	2025-10-15 10:21:05.788324	2025-10-27 11:46:49.671647	\N
151	45	image	\N	\N	\N	\N	2	t	left	100	\N	t	2025-10-15 10:22:13.247492	2025-10-15 10:22:13.247492	\N
152	45	custom	\N	\N	\N	\N	3	t	left	100	\N	t	2025-10-15 10:23:28.660686	2025-10-15 10:23:28.660686	\N
153	49	text	Nuclear Medicine Therapy	\N	\N	\N	1	t	left	100	\N	t	2025-10-15 10:21:05.788324	2025-10-27 11:46:49.671647	\N
154	49	image	\N	\N	\N	\N	2	t	left	100	\N	t	2025-10-15 10:22:13.247492	2025-10-15 10:22:13.247492	\N
155	49	custom	\N	\N	\N	\N	3	t	left	100	\N	t	2025-10-15 10:23:28.660686	2025-10-15 10:23:28.660686	\N
\.


--
-- TOC entry 5338 (class 0 OID 17084)
-- Dependencies: 227
-- Data for Name: content_history; Type: TABLE DATA; Schema: public; Owner: postgres
--

COPY public.content_history (id, table_name, record_id, action, old_values, new_values, changed_by, changed_at) FROM stdin;
1	content_blocks	1	update	{"title": "Hero Headline", "content": "Our Decades Of Legacy & Clinical Excellence Has Touched <span style=\\"color: #007BFF;\\">Millions Of Lives</span> To Ensure <span style=\\"color: #6F42C1;\\">#LifeGetsBetter</span>", "is_active": true}	{"title": "Hero Headline1", "content": "Our Decades Of Legacy & Clinical Excellence Has Touched <span style=\\"color: #007BFF;\\">Millions Of Lives</span> To Ensure <span style=\\"color: #6F42C1;\\">#LifeGetsBetter</span>", "is_active": true}	\N	2025-09-11 05:10:28
2	content_blocks	1	update	{"title": "Hero Headline1", "content": "Our Decades Of Legacy & Clinical Excellence Has Touched <span style=\\"color: #007BFF;\\">Millions Of Lives</span> To Ensure <span style=\\"color: #6F42C1;\\">#LifeGetsBetter</span>", "is_active": true}	{"title": "Hero Headline", "content": "Our Decades Of Legacy & Clinical Excellence Has Touched <span style=\\"color: #007BFF;\\">Millions Of Lives</span> To Ensure <span style=\\"color: #6F42C1;\\">#LifeGetsBetter</span>", "is_active": true}	\N	2025-09-11 05:10:41
3	content_blocks	1	update	{"title": "Hero Headline", "content": "Our Decades Of Legacy & Clinical Excellence Has Touched <span style=\\"color: #007BFF;\\">Millions Of Lives</span> To Ensure <span style=\\"color: #6F42C1;\\">#LifeGetsBetter</span>", "is_active": true}	{"title": "Hero Headline1", "content": "Our Decades Of Legacy & Clinical Excellence Has Touched <span style=\\"color: #007BFF;\\">Millions Of Lives</span> To Ensure <span style=\\"color: #6F42C1;\\">#LifeGetsBetter</span>", "is_active": true}	\N	2025-09-12 07:10:21
4	content_blocks	1	update	{"title": "Hero Headline1", "content": "Our Decades Of Legacy & Clinical Excellence Has Touched <span style=\\"color: #007BFF;\\">Millions Of Lives</span> To Ensure <span style=\\"color: #6F42C1;\\">#LifeGetsBetter</span>", "is_active": true}	{"title": "Hero Headline", "content": "Our Decades Of Legacy & Clinical Excellence Has Touched <span style=\\"color: #007BFF;\\">Millions Of Lives</span> To Ensure <span style=\\"color: #6F42C1;\\">#LifeGetsBetter</span>", "is_active": true}	\N	2025-09-12 07:10:39
5	content_blocks	2	update	{"title": "Hero Subtitle", "content": "Leading Healthcare Excellence Since 1990", "is_active": true}	{"title": "Hero Subtitle", "content": "#LifeGetsBetter", "is_active": true}	\N	2025-09-12 11:10:26
6	content_blocks	3	update	{"title": "Hero Description", "content": "Experience world-class healthcare with cutting-edge technology and compassionate care", "is_active": true}	{"title": "Banner Images", "content": "Experience world-class healthcare with cutting-edge technology and compassionate care", "is_active": true}	\N	2025-09-12 12:33:45
7	content_blocks	4	update	{"title": "24/7 Emergency", "content": "fas fa-ambulance", "is_active": true}	{"title": "Small Banner", "content": "fas fa-ambulance", "is_active": true}	\N	2025-09-12 12:34:09
8	content_blocks	4	update	{"title": "Small Banner", "content": "fas fa-ambulance", "is_active": true}	{"title": "Small Banner", "content": "fas fa-ambulance", "is_active": true}	\N	2025-09-12 12:34:34
9	content_blocks	3	update	{"title": "Banner Images", "content": "Experience world-class healthcare with cutting-edge technology and compassionate care", "is_active": true}	{"title": "Banner Images", "content": "Experience world-class healthcare with cutting-edge technology and compassionate care", "is_active": true}	\N	2025-09-12 12:34:41
10	content_blocks	3	update	{"title": "Banner Images", "content": "Experience world-class healthcare with cutting-edge technology and compassionate care", "is_active": true}	{"title": "Banner Images", "content": "Banner images", "is_active": true}	\N	2025-09-12 12:35:32
11	content_blocks	4	update	{"title": "Small Banner", "content": "fas fa-ambulance", "is_active": true}	{"title": "Small Banner", "content": "Small Banner", "is_active": true}	\N	2025-09-12 12:35:42
12	content_blocks	4	update	{"title": "Small Banner", "content": "Small Banner", "is_active": true}	{"title": "Small Banner", "content": "", "is_active": true}	\N	2025-09-12 12:35:58
13	content_blocks	3	update	{"title": "Banner Images", "content": "Banner images", "is_active": true}	{"title": "Banner Images", "content": "", "is_active": true}	\N	2025-09-12 12:36:04
14	content_blocks	3	update	{"title": "Banner Images", "content": "", "is_active": true}	{"title": "Banner Images", "content": null, "is_active": true}	\N	2025-09-12 12:36:21
15	content_blocks	4	update	{"title": "Small Banner", "content": "", "is_active": true}	{"title": "Small Banner", "content": null, "is_active": true}	\N	2025-09-12 12:36:25
16	content_blocks	10	update	{"title": "Book an Appointment", "content": "/book-appointment", "is_active": true}	{"title": "Book OPD Appointments (9 am - 5 pm)", "content": "/book-appointment", "is_active": true}	\N	2025-09-15 09:27:32
17	content_blocks	11	update	{"title": "Find a Doctor", "content": "/find-doctor", "is_active": true}	{"title": "Book Prime Clinic Appointments (5 pm - 8 pm)", "content": "/find-doctor", "is_active": true}	\N	2025-09-15 09:31:18
18	content_blocks	12	update	{"title": "View Our Specialties", "content": "/specialties", "is_active": true}	{"title": "Book Video Consultation", "content": "/specialties", "is_active": true}	\N	2025-09-15 09:31:44
19	content_blocks	13	update	{"title": "View Our Treatments", "content": "/treatments", "is_active": true}	{"title": "Book Radiology Tests", "content": "/treatments", "is_active": true}	\N	2025-09-15 09:32:13
20	content_blocks	30	update	{"title": "Journey Description", "content": "Our journey began with a simple vision: to provide world-class healthcare accessible to all. Today, we stand as a testament to that vision, having touched millions of lives through our comprehensive healthcare services.", "is_active": true}	{"title": "Journey Description", "content": "We are always indebted to Our Founder DR. M S Ramaiah, a visionary who built Institutions that redefined learning. It was his dream to impart Technical and Medical education to all, that made him establish two prestigious institutions, M S Ramaiah Institute of Technology (1962) and Ramaiah Medical College (1979). These are presently considered major hubs for education in the country. He believed that investment in education was the way forward for the development & progress of the nation. His thoughts & spirit have been the driving force for the Ramaiah Group of Institutions to uphold his values and spiritual thoughts for the future. Dr.M S Ramaiah said What we have done for ourselves alone, dies with us. What we have done for others and the world remains, and is immortal.His vision was to build numerous educational institutions which paved the way for us in building the nation. Today under the umbrella of the Ramaiah Group there are more than 30              educational institutions. One of his dream projects was to establish a hospital that delivered high-quality healthcare to all sections of society at an affordable cost in the most ethical way. In 2004, this dream transformed to the establishment of Ramaiah Memorial Hospital.", "is_active": true}	\N	2025-09-16 07:18:58
39	content_blocks	26	update	{"title": "ISO Certified", "content": "ISO 9001:2015 Quality Management System", "is_active": true}	{"title": "ISO Certified", "content": "ISO Certified", "is_active": true}	\N	2025-09-17 13:14:47
40	content_blocks	27	update	{"title": "JCI Accredited", "content": "Joint Commission International Accreditation", "is_active": true}	{"title": "JCI Accredited", "content": "JCI Accredited", "is_active": true}	\N	2025-09-17 13:14:47
21	content_blocks	28	update	{"title": "Legacy Description", "content": "For over two decades, we have been at the forefront of medical innovation, providing exceptional healthcare services to millions of patients. Our commitment to clinical excellence and patient care has made us a trusted name in healthcare.", "is_active": true}	{"title": "Our 20+ Years Of Legacy & Clinical Excellence", "content": "Ramaiah Memorial Hospital is a multi-superspecialty quaternary care hospital, located in Bangalore, Karnataka, India. The state-of-the-art, 500+ bed private hospital is equipped with all the modern facilities, including cutting-edge medical technologies, Modular Operation Theatres, advanced ICUs, spacious ward rooms, etc. Which all come together to offer comprehensive medical services in more than 30 specialties.", "is_active": true}	\N	2025-09-16 08:47:22
22	content_blocks	24	update	{"title": "NABH Accredited", "content": "National Accreditation Board for Hospitals & Healthcare Providers", "is_active": true}	{"title": "joint commission international", "content": "National Accreditation Board for Hospitals & Healthcare Providers", "is_active": true}	\N	2025-09-16 09:17:54
23	content_blocks	1	update	{"title": "Hero Headline", "content": "Our Decades Of Legacy & Clinical Excellence Has Touched <span style=\\"color: #007BFF;\\">Millions Of Lives</span> To Ensure <span style=\\"color: #6F42C1;\\">#LifeGetsBetter</span>", "is_active": true}	{"title": "Hero Headline", "content": "Our Decades Of Legacy & Clinical Excellence Has Touched <span style=\\"color: #007BFF;\\">Millions Of Lives</span> To Ensure <span style=\\"color: #6F42C1;\\">#LifeGetsBetters</span>", "is_active": true}	\N	2025-09-16 13:06:21
24	content_blocks	2	update	{"title": "Hero Subtitle", "content": "#LifeGetsBetter", "is_active": true}	{"title": "Hero Subtitle", "content": "#LifeGetsBetters", "is_active": true}	\N	2025-09-16 13:06:21
25	content_blocks	1	update	{"title": "Hero Headline", "content": "Our Decades Of Legacy & Clinical Excellence Has Touched <span style=\\"color: #007BFF;\\">Millions Of Lives</span> To Ensure <span style=\\"color: #6F42C1;\\">#LifeGetsBetters</span>", "is_active": true}	{"title": "Hero Headline", "content": "Our Decades Of Legacy & Clinical Excellence Has Touched <span style=\\"color: #007BFF;\\">Millions Of Lives</span> To Ensure <span style=\\"color: #6F42C1;\\">#LifeGetsBetter</span>", "is_active": true}	\N	2025-09-16 13:09:48
26	content_blocks	1	update	{"title": "Hero Headline", "content": "Our Decades Of Legacy & Clinical Excellence Has Touched <span style=\\"color: #007BFF;\\">Millions Of Lives</span> To Ensure <span style=\\"color: #6F42C1;\\">#LifeGetsBetter</span>", "is_active": true}	{"title": "Hero Headline", "content": "Our Decades Of Legacy & Clinical Excellence Has Touched <span style=\\"color: #007BFF;\\">Millions Of Lives</span> To Ensure <span style=\\"color: #6F42C1;\\">#LifeGetsBetters</span>", "is_active": true}	\N	2025-09-17 05:30:52
27	content_blocks	1	update	{"title": "Hero Headline", "content": "Our Decades Of Legacy & Clinical Excellence Has Touched <span style=\\"color: #007BFF;\\">Millions Of Lives</span> To Ensure <span style=\\"color: #6F42C1;\\">#LifeGetsBetters</span>", "is_active": true}	{"title": "Hero Headline", "content": "Our Decades Of Legacy & Clinical Excellence Has Touched <span style=\\"color: #007BFF;\\">Millions Of Lives</span> To Ensure <span style=\\"color: #6F42C1;\\">#LifeGetsBetterss</span>", "is_active": true}	\N	2025-09-17 05:53:25
28	content_blocks	1	update	{"title": "Hero Headline", "content": "Our Decades Of Legacy & Clinical Excellence Has Touched <span style=\\"color: #007BFF;\\">Millions Of Lives</span> To Ensure <span style=\\"color: #6F42C1;\\">#LifeGetsBetterss</span>", "is_active": true}	{"title": "Hero Headline", "content": "Our Decades Of Legacy & Clinical Excellence Has Touched <span style=\\"color: #007BFF;\\">Millions Of Lives</span> To Ensure <span style=\\"color: #6F42C1;\\">#LifeGetsBetters</span>", "is_active": true}	\N	2025-09-17 05:56:36
29	content_blocks	1	update	{"title": "Hero Headline", "content": "Our Decades Of Legacy & Clinical Excellence Has Touched <span style=\\"color: #007BFF;\\">Millions Of Lives</span> To Ensure <span style=\\"color: #6F42C1;\\">#LifeGetsBetters</span>", "is_active": true}	{"title": "Hero Headline", "content": "Our Decades Of Legacy & Clinical Excellence Has Touched <span style=\\"color: #007BFF;\\">Millions Of Lives</span> To Ensure <span style=\\"color: #6F42C1;\\">#LifeGetsBetterss</span>", "is_active": true}	\N	2025-09-17 06:01:09
30	content_blocks	1	update	{"title": "Hero Headline", "content": "Our Decades Of Legacy & Clinical Excellence Has Touched <span style=\\"color: #007BFF;\\">Millions Of Lives</span> To Ensure <span style=\\"color: #6F42C1;\\">#LifeGetsBetterss</span>", "is_active": true}	{"title": "Hero Headline", "content": "Our Decades Of Legacy & Clinical Excellence Has Touched <span style=\\"color: #007BFF;\\">Millions Of Lives</span> To Ensure <span style=\\"color: #6F42C1;\\">#LifeGetsBetters</span>", "is_active": true}	\N	2025-09-17 06:04:26
31	content_blocks	1	update	{"title": "Hero Headline", "content": "Our Decades Of Legacy & Clinical Excellence Has Touched <span style=\\"color: #007BFF;\\">Millions Of Lives</span> To Ensure <span style=\\"color: #6F42C1;\\">#LifeGetsBetters</span>", "is_active": true}	{"title": "Hero Headline", "content": "Our Decades Of Legacy & Clinical Excellence Has Touched <span style=\\"color: #007BFF;\\">Millions Of Lives</span> To Ensure <span style=\\"color: #6F42C1;\\">#LifeGetsBetterss</span>", "is_active": true}	\N	2025-09-17 06:08:35
32	content_blocks	1	update	{"title": "Hero Headline", "content": "Our Decades Of Legacy & Clinical Excellence Has Touched <span style=\\"color: #007BFF;\\">Millions Of Lives</span> To Ensure <span style=\\"color: #6F42C1;\\">#LifeGetsBetterss</span>", "is_active": true}	{"title": "Hero Headline", "content": "Our Decades Of Legacy & Clinical Excellence Has Touched <span style=\\"color: #007BFF;\\">Millions Of Lives</span> To Ensure <span style=\\"color: #6F42C1;\\">#LifeGetsBetters</span>", "is_active": true}	\N	2025-09-17 06:12:50
33	content_blocks	10	update	{"title": "Book OPD Appointments (9 am - 5 pm)", "content": "/book-appointment", "is_active": true}	{"title": "Book OPD Appointments (9 am - 6 pm)", "content": "/book-appointment", "is_active": true}	\N	2025-09-17 11:37:37
34	content_blocks	33	update	{"title": "Book Home Physiotherapy", "content": "/book_home_physiotherapy", "is_active": true}	{"title": "Book Health Check", "content": "/book_home_physiotherapy", "is_active": true}	\N	2025-09-17 11:47:16
35	content_blocks	33	update	{"title": "Book Health Check", "content": "/book_home_physiotherapy", "is_active": true}	{"title": "Book Health Checks", "content": "/book_home_physiotherapy", "is_active": true}	\N	2025-09-17 12:45:02
36	content_blocks	33	update	{"title": "Book Health Checks", "content": "/book_home_physiotherapy", "is_active": true}	{"title": "Book Health Check", "content": "/book_home_physiotherapy", "is_active": true}	\N	2025-09-17 12:45:24
37	content_blocks	24	update	{"title": "joint commission international", "content": "National Accreditation Board for Hospitals & Healthcare Providers", "is_active": true}	{"title": "joint commission internationals", "content": "joint commission internationals", "is_active": true}	\N	2025-09-17 13:14:47
38	content_blocks	25	update	{"title": "NABL Certified", "content": "National Accreditation Board for Testing and Calibration Laboratories", "is_active": true}	{"title": "NABL Certified", "content": "NABL Certified", "is_active": true}	\N	2025-09-17 13:14:47
41	content_blocks	25	update	{"title": "NABL Certified", "content": "NABL Certified", "is_active": true}	{"title": "NABL Certifieds", "content": "NABL Certifieds", "is_active": true}	\N	2025-09-17 13:16:04
42	content_blocks	28	update	{"title": "Our 20+ Years Of Legacy & Clinical Excellence", "content": "Ramaiah Memorial Hospital is a multi-superspecialty quaternary care hospital, located in Bangalore, Karnataka, India. The state-of-the-art, 500+ bed private hospital is equipped with all the modern facilities, including cutting-edge medical technologies, Modular Operation Theatres, advanced ICUs, spacious ward rooms, etc. Which all come together to offer comprehensive medical services in more than 30 specialties.", "is_active": true}	{"title": "Our 20+ Years Of Legacy & Clinical Excellence", "content": "Our Journeys", "is_active": true}	\N	2025-09-18 04:24:23
43	content_blocks	29	update	{"title": "Modern Medical Facility", "content": "Intensive care unit with advanced medical equipment", "is_active": true}	{"title": "Modern Medical Facility", "content": "Intensive care unit with advanced medical equipment", "is_active": true}	\N	2025-09-18 05:17:59
44	content_blocks	10	update	{"title": "Book OPD Appointments (9 am - 6 pm)", "content": "/book-appointment", "is_active": true}	{"title": "Book OPD Appointments (9 am - 7 pm)", "content": "/book-appointment", "is_active": true}	\N	2025-09-18 08:35:07
45	content_blocks	1	update	{"title": "Hero Headline", "content": "Our Decades Of Legacy & Clinical Excellence Has Touched <span style=\\"color: #007BFF;\\">Millions Of Lives</span> To Ensure <span style=\\"color: #6F42C1;\\">#LifeGetsBetters</span>", "is_active": true}	{"title": "Hero Headline", "content": "Our Decades Of Legacy & Clinical Excellence Has Touched <span style=\\"color: #007BFF;\\">Millions Of Lives</span> To Ensure <span style=\\"color: #6F42C1;\\">#LifeGetsBetterss</span>", "is_active": true}	\N	2025-09-18 08:48:00
46	content_blocks	16	update	{"title": "Doctors", "content": "600+", "is_active": true}	{"title": "Doctors", "content": "700+", "is_active": true}	\N	2025-09-18 08:56:04
47	content_blocks	10	update	{"title": "Book OPD Appointments (9 am - 7 pm)", "content": "/book-appointment", "is_active": true}	{"title": "Book OPD Appointments (9 am - 8 pm)", "content": "/book-appointment", "is_active": true}	\N	2025-09-18 08:57:32
48	content_blocks	1	update	{"title": "Hero Headline", "content": "Our Decades Of Legacy & Clinical Excellence Has Touched <span style=\\"color: #007BFF;\\">Millions Of Lives</span> To Ensure <span style=\\"color: #6F42C1;\\">#LifeGetsBetterss</span>", "is_active": true}	{"title": "Hero Headline", "content": "Our Decades Of Legacy & Clinical Excellence Has Touched <span style=\\"color: #007BFF;\\">Millions Of Lives</span> To Ensure <span style=\\"color: #6F42C1;\\">#LifeGetsBetter</span>", "is_active": true}	\N	2025-09-18 10:50:43
49	content_blocks	30	update	{"title": "Journey Description", "content": "We are always indebted to Our Founder DR. M S Ramaiah, a visionary who built Institutions that redefined learning. It was his dream to impart Technical and Medical education to all, that made him establish two prestigious institutions, M S Ramaiah Institute of Technology (1962) and Ramaiah Medical College (1979). These are presently considered major hubs for education in the country. He believed that investment in education was the way forward for the development & progress of the nation. His thoughts & spirit have been the driving force for the Ramaiah Group of Institutions to uphold his values and spiritual thoughts for the future. Dr.M S Ramaiah said What we have done for ourselves alone, dies with us. What we have done for others and the world remains, and is immortal.His vision was to build numerous educational institutions which paved the way for us in building the nation. Today under the umbrella of the Ramaiah Group there are more than 30              educational institutions. One of his dream projects was to establish a hospital that delivered high-quality healthcare to all sections of society at an affordable cost in the most ethical way. In 2004, this dream transformed to the establishment of Ramaiah Memorial Hospital.", "is_active": true}	{"title": "Journey Description", "content": "We are always indebted to Our Founder DR. M S Ramaiah, a visionary who built Institutions that redefined learning. It was his dream to impart Technical and Medical education to all, that made him establish two prestigious institutions, M S Ramaiah Institute of Technology (1962) and Ramaiah Medical College (1979). These are presently considered major hubs for education in the country. He believed that investment in education was the way forward for the development & progress of the nation. His thoughts & spirit have been the driving force for the Ramaiah Group of Institutions to uphold his values and spiritual thoughts for the future. Dr.M S Ramaiah said What we have done for ourselves alone, dies with us. What we have done for others and the world remains, and is immortal.His vision was to build numerous educational institutions which paved the way for us in building the nation. Today under the umbrella of the Ramaiah Group there are more than 30              educational institutions. One of his dream projects was to establish a hospital that delivered high-quality healthcare to all sections of society at an affordable cost in the most ethical way. In 2004, this dream transformed to the establishment of Ramaiah Memorial Hospitals.", "is_active": true}	\N	2025-09-18 13:41:15
50	content_blocks	30	update	{"title": "Journey Description", "content": "We are always indebted to Our Founder DR. M S Ramaiah, a visionary who built Institutions that redefined learning. It was his dream to impart Technical and Medical education to all, that made him establish two prestigious institutions, M S Ramaiah Institute of Technology (1962) and Ramaiah Medical College (1979). These are presently considered major hubs for education in the country. He believed that investment in education was the way forward for the development & progress of the nation. His thoughts & spirit have been the driving force for the Ramaiah Group of Institutions to uphold his values and spiritual thoughts for the future. Dr.M S Ramaiah said What we have done for ourselves alone, dies with us. What we have done for others and the world remains, and is immortal.His vision was to build numerous educational institutions which paved the way for us in building the nation. Today under the umbrella of the Ramaiah Group there are more than 30              educational institutions. One of his dream projects was to establish a hospital that delivered high-quality healthcare to all sections of society at an affordable cost in the most ethical way. In 2004, this dream transformed to the establishment of Ramaiah Memorial Hospitals.", "is_active": true}	{"title": "Journey Description", "content": "We are always indebted to Our Founder DR. M S Ramaiah, a visionary who built Institutions that redefined learning. It was his dream to impart Technical and Medical education to all, that made him establish two prestigious institutions, M S Ramaiah Institute of Technology (1962) and Ramaiah Medical College (1979). These are presently considered major hubs for education in the country. He believed that investment in education was the way forward for the development & progress of the nation. His thoughts & spirit have been the driving force for the Ramaiah Group of Institutions to uphold his values and spiritual thoughts for the future. Dr.M S Ramaiah said What we have done for ourselves alone, dies with us. What we have done for others and the world remains, and is immortal.His vision was to build numerous educational institutions which paved the way for us in building the nation. Today under the umbrella of the Ramaiah Group there are more than 30              educational institutions. One of his dream projects was to establish a hospital that delivered high-quality healthcare to all sections of society at an affordable cost in the most ethical way. In 2004, this dream transformed to the establishment of Ramaiah Memorial Hospitalss.", "is_active": true}	\N	2025-09-18 13:44:25
61	content_blocks	1	update	{"title": "Hero Headline", "content": "Our Decades Of Legacy & Clinical Excellence Has Touched <span style=\\"color: #007BFF;\\">Millions Of Lives</span> To Ensure ", "is_active": true}	{"title": "Hero Headline", "content": "Our Decades Of Legacy & Clinical Excellence Has Touched <span style=\\"color: #FF0000;\\">Millions Of Lives</span> To Ensure ", "is_active": true}	\N	2025-09-24 10:09:11
62	content_blocks	1	update	{"title": "Hero Headline", "content": "Our Decades Of Legacy & Clinical Excellence Has Touched <span style=\\"color: #FF0000;\\">Millions Of Lives</span> To Ensure ", "is_active": true}	{"title": "Hero Headline", "content": "Our Decades Of Legacy & Clinical Excellence Has  <span style=\\"color: #FF0000;\\"> Touched Millions Of Lives</span> To Ensure ", "is_active": true}	\N	2025-09-24 10:11:14
51	content_blocks	30	update	{"title": "Journey Description", "content": "We are always indebted to Our Founder DR. M S Ramaiah, a visionary who built Institutions that redefined learning. It was his dream to impart Technical and Medical education to all, that made him establish two prestigious institutions, M S Ramaiah Institute of Technology (1962) and Ramaiah Medical College (1979). These are presently considered major hubs for education in the country. He believed that investment in education was the way forward for the development & progress of the nation. His thoughts & spirit have been the driving force for the Ramaiah Group of Institutions to uphold his values and spiritual thoughts for the future. Dr.M S Ramaiah said What we have done for ourselves alone, dies with us. What we have done for others and the world remains, and is immortal.His vision was to build numerous educational institutions which paved the way for us in building the nation. Today under the umbrella of the Ramaiah Group there are more than 30              educational institutions. One of his dream projects was to establish a hospital that delivered high-quality healthcare to all sections of society at an affordable cost in the most ethical way. In 2004, this dream transformed to the establishment of Ramaiah Memorial Hospitalss.", "is_active": true}	{"title": "Journey Description", "content": "We are always indebted to Our Founder DR. M S Ramaiah, a visionary who built Institutions that redefined learning. It was his dream to impart Technical and Medical education to all, that made him establish two prestigious institutions, M S Ramaiah Institute of Technology (1962) and Ramaiah Medical College (1979). These are presently considered major hubs for education in the country. He believed that investment in education was the way forward for the development & progress of the nation. His thoughts & spirit have been the driving force for the Ramaiah Group of Institutions to uphold his values and spiritual thoughts for the future. Dr.M S Ramaiah said What we have done for ourselves alone, dies with us. What we have done for others and the world remains, and is immortal.His vision was to build numerous educational institutions which paved the way for us in building the nation. Today under the umbrella of the Ramaiah Group there are more than 30              educational institutions. One of his dream projects was to establish a hospital that delivered high-quality healthcare to all sections of society at an affordable cost in the most ethical way. In 2004, this dream transformed to the establishment of Ramaiah Memorial Hospitals.", "is_active": true}	\N	2025-09-19 04:16:55
52	content_blocks	2	update	{"title": "Hero Subtitle", "content": "#LifeGetsBetters", "is_active": true}	{"title": "Hero Subtitle", "content": "<span style=\\"color: #6F42C1;\\">#LifeGetsBetter</span>", "is_active": true}	\N	2025-09-19 09:54:50
53	content_blocks	1	update	{"title": "Hero Headline", "content": "Our Decades Of Legacy & Clinical Excellence Has Touched <span style=\\"color: #007BFF;\\">Millions Of Lives</span> To Ensure <span style=\\"color: #6F42C1;\\">#LifeGetsBetter</span>", "is_active": true}	{"title": "Hero Headline", "content": "Our Decades Of Legacy & Clinical Excellence Has Touched <span style=\\"color: #007BFF;\\">Millions Of Lives</span> To Ensure ", "is_active": true}	\N	2025-09-19 09:55:17
54	content_blocks	2	update	{"title": "Hero Subtitle", "content": "<span style=\\"color: #6F42C1;\\">#LifeGetsBetter</span>", "is_active": true}	{"title": "Hero Subtitle", "content": "#LifeGetsBetters", "is_active": true}	\N	2025-09-19 09:55:17
55	content_blocks	3	update	{"title": "Banner Images", "content": null, "is_active": true}	{"title": "joint commission international", "content": null, "is_active": true}	\N	2025-09-19 10:14:59
56	content_blocks	36	update	{"title": "Legacy Header", "content": "Our 20+ Years of Legacy & Clinical Excellences", "is_active": true}	{"title": "Legacy Header", "content": "Our Journey", "is_active": true}	\N	2025-09-19 11:11:52
57	content_blocks	30	update	{"title": "Journey Description", "content": "We are always indebted to Our Founder DR. M S Ramaiah, a visionary who built Institutions that redefined learning. It was his dream to impart Technical and Medical education to all, that made him establish two prestigious institutions, M S Ramaiah Institute of Technology (1962) and Ramaiah Medical College (1979). These are presently considered major hubs for education in the country. He believed that investment in education was the way forward for the development & progress of the nation. His thoughts & spirit have been the driving force for the Ramaiah Group of Institutions to uphold his values and spiritual thoughts for the future. Dr.M S Ramaiah said What we have done for ourselves alone, dies with us. What we have done for others and the world remains, and is immortal.His vision was to build numerous educational institutions which paved the way for us in building the nation. Today under the umbrella of the Ramaiah Group there are more than 30              educational institutions. One of his dream projects was to establish a hospital that delivered high-quality healthcare to all sections of society at an affordable cost in the most ethical way. In 2004, this dream transformed to the establishment of Ramaiah Memorial Hospitals.", "is_active": true}	{"title": "Journey Description", "content": "We are always indebted to Our Founder DR. M S Ramaiah, a visionary who built Institutions that redefined learning. It was his dream to impart Technical and Medical education to all, that made him establish two prestigious institutions, M S Ramaiah Institute of Technology (1962) and Ramaiah Medical College (1979). These are presently considered major hubs for education in the country. He believed that investment in education was the way forward for the development & progress of the nation. His thoughts & spirit have been the driving force for the Ramaiah Group of Institutions to uphold his values and spiritual thoughts for the future. Dr.M S Ramaiah said What we have done for ourselves alone, dies with us. What we have done for others and the world remains, and is immortal.His vision was to build numerous educational institutions which paved the way for us in building the nation. Today under the umbrella of the Ramaiah Group there are more than 30              educational institutions. One of his dream projects was to establish a hospital that delivered high-quality healthcare to all sections of society at an affordable cost in the most ethical way. In 2004, this dream transformed to the establishment of Ramaiah Memorial Hospitalss.", "is_active": true}	\N	2025-09-19 12:38:24
58	content_blocks	30	update	{"title": "Journey Description", "content": "We are always indebted to Our Founder DR. M S Ramaiah, a visionary who built Institutions that redefined learning. It was his dream to impart Technical and Medical education to all, that made him establish two prestigious institutions, M S Ramaiah Institute of Technology (1962) and Ramaiah Medical College (1979). These are presently considered major hubs for education in the country. He believed that investment in education was the way forward for the development & progress of the nation. His thoughts & spirit have been the driving force for the Ramaiah Group of Institutions to uphold his values and spiritual thoughts for the future. Dr.M S Ramaiah said What we have done for ourselves alone, dies with us. What we have done for others and the world remains, and is immortal.His vision was to build numerous educational institutions which paved the way for us in building the nation. Today under the umbrella of the Ramaiah Group there are more than 30              educational institutions. One of his dream projects was to establish a hospital that delivered high-quality healthcare to all sections of society at an affordable cost in the most ethical way. In 2004, this dream transformed to the establishment of Ramaiah Memorial Hospitalss.", "is_active": true}	{"title": "Journey Description", "content": "We are always indebted to Our Founder DR. M S Ramaiah, a visionary who built Institutions that redefined learning. It was his dream to impart Technical and Medical education to all, that made him establish two prestigious institutions, M S Ramaiah Institute of Technology (1962) and Ramaiah Medical College (1979). These are presently considered major hubs for education in the country. He believed that investment in education was the way forward for the development & progress of the nation. His thoughts & spirit have been the driving force for the Ramaiah Group of Institutions to uphold his values and spiritual thoughts for the future. Dr.M S Ramaiah said What we have done for ourselves alone, dies with us. What we have done for others and the world remains, and is immortal.His vision was to build numerous educational institutions which paved the way for us in building the nation. Today under the umbrella of the Ramaiah Group there are more than 30              educational institutions. One of his dream projects was to establish a hospital that delivered high-quality healthcare to all sections of society at an affordable cost in the most ethical way. In 2004, this dream transformed to the establishment of Ramaiah Memorial Hospitals.", "is_active": true}	\N	2025-09-19 12:38:58
59	content_blocks	2	update	{"title": "Hero Subtitle", "content": "#LifeGetsBetters", "is_active": true}	{"title": "Hero Subtitle", "content": "#LifeGetsBettersss", "is_active": true}	\N	2025-09-22 11:02:51
60	content_blocks	2	update	{"title": "Hero Subtitle", "content": "#LifeGetsBettersss", "is_active": true}	{"title": "Hero Subtitle", "content": "#LifeGetsBetter", "is_active": true}	\N	2025-09-22 11:03:07
63	content_blocks	3	update	{"title": "joint commission international", "content": null, "is_active": true}	{"title": "banner image", "content": null, "is_active": true}	\N	2025-09-24 10:29:23
64	content_blocks	10	update	{"title": "Book OPD Appointments (9 am - 8 pm)", "content": "/book-appointment", "is_active": true}	{"title": "Book OPD Appointments (9 am - 7 pm)", "content": "/book-appointment", "is_active": true}	\N	2025-09-24 10:38:24
65	content_blocks	10	update	{"title": "Book OPD Appointments (9 am - 7 pm)", "content": "/book-appointment", "is_active": true}	{"title": "Book OPD Appointments (9 am - 7 pm)", "content": "https://msrmh.com/appointment/booking.php", "is_active": true}	\N	2025-09-24 11:29:58
66	content_blocks	11	update	{"title": "Book Prime Clinic Appointments (5 pm - 8 pm)", "content": "/find-doctor", "is_active": true}	{"title": "Book Prime Clinic Appointments (5 pm - 8 pm)", "content": "https://msrmh.com/appointment/booking.php", "is_active": true}	\N	2025-09-24 11:32:25
67	content_blocks	10	update	{"title": "Book OPD Appointments (9 am - 7 pm)", "content": "https://msrmh.com/appointment/booking.php", "is_active": true}	{"title": "Book OPD Appointments (9 am - 5 pm)", "content": "https://msrmh.com/appointment/booking.php", "is_active": true}	\N	2025-09-24 11:40:37
68	content_blocks	16	update	{"title": "Doctors", "content": "700+", "is_active": true}	{"title": "Doctors", "content": "700+", "is_active": true}	\N	2025-09-24 12:25:29
69	content_blocks	17	update	{"title": "Beds", "content": "110+", "is_active": true}	{"title": "Beds", "content": "110+", "is_active": true}	\N	2025-09-24 12:25:34
70	content_blocks	18	update	{"title": "Surgeries", "content": "800+", "is_active": true}	{"title": "Surgeries", "content": "800+", "is_active": true}	\N	2025-09-24 12:25:38
71	content_blocks	19	update	{"title": "Happy Patients", "content": "900+", "is_active": true}	{"title": "Happy Patients", "content": "900+", "is_active": true}	\N	2025-09-24 12:25:41
72	content_blocks	20	update	{"title": "Lives Touched", "content": "2.5M", "is_active": true}	{"title": "Lives Touched", "content": "2.5M", "is_active": true}	\N	2025-09-24 12:25:44
73	content_blocks	21	update	{"title": "Consultations", "content": "1.5M", "is_active": true}	{"title": "Consultations", "content": "1.5M", "is_active": true}	\N	2025-09-24 12:25:49
74	content_blocks	22	update	{"title": "Centers", "content": "6", "is_active": true}	{"title": "Centers", "content": "6", "is_active": true}	\N	2025-09-24 12:25:53
75	content_blocks	23	update	{"title": "Years of Experience", "content": "30+", "is_active": true}	{"title": "Years of Experience", "content": "30+", "is_active": true}	\N	2025-09-24 12:25:57
76	content_blocks	50	update	{"title": "Our Story", "content": null, "is_active": true}	{"title": "Our Story", "content": "Our Story 1", "is_active": true}	\N	2025-09-24 12:28:34
77	content_blocks	16	update	{"title": "Doctors", "content": "700+", "is_active": true}	{"title": "700+", "content": "700+", "is_active": true}	\N	2025-09-24 12:52:54
78	content_blocks	17	update	{"title": "Beds", "content": "110+", "is_active": true}	{"title": "110+", "content": "110+", "is_active": true}	\N	2025-09-24 12:52:54
79	content_blocks	50	update	{"title": "Our Story", "content": "Our Story 1", "is_active": true}	{"title": "Our Storys", "content": "Our Storys", "is_active": true}	\N	2025-09-24 12:53:16
80	content_blocks	16	update	{"title": "700+", "content": "700+", "is_active": true}	{"title": "550+", "content": "550+", "is_active": true}	\N	2025-09-24 13:08:45
81	content_blocks	50	update	{"title": "Our Storys", "content": "Our Storys", "is_active": true}	{"title": "Our Storys-1", "content": "Our Storys", "is_active": true}	\N	2025-09-25 04:19:42
82	content_blocks	50	update	{"title": "Our Storys-1", "content": "Our Storys", "is_active": true}	{"title": "Our Storys", "content": "Our Storys", "is_active": true}	\N	2025-09-25 04:19:53
83	content_blocks	50	update	{"title": "Our Storys", "content": "Our Storys", "is_active": true}	{"title": "Our Story", "content": "Our Story", "is_active": true}	\N	2025-09-25 04:55:39
84	content_blocks	18	update	{"title": "Surgeries", "content": "800+", "is_active": true}	{"title": "300+", "content": "300+", "is_active": true}	\N	2025-09-25 05:22:56
85	content_blocks	19	update	{"title": "Happy Patients", "content": "900+", "is_active": true}	{"title": "600+", "content": "600+", "is_active": true}	\N	2025-09-25 05:25:11
86	content_blocks	20	update	{"title": "Lives Touched", "content": "2.5M", "is_active": true}	{"title": "2.5M", "content": "2.5M", "is_active": true}	\N	2025-09-25 05:25:11
87	content_blocks	21	update	{"title": "Consultations", "content": "1.5M", "is_active": true}	{"title": "1.5M", "content": "1.5M", "is_active": true}	\N	2025-09-25 05:25:11
88	content_blocks	22	update	{"title": "Centers", "content": "6", "is_active": true}	{"title": "6", "content": "6", "is_active": true}	\N	2025-09-25 05:25:11
89	content_blocks	23	update	{"title": "Years of Experience", "content": "30+", "is_active": true}	{"title": "30+", "content": "30+", "is_active": true}	\N	2025-09-25 05:25:11
90	content_blocks	44	update	{"title": "JCI", "content": "JCI", "is_active": true}	{"title": "JCI", "content": "JCI", "is_active": true}	\N	2025-09-25 05:31:33
91	content_blocks	45	update	{"title": "JCI", "content": "JCI", "is_active": true}	{"title": "JCI", "content": "JCI", "is_active": true}	\N	2025-09-25 05:31:37
92	content_blocks	25	update	{"title": "NABL Certifieds", "content": "NABL Certifieds", "is_active": true}	{"title": "NABL Certifieds", "content": "NABL Certifieds", "is_active": true}	\N	2025-09-25 05:34:26
93	content_blocks	26	update	{"title": "ISO Certified", "content": "ISO Certified", "is_active": true}	{"title": "ISO Certified", "content": "ISO Certified", "is_active": true}	\N	2025-09-25 05:34:35
94	content_blocks	27	update	{"title": "JCI Accredited", "content": "JCI Accredited", "is_active": true}	{"title": "JCI Accredited", "content": "JCI Accredited", "is_active": true}	\N	2025-09-25 05:34:45
95	content_blocks	44	update	{"title": "JCI", "content": "JCI", "is_active": true}	{"title": "JCI", "content": "JCI", "is_active": true}	\N	2025-09-25 05:37:13
96	content_blocks	45	update	{"title": "JCI", "content": "JCI", "is_active": true}	{"title": "JCI", "content": "JCI", "is_active": true}	\N	2025-09-25 05:37:19
97	content_blocks	24	update	{"title": "joint commission internationals", "content": "joint commission internationals", "is_active": true}	{"title": "joint commission internationals", "content": "joint commission internationals", "is_active": true}	\N	2025-09-25 05:40:24
98	content_blocks	25	update	{"title": "NABL Certifieds", "content": "NABL Certifieds", "is_active": true}	{"title": "NABL Certifieds", "content": "NABL Certifieds", "is_active": true}	\N	2025-09-25 05:40:28
99	content_blocks	26	update	{"title": "ISO Certified", "content": "ISO Certified", "is_active": true}	{"title": "ISO Certified", "content": "ISO Certified", "is_active": true}	\N	2025-09-25 05:40:31
100	content_blocks	27	update	{"title": "JCI Accredited", "content": "JCI Accredited", "is_active": true}	{"title": "JCI Accredited", "content": "JCI Accredited", "is_active": true}	\N	2025-09-25 05:40:35
101	content_blocks	44	update	{"title": "JCI", "content": "JCI", "is_active": true}	{"title": "JCI", "content": "JCI", "is_active": true}	\N	2025-09-25 05:40:38
102	content_blocks	45	update	{"title": "JCI", "content": "JCI", "is_active": true}	{"title": "JCI", "content": "JCI", "is_active": true}	\N	2025-09-25 05:40:41
103	content_blocks	43	update	{"title": "Legacy Header", "content": "Our 20+ Years of Legacy & Clinical Excellencess", "is_active": true}	{"title": "Legacy Header", "content": "Our 20+ Years of Legacy & Clinical Excellencess", "is_active": true}	\N	2025-09-25 05:43:40
104	content_blocks	43	update	{"title": "Legacy Header", "content": "Our 20+ Years of Legacy & Clinical Excellencess", "is_active": true}	{"title": "Our 20+ Years of Legacy & Clinical Excellencess", "content": "Our 20+ Years of Legacy & Clinical Excellencess", "is_active": true}	\N	2025-09-25 05:43:58
105	content_blocks	43	update	{"title": "Our 20+ Years of Legacy & Clinical Excellencess", "content": "Our 20+ Years of Legacy & Clinical Excellencess", "is_active": true}	{"title": "Our 20+ Years of Legacy & Clinical Excellencess", "content": null, "is_active": true}	\N	2025-09-25 05:44:02
106	content_blocks	51	update	{"title": "Our Accreditations & Certifications", "content": null, "is_active": true}	{"title": "Our Accreditations & Certificationss", "content": "Our Accreditations & Certificationss", "is_active": true}	\N	2025-09-25 05:54:04
107	content_blocks	51	update	{"title": "Our Accreditations & Certificationss", "content": "Our Accreditations & Certificationss", "is_active": true}	{"title": "Our Accreditations & Certificationsss", "content": "Our Accreditations & Certificationsss", "is_active": true}	\N	2025-09-25 06:15:35
108	content_blocks	51	update	{"title": "Our Accreditations & Certificationsss", "content": "Our Accreditations & Certificationsss", "is_active": true}	{"title": "Our Accreditations & Certifications", "content": "Our Accreditations & Certifications", "is_active": true}	\N	2025-09-25 06:15:56
109	content_blocks	41	update	{"title": "Legacy Header", "content": "Our 20+ Years of Legacy & Clinical Excellences", "is_active": true}	{"title": "Our 20+ Years of Legacy & Clinical Excellencess", "content": "Our 20+ Years of Legacy & Clinical Excellences", "is_active": true}	\N	2025-09-25 06:30:00
110	content_blocks	41	update	{"title": "Our 20+ Years of Legacy & Clinical Excellencess", "content": "Our 20+ Years of Legacy & Clinical Excellences", "is_active": true}	{"title": "Our 20+ Years of Legacy & Clinical Excellencess", "content": null, "is_active": true}	\N	2025-09-25 06:30:05
111	content_blocks	42	update	{"title": "Legacy Header", "content": "Our 20+ Years of Legacy & Clinical Excellencess", "is_active": true}	{"title": null, "content": "Our 20+ Years of Legacy & Clinical Excellencess", "is_active": true}	\N	2025-09-25 06:30:27
112	content_blocks	42	update	{"title": null, "content": "Our 20+ Years of Legacy & Clinical Excellencess", "is_active": true}	{"title": null, "content": "Ramaiah Memorial Hospital is a multi-superspecialty quaternary care hospital, located in Bengaluru, Karnataka, India.\\nThe state-of-the-art, 500+ bed corporate hospital is equipped with all the modern facilities, including cutting-edge medical technologies, Modular Operation Theatres, Advanced ICUs, Spacious ward rooms, etc. which all come together to offer comprehensive medical services in more than 30 specialties.", "is_active": true}	\N	2025-09-25 06:30:41
113	content_blocks	43	update	{"title": "Our 20+ Years of Legacy & Clinical Excellencess", "content": null, "is_active": true}	{"title": "Our 20+ Years of Legacy & Clinical Excellencess", "content": null, "is_active": true}	\N	2025-09-25 06:30:50
114	content_blocks	43	update	{"title": "Our 20+ Years of Legacy & Clinical Excellencess", "content": null, "is_active": true}	{"title": null, "content": null, "is_active": true}	\N	2025-09-25 06:30:55
115	content_blocks	41	update	{"title": "Our 20+ Years of Legacy & Clinical Excellencess", "content": null, "is_active": true}	{"title": "Our 20+ Years of Legacy & Clinical Excellencess", "content": null, "is_active": true}	\N	2025-09-25 06:35:02
116	content_blocks	42	update	{"title": null, "content": "Ramaiah Memorial Hospital is a multi-superspecialty quaternary care hospital, located in Bengaluru, Karnataka, India.\\nThe state-of-the-art, 500+ bed corporate hospital is equipped with all the modern facilities, including cutting-edge medical technologies, Modular Operation Theatres, Advanced ICUs, Spacious ward rooms, etc. which all come together to offer comprehensive medical services in more than 30 specialties.", "is_active": true}	{"title": null, "content": "Ramaiah Memorial Hospital is a multi-superspecialty quaternary care hospital, located in Bengaluru, Karnataka, India.\\nThe state-of-the-art, 500+ bed corporate hospital is equipped with all the modern facilities, including cutting-edge medical technologies, Modular Operation Theatres, Advanced ICUs, Spacious ward rooms, etc. which all come together to offer comprehensive medical services in more than 30 specialties.", "is_active": true}	\N	2025-09-25 06:35:06
117	content_blocks	43	update	{"title": null, "content": null, "is_active": true}	{"title": null, "content": null, "is_active": true}	\N	2025-09-25 06:35:11
118	content_blocks	30	update	{"title": "Journey Description", "content": "We are always indebted to Our Founder DR. M S Ramaiah, a visionary who built Institutions that redefined learning. It was his dream to impart Technical and Medical education to all, that made him establish two prestigious institutions, M S Ramaiah Institute of Technology (1962) and Ramaiah Medical College (1979). These are presently considered major hubs for education in the country. He believed that investment in education was the way forward for the development & progress of the nation. His thoughts & spirit have been the driving force for the Ramaiah Group of Institutions to uphold his values and spiritual thoughts for the future. Dr.M S Ramaiah said What we have done for ourselves alone, dies with us. What we have done for others and the world remains, and is immortal.His vision was to build numerous educational institutions which paved the way for us in building the nation. Today under the umbrella of the Ramaiah Group there are more than 30              educational institutions. One of his dream projects was to establish a hospital that delivered high-quality healthcare to all sections of society at an affordable cost in the most ethical way. In 2004, this dream transformed to the establishment of Ramaiah Memorial Hospitals.", "is_active": true}	{"title": "Journey Description", "content": "We are always indebted to Our Founder DR. M S Ramaiah, a visionary who built Institutions that redefined learning. It was his dream to impart Technical and Medical education to all, that made him establish two prestigious institutions, M S Ramaiah Institute of Technology (1962) and Ramaiah Medical College (1979). These are presently considered major hubs for education in the country. He believed that investment in education was the way forward for the development & progress of the nation. His thoughts & spirit have been the driving force for the Ramaiah Group of Institutions to uphold his values and spiritual thoughts for the future. Dr.M S Ramaiah said What we have done for ourselves alone, dies with us. What we have done for others and the world remains, and is immortal.His vision was to build numerous educational institutions which paved the way for us in building the nation. Today under the umbrella of the Ramaiah Group there are more than 30              educational institutions. One of his dream projects was to establish a hospital that delivered high-quality healthcare to all sections of society at an affordable cost in the most ethical way. In 2004, this dream transformed to the establishment of Ramaiah Memorial Hospitals.", "is_active": true}	\N	2025-09-25 06:37:43
119	content_blocks	31	update	{"title": "Surgical Suite", "content": "High-tech surgical suite with robotic surgical arm", "is_active": true}	{"title": "Surgical Suite", "content": "High-tech surgical suite with robotic surgical arm", "is_active": true}	\N	2025-09-25 06:37:59
120	content_blocks	30	update	{"title": "Journey Description", "content": "We are always indebted to Our Founder DR. M S Ramaiah, a visionary who built Institutions that redefined learning. It was his dream to impart Technical and Medical education to all, that made him establish two prestigious institutions, M S Ramaiah Institute of Technology (1962) and Ramaiah Medical College (1979). These are presently considered major hubs for education in the country. He believed that investment in education was the way forward for the development & progress of the nation. His thoughts & spirit have been the driving force for the Ramaiah Group of Institutions to uphold his values and spiritual thoughts for the future. Dr.M S Ramaiah said What we have done for ourselves alone, dies with us. What we have done for others and the world remains, and is immortal.His vision was to build numerous educational institutions which paved the way for us in building the nation. Today under the umbrella of the Ramaiah Group there are more than 30              educational institutions. One of his dream projects was to establish a hospital that delivered high-quality healthcare to all sections of society at an affordable cost in the most ethical way. In 2004, this dream transformed to the establishment of Ramaiah Memorial Hospitals.", "is_active": true}	{"title": null, "content": "We are always indebted to Our Founder DR. M S Ramaiah, a visionary who built Institutions that redefined learning. It was his dream to impart Technical and Medical education to all, that made him establish two prestigious institutions, M S Ramaiah Institute of Technology (1962) and Ramaiah Medical College (1979). These are presently considered major hubs for education in the country. He believed that investment in education was the way forward for the development & progress of the nation. His thoughts & spirit have been the driving force for the Ramaiah Group of Institutions to uphold his values and spiritual thoughts for the future. Dr.M S Ramaiah said What we have done for ourselves alone, dies with us. What we have done for others and the world remains, and is immortal.His vision was to build numerous educational institutions which paved the way for us in building the nation. Today under the umbrella of the Ramaiah Group there are more than 30              educational institutions. One of his dream projects was to establish a hospital that delivered high-quality healthcare to all sections of society at an affordable cost in the most ethical way. In 2004, this dream transformed to the establishment of Ramaiah Memorial Hospitals.", "is_active": true}	\N	2025-09-25 06:38:07
121	content_blocks	30	update	{"title": null, "content": "We are always indebted to Our Founder DR. M S Ramaiah, a visionary who built Institutions that redefined learning. It was his dream to impart Technical and Medical education to all, that made him establish two prestigious institutions, M S Ramaiah Institute of Technology (1962) and Ramaiah Medical College (1979). These are presently considered major hubs for education in the country. He believed that investment in education was the way forward for the development & progress of the nation. His thoughts & spirit have been the driving force for the Ramaiah Group of Institutions to uphold his values and spiritual thoughts for the future. Dr.M S Ramaiah said What we have done for ourselves alone, dies with us. What we have done for others and the world remains, and is immortal.His vision was to build numerous educational institutions which paved the way for us in building the nation. Today under the umbrella of the Ramaiah Group there are more than 30              educational institutions. One of his dream projects was to establish a hospital that delivered high-quality healthcare to all sections of society at an affordable cost in the most ethical way. In 2004, this dream transformed to the establishment of Ramaiah Memorial Hospitals.", "is_active": true}	{"title": null, "content": "We are always indebted to Our Founder DR. M S Ramaiah, a visionary who built Institutions that redefined learning. It was his dream to impart Technical and Medical education to all, that made him establish two prestigious institutions, M S Ramaiah Institute of Technology (1962) and Ramaiah Medical College (1979). These are presently considered major hubs for education in the country.\\nHe believed that investment in education was the way forward for the development & progress of the nation. His thoughts & spirit have been the driving force for the Ramaiah Group of Institutions to uphold his values and spiritual thoughts for the future.\\nDr.M S Ramaiah saidWhat we have done for ourselves alone, dies with us. What we have done for others and the world remains, and is immortal.\\nHis vision was to build numerous educational institutions which paved the way for us in building the nation. Today under the umbrella of the Ramaiah Group there are more than 30 educational institutions. One of his dream projects was to establish a hospital that delivered high-quality healthcare to all sections of society at an affordable cost in the most ethical way. In 2004, this dream transformed to the establishment of Ramaiah Memorial Hospital.", "is_active": true}	\N	2025-09-25 06:39:01
122	content_blocks	31	update	{"title": "Surgical Suite", "content": "High-tech surgical suite with robotic surgical arm", "is_active": true}	{"title": "Surgical Suite", "content": null, "is_active": true}	\N	2025-09-25 06:39:12
123	content_blocks	31	update	{"title": "Surgical Suite", "content": null, "is_active": true}	{"title": null, "content": null, "is_active": true}	\N	2025-09-25 06:39:20
124	content_blocks	43	update	{"title": null, "content": null, "is_active": true}	{"title": null, "content": null, "is_active": true}	\N	2025-09-25 06:50:21
125	content_blocks	41	update	{"title": "Our 20+ Years of Legacy & Clinical Excellencess", "content": null, "is_active": true}	{"title": "Our 20+ Years of Legacy & Clinical Excellences", "content": "Our 20+ Years of Legacy & Clinical Excellences", "is_active": true}	\N	2025-09-25 07:13:32
126	content_blocks	42	update	{"title": null, "content": "Ramaiah Memorial Hospital is a multi-superspecialty quaternary care hospital, located in Bengaluru, Karnataka, India.\\nThe state-of-the-art, 500+ bed corporate hospital is equipped with all the modern facilities, including cutting-edge medical technologies, Modular Operation Theatres, Advanced ICUs, Spacious ward rooms, etc. which all come together to offer comprehensive medical services in more than 30 specialties.", "is_active": true}	{"title": null, "content": "Ramaiah Memorial Hospital is a multi-superspecialty quaternary care hospital, located in Bengaluru, Karnataka, India.The state-of-the-art, 500+ bed corporate hospital is equipped with all the modern facilities, including cutting-edge medical technologies, Modular Operation Theatres, Advanced ICUs, Spacious ward rooms, etc. which all come together to offer comprehensive medical services in more than 30 specialtiess.", "is_active": true}	\N	2025-09-25 07:13:32
127	content_blocks	42	update	{"title": null, "content": "Ramaiah Memorial Hospital is a multi-superspecialty quaternary care hospital, located in Bengaluru, Karnataka, India.The state-of-the-art, 500+ bed corporate hospital is equipped with all the modern facilities, including cutting-edge medical technologies, Modular Operation Theatres, Advanced ICUs, Spacious ward rooms, etc. which all come together to offer comprehensive medical services in more than 30 specialtiess.", "is_active": true}	{"title": null, "content": "Ramaiah Memorial Hospital is a multi-superspecialty quaternary care hospital, located in Bengaluru, Karnataka, India.The state-of-the-art, 500+ bed corporate hospital is equipped with all the modern facilities, including cutting-edge medical technologies, Modular Operation Theatres, Advanced ICUs, Spacious ward rooms, etc. which all come together to offer comprehensive medical services in more than 30 specialties.", "is_active": true}	\N	2025-09-25 07:15:12
128	content_blocks	53	update	{"title": "Legacy Header", "content": "Our Journeys", "is_active": true}	{"title": "Legacy Header", "content": "Our Journey", "is_active": true}	\N	2025-09-25 08:05:17
129	content_blocks	41	update	{"title": "Our 20+ Years of Legacy & Clinical Excellences", "content": "Our 20+ Years of Legacy & Clinical Excellences", "is_active": true}	{"title": "Our 20+ Years of Legacy & Clinical Excellencess", "content": "Our 20+ Years of Legacy & Clinical Excellencess", "is_active": true}	\N	2025-09-25 08:07:08
156	content_blocks	1	update	{"title": "Hero Headline", "content": "Our Decades Of Legacy & Clinical Excellence Has  <span style=\\"color: #FF0000;\\"> Touched Millions Of Lives</span> To Ensure ", "is_active": true}	{"title": "Hero Headline", "content": "Our Decades Of Legacy & Clinical Excellence Has  <span style=\\"color: #FF0000;\\"> Touched Millions Of Lives</span> To Ensures", "is_active": true}	\N	2025-09-25 12:43:00
130	content_blocks	42	update	{"title": null, "content": "Ramaiah Memorial Hospital is a multi-superspecialty quaternary care hospital, located in Bengaluru, Karnataka, India.The state-of-the-art, 500+ bed corporate hospital is equipped with all the modern facilities, including cutting-edge medical technologies, Modular Operation Theatres, Advanced ICUs, Spacious ward rooms, etc. which all come together to offer comprehensive medical services in more than 30 specialties.", "is_active": true}	{"title": null, "content": "Ramaiah Memorial Hospital is a multi-superspecialty quaternary care hospital, located in Bengaluru, Karnataka, India.The state-of-the-art, 500+ bed corporate hospital is equipped with all the modern facilities, including cutting-edge medical technologies, Modular Operation Theatres, Advanced ICUs, Spacious ward rooms, etc. which all come together to offer comprehensive medical services in more than 30 specialtiess.", "is_active": true}	\N	2025-09-25 08:07:08
131	content_blocks	53	update	{"title": "Legacy Header", "content": "Our Journey", "is_active": true}	{"title": "Legacy Header", "content": "Our Journeys", "is_active": true}	\N	2025-09-25 09:04:54
132	content_blocks	54	update	{"title": "Journey Description", "content": "We are always indebted to Our Founder DR. MS Ramalah, a visionary who built Institutions that redefined learning. It was his dream to impart Technical and Medical education to all, that made him establish two prestigious institutions, MS Rasalah Institute of Technology (19021 and Ramaiah Medical College (1979). These are presently considered major hubs for education in the country.\\n\\nHe believed that investment in education was the way forward for the development & progress of the nation. His thoughts & spirit have been the driving force for the Ramalah Group of Institutions to uphold its values and spiritual thoughts for the futures.", "is_active": true}	{"title": "Journey Description", "content": "We are always indebted to Our Founder DR. MS Ramalah, a visionary who built Institutions that redefined learning. It was his dream to impart Technical and Medical education to all, that made him establish two prestigious institutions, MS Rasalah Institute of Technology (19021 and Ramaiah Medical College (1979). These are presently considered major hubs for education in the country.\\n\\nHe believed that investment in education was the way forward for the development & progress of the nation. His thoughts & spirit have been the driving force for the Ramalah Group of Institutions to uphold its values and spiritual thoughts for the futuress.", "is_active": true}	\N	2025-09-25 09:04:55
133	content_blocks	53	update	{"title": "Legacy Header", "content": "Our Journeys", "is_active": true}	{"title": "Legacy Header", "content": "Our Journeyss", "is_active": true}	\N	2025-09-25 09:05:22
134	content_blocks	56	update	{"title": "Surgical Suite", "content": null, "is_active": true}	{"title": "Surgical Suite", "content": null, "is_active": true}	\N	2025-09-25 09:10:24
135	content_blocks	41	update	{"title": "Our 20+ Years of Legacy & Clinical Excellencess", "content": "Our 20+ Years of Legacy & Clinical Excellencess", "is_active": true}	{"title": "Our 20+ Years of Legacy & Clinical Excellence", "content": "Our 20+ Years of Legacy & Clinical Excellence", "is_active": true}	\N	2025-09-25 09:19:41
136	content_blocks	42	update	{"title": null, "content": "Ramaiah Memorial Hospital is a multi-superspecialty quaternary care hospital, located in Bengaluru, Karnataka, India.The state-of-the-art, 500+ bed corporate hospital is equipped with all the modern facilities, including cutting-edge medical technologies, Modular Operation Theatres, Advanced ICUs, Spacious ward rooms, etc. which all come together to offer comprehensive medical services in more than 30 specialtiess.", "is_active": true}	{"title": null, "content": "Ramaiah Memorial Hospital is a multi-superspecialty quaternary care hospital, located in Bengaluru, Karnataka, India.The state-of-the-art, 500+ bed corporate hospital is equipped with all the modern facilities, including cutting-edge medical technologies, Modular Operation Theatres, Advanced ICUs, Spacious ward rooms, etc. which all come together to offer comprehensive medical services in more than 30 specialties.", "is_active": true}	\N	2025-09-25 09:20:13
137	content_blocks	52	update	{"title": "Our Journey", "content": null, "is_active": true}	{"title": "Our Journeys", "content": null, "is_active": true}	\N	2025-09-25 09:57:01
138	content_blocks	30	update	{"title": null, "content": "We are always indebted to Our Founder DR. M S Ramaiah, a visionary who built Institutions that redefined learning. It was his dream to impart Technical and Medical education to all, that made him establish two prestigious institutions, M S Ramaiah Institute of Technology (1962) and Ramaiah Medical College (1979). These are presently considered major hubs for education in the country.\\nHe believed that investment in education was the way forward for the development & progress of the nation. His thoughts & spirit have been the driving force for the Ramaiah Group of Institutions to uphold his values and spiritual thoughts for the future.\\nDr.M S Ramaiah saidWhat we have done for ourselves alone, dies with us. What we have done for others and the world remains, and is immortal.\\nHis vision was to build numerous educational institutions which paved the way for us in building the nation. Today under the umbrella of the Ramaiah Group there are more than 30 educational institutions. One of his dream projects was to establish a hospital that delivered high-quality healthcare to all sections of society at an affordable cost in the most ethical way. In 2004, this dream transformed to the establishment of Ramaiah Memorial Hospital.", "is_active": true}	{"title": null, "content": "We are always indebted to Our Founder DR. M S Ramaiah, a visionary who built Institutions that redefined learning. It was his dream to impart Technical and Medical education to all, that made him establish two prestigious institutions, M S Ramaiah Institute of Technology (1962) and Ramaiah Medical College (1979). These are presently considered major hubs for education in the country.\\nHe believed that investment in education was the way forward for the development & progress of the nation. His thoughts & spirit have been the driving force for the Ramaiah Group of Institutions to uphold his values and spiritual thoughts for the future.\\nDr.M S Ramaiah saidWhat we have done for ourselves alone, dies with us. What we have done for others and the world remains, and is immortal.\\nHis vision was to build numerous educational institutions which paved the way for us in building the nation. Today under the umbrella of the Ramaiah Group there are more than 30 educational institutions. One of his dream projects was to establish a hospital that delivered high-quality healthcare to all sections of society at an affordable cost in the most ethical way. In 2004, this dream transformed to the establishment of Ramaiah Memorial Hospitals.", "is_active": true}	\N	2025-09-25 09:57:01
157	content_blocks	2	update	{"title": "Hero Subtitle", "content": "#LifeGetsBetter", "is_active": true}	{"title": "Hero Subtitle", "content": "#LifeGetsBetters", "is_active": true}	\N	2025-09-25 12:43:00
158	content_blocks	1	update	{"title": "Hero Headline", "content": "Our Decades Of Legacy & Clinical Excellence Has  <span style=\\"color: #FF0000;\\"> Touched Millions Of Lives</span> To Ensures", "is_active": true}	{"title": "Hero Headline", "content": "Our Decades Of Legacy & Clinical Excellence Has  <span style=\\"color: #FF0000;\\"> Touched Millions Of Lives</span> To Ensuresssss", "is_active": true}	\N	2025-09-25 13:01:25
159	content_blocks	2	update	{"title": "Hero Subtitle", "content": "#LifeGetsBetters", "is_active": true}	{"title": "Hero Subtitle", "content": "#LifeGetsBetterssss", "is_active": true}	\N	2025-09-25 13:01:25
160	content_blocks	1	update	{"title": "Hero Headline", "content": "Our Decades Of Legacy & Clinical Excellence Has  <span style=\\"color: #FF0000;\\"> Touched Millions Of Lives</span> To Ensuresssss", "is_active": true}	{"title": "Hero Headline", "content": "Our Decades Of Legacy & Clinical Excellence Has  <span style=\\"color: #FF0000;\\"> Touched Millions Of Lives</span> To Ensure", "is_active": true}	\N	2025-09-26 05:04:03
139	content_blocks	30	update	{"title": null, "content": "We are always indebted to Our Founder DR. M S Ramaiah, a visionary who built Institutions that redefined learning. It was his dream to impart Technical and Medical education to all, that made him establish two prestigious institutions, M S Ramaiah Institute of Technology (1962) and Ramaiah Medical College (1979). These are presently considered major hubs for education in the country.\\nHe believed that investment in education was the way forward for the development & progress of the nation. His thoughts & spirit have been the driving force for the Ramaiah Group of Institutions to uphold his values and spiritual thoughts for the future.\\nDr.M S Ramaiah saidWhat we have done for ourselves alone, dies with us. What we have done for others and the world remains, and is immortal.\\nHis vision was to build numerous educational institutions which paved the way for us in building the nation. Today under the umbrella of the Ramaiah Group there are more than 30 educational institutions. One of his dream projects was to establish a hospital that delivered high-quality healthcare to all sections of society at an affordable cost in the most ethical way. In 2004, this dream transformed to the establishment of Ramaiah Memorial Hospitals.", "is_active": true}	{"title": null, "content": "We are always indebted to Our Founder DR. M S Ramaiah, a visionary who built Institutions that redefined learning. It was his dream to impart Technical and Medical education to all, that made him establish two prestigious institutions, M S Ramaiah Institute of Technology (1962) and Ramaiah Medical College (1979). These are presently considered major hubs for education in the country.\\nHe believed that investment in education was the way forward for the development & progress of the nation. His thoughts & spirit have been the driving force for the Ramaiah Group of Institutions to uphold his values and spiritual thoughts for the future.\\nDr.M S Ramaiah saidWhat we have done for ourselves alone, dies with us. What we have done for others and the world remains, and is immortal.\\nHis vision was to build numerous educational institutions which paved the way for us in building the nation. Today under the umbrella of the Ramaiah Group there are more than 30 educational institutions. One of his dream projects was to establish a hospital that delivered high-quality healthcare to all sections of society at an affordable cost in the most ethical way. In 2004, this dream transformed to the establishment of Ramaiah Memorial Hospitalss.", "is_active": true}	\N	2025-09-25 10:10:31
140	content_blocks	30	update	{"title": null, "content": "We are always indebted to Our Founder DR. M S Ramaiah, a visionary who built Institutions that redefined learning. It was his dream to impart Technical and Medical education to all, that made him establish two prestigious institutions, M S Ramaiah Institute of Technology (1962) and Ramaiah Medical College (1979). These are presently considered major hubs for education in the country.\\nHe believed that investment in education was the way forward for the development & progress of the nation. His thoughts & spirit have been the driving force for the Ramaiah Group of Institutions to uphold his values and spiritual thoughts for the future.\\nDr.M S Ramaiah saidWhat we have done for ourselves alone, dies with us. What we have done for others and the world remains, and is immortal.\\nHis vision was to build numerous educational institutions which paved the way for us in building the nation. Today under the umbrella of the Ramaiah Group there are more than 30 educational institutions. One of his dream projects was to establish a hospital that delivered high-quality healthcare to all sections of society at an affordable cost in the most ethical way. In 2004, this dream transformed to the establishment of Ramaiah Memorial Hospitalss.", "is_active": true}	{"title": null, "content": "We are always indebted to Our Founder DR. M S Ramaiah, a visionary who built Institutions that redefined learning. It was his dream to impart Technical and Medical education to all, that made him establish two prestigious institutions, M S Ramaiah Institute of Technology (1962) and Ramaiah Medical College (1979). These are presently considered major hubs for education in the country.\\nHe believed that investment in education was the way forward for the development & progress of the nation. His thoughts & spirit have been the driving force for the Ramaiah Group of Institutions to uphold his values and spiritual thoughts for the future.\\nDr.M S Ramaiah saidWhat we have done for ourselves alone, dies with us. What we have done for others and the world remains, and is immortal.\\nHis vision was to build numerous educational institutions which paved the way for us in building the nation. Today under the umbrella of the Ramaiah Group there are more than 30 educational institutions. One of his dream projects was to establish a hospital that delivered high-quality healthcare to all sections of society at an affordable cost in the most ethical way. In 2004, this dream transformed to the establishment of Ramaiah Memorial Hospitalssssss.", "is_active": true}	\N	2025-09-25 10:12:30
141	content_blocks	30	update	{"title": null, "content": "We are always indebted to Our Founder DR. M S Ramaiah, a visionary who built Institutions that redefined learning. It was his dream to impart Technical and Medical education to all, that made him establish two prestigious institutions, M S Ramaiah Institute of Technology (1962) and Ramaiah Medical College (1979). These are presently considered major hubs for education in the country.\\nHe believed that investment in education was the way forward for the development & progress of the nation. His thoughts & spirit have been the driving force for the Ramaiah Group of Institutions to uphold his values and spiritual thoughts for the future.\\nDr.M S Ramaiah saidWhat we have done for ourselves alone, dies with us. What we have done for others and the world remains, and is immortal.\\nHis vision was to build numerous educational institutions which paved the way for us in building the nation. Today under the umbrella of the Ramaiah Group there are more than 30 educational institutions. One of his dream projects was to establish a hospital that delivered high-quality healthcare to all sections of society at an affordable cost in the most ethical way. In 2004, this dream transformed to the establishment of Ramaiah Memorial Hospitalssssss.", "is_active": true}	{"title": null, "content": "We are always indebted to Our Founder DR. M S Ramaiah, a visionary who built Institutions that redefined learning. It was his dream to impart Technical and Medical education to all, that made him establish two prestigious institutions, M S Ramaiah Institute of Technology (1962) and Ramaiah Medical College (1979). These are presently considered major hubs for education in the country.\\nHe believed that investment in education was the way forward for the development & progress of the nation. His thoughts & spirit have been the driving force for the Ramaiah Group of Institutions to uphold his values and spiritual thoughts for the future.\\nDr.M S Ramaiah saidWhat we have done for ourselves alone, dies with us. What we have done for others and the world remains, and is immortal.\\nHis vision was to build numerous educational institutions which paved the way for us in building the nation. Today under the umbrella of the Ramaiah Group there are more than 30 educational institutions. One of his dream projects was to establish a hospital that delivered high-quality healthcare to all sections of society at an affordable cost in the most ethical way. In 2004, this dream transformed to the establishment of Ramaiah Memorial Hospitals.", "is_active": true}	\N	2025-09-25 10:32:45
142	content_blocks	30	update	{"title": null, "content": "We are always indebted to Our Founder DR. M S Ramaiah, a visionary who built Institutions that redefined learning. It was his dream to impart Technical and Medical education to all, that made him establish two prestigious institutions, M S Ramaiah Institute of Technology (1962) and Ramaiah Medical College (1979). These are presently considered major hubs for education in the country.\\nHe believed that investment in education was the way forward for the development & progress of the nation. His thoughts & spirit have been the driving force for the Ramaiah Group of Institutions to uphold his values and spiritual thoughts for the future.\\nDr.M S Ramaiah saidWhat we have done for ourselves alone, dies with us. What we have done for others and the world remains, and is immortal.\\nHis vision was to build numerous educational institutions which paved the way for us in building the nation. Today under the umbrella of the Ramaiah Group there are more than 30 educational institutions. One of his dream projects was to establish a hospital that delivered high-quality healthcare to all sections of society at an affordable cost in the most ethical way. In 2004, this dream transformed to the establishment of Ramaiah Memorial Hospitals.", "is_active": true}	{"title": null, "content": "We are always indebted to Our Founder DR. M S Ramaiah, a visionary who built Institutions that redefined learning. It was his dream to impart Technical and Medical education to all, that made him establish two prestigious institutions, M S Ramaiah Institute of Technology (1962) and Ramaiah Medical College (1979). These are presently considered major hubs for education in the country.\\nHe believed that investment in education was the way forward for the development & progress of the nation. His thoughts & spirit have been the driving force for the Ramaiah Group of Institutions to uphold his values and spiritual thoughts for the future.\\nDr.M S Ramaiah saidWhat we have done for ourselves alone, dies with us. What we have done for others and the world remains, and is immortal.\\nHis vision was to build numerous educational institutions which paved the way for us in building the nation. Today under the umbrella of the Ramaiah Group there are more than 30 educational institutions. One of his dream projects was to establish a hospital that delivered high-quality healthcare to all sections of society at an affordable cost in the most ethical way. In 2004, this dream transformed to the establishment of Ramaiah Memorial Hospitalss.", "is_active": true}	\N	2025-09-25 10:40:31
143	content_blocks	52	update	{"title": "Our Journeys", "content": null, "is_active": true}	{"title": "Our Journey", "content": null, "is_active": true}	\N	2025-09-25 10:48:41
144	content_blocks	30	update	{"title": null, "content": "We are always indebted to Our Founder DR. M S Ramaiah, a visionary who built Institutions that redefined learning. It was his dream to impart Technical and Medical education to all, that made him establish two prestigious institutions, M S Ramaiah Institute of Technology (1962) and Ramaiah Medical College (1979). These are presently considered major hubs for education in the country.\\nHe believed that investment in education was the way forward for the development & progress of the nation. His thoughts & spirit have been the driving force for the Ramaiah Group of Institutions to uphold his values and spiritual thoughts for the future.\\nDr.M S Ramaiah saidWhat we have done for ourselves alone, dies with us. What we have done for others and the world remains, and is immortal.\\nHis vision was to build numerous educational institutions which paved the way for us in building the nation. Today under the umbrella of the Ramaiah Group there are more than 30 educational institutions. One of his dream projects was to establish a hospital that delivered high-quality healthcare to all sections of society at an affordable cost in the most ethical way. In 2004, this dream transformed to the establishment of Ramaiah Memorial Hospitalss.", "is_active": true}	{"title": null, "content": "We are always indebted to Our Founder DR. M S Ramaiah, a visionary who built Institutions that redefined learning. It was his dream to impart Technical and Medical education to all, that made him establish two prestigious institutions, M S Ramaiah Institute of Technology (1962) and Ramaiah Medical College (1979). These are presently considered major hubs for education in the country.\\nHe believed that investment in education was the way forward for the development & progress of the nation. His thoughts & spirit have been the driving force for the Ramaiah Group of Institutions to uphold his values and spiritual thoughts for the future.\\nDr.M S Ramaiah saidWhat we have done for ourselves alone, dies with us. What we have done for others and the world remains, and is immortal.\\nHis vision was to build numerous educational institutions which paved the way for us in building the nation. Today under the umbrella of the Ramaiah Group there are more than 30 educational institutions. One of his dream projects was to establish a hospital that delivered high-quality healthcare to all sections of society at an affordable cost in the most ethical way. In 2004, this dream transformed to the establishment of Ramaiah Memorial Hospitals.", "is_active": true}	\N	2025-09-25 10:49:22
145	content_blocks	52	update	{"title": "Our Journey", "content": null, "is_active": true}	{"title": "Our Journeys", "content": null, "is_active": true}	\N	2025-09-25 11:00:08
146	content_blocks	30	update	{"title": null, "content": "We are always indebted to Our Founder DR. M S Ramaiah, a visionary who built Institutions that redefined learning. It was his dream to impart Technical and Medical education to all, that made him establish two prestigious institutions, M S Ramaiah Institute of Technology (1962) and Ramaiah Medical College (1979). These are presently considered major hubs for education in the country.\\nHe believed that investment in education was the way forward for the development & progress of the nation. His thoughts & spirit have been the driving force for the Ramaiah Group of Institutions to uphold his values and spiritual thoughts for the future.\\nDr.M S Ramaiah saidWhat we have done for ourselves alone, dies with us. What we have done for others and the world remains, and is immortal.\\nHis vision was to build numerous educational institutions which paved the way for us in building the nation. Today under the umbrella of the Ramaiah Group there are more than 30 educational institutions. One of his dream projects was to establish a hospital that delivered high-quality healthcare to all sections of society at an affordable cost in the most ethical way. In 2004, this dream transformed to the establishment of Ramaiah Memorial Hospitals.", "is_active": true}	{"title": null, "content": "We are always indebted to Our Founder DR. M S Ramaiah, a visionary who built Institutions that redefined learning. It was his dream to impart Technical and Medical education to all, that made him establish two prestigious institutions, M S Ramaiah Institute of Technology (1962) and Ramaiah Medical College (1979). These are presently considered major hubs for education in the country.\\nHe believed that investment in education was the way forward for the development & progress of the nation. His thoughts & spirit have been the driving force for the Ramaiah Group of Institutions to uphold his values and spiritual thoughts for the future.\\nDr.M S Ramaiah saidWhat we have done for ourselves alone, dies with us. What we have done for others and the world remains, and is immortal.\\nHis vision was to build numerous educational institutions which paved the way for us in building the nation. Today under the umbrella of the Ramaiah Group there are more than 30 educational institutions. One of his dream projects was to establish a hospital that delivered high-quality healthcare to all sections of society at an affordable cost in the most ethical way. In 2004, this dream transformed to the establishment of Ramaiah Memorial Hospitalss.", "is_active": true}	\N	2025-09-25 11:00:08
147	content_blocks	52	update	{"title": "Our Journeys", "content": null, "is_active": true}	{"title": "Our Journey", "content": null, "is_active": true}	\N	2025-09-25 11:00:58
148	content_blocks	30	update	{"title": null, "content": "We are always indebted to Our Founder DR. M S Ramaiah, a visionary who built Institutions that redefined learning. It was his dream to impart Technical and Medical education to all, that made him establish two prestigious institutions, M S Ramaiah Institute of Technology (1962) and Ramaiah Medical College (1979). These are presently considered major hubs for education in the country.\\nHe believed that investment in education was the way forward for the development & progress of the nation. His thoughts & spirit have been the driving force for the Ramaiah Group of Institutions to uphold his values and spiritual thoughts for the future.\\nDr.M S Ramaiah saidWhat we have done for ourselves alone, dies with us. What we have done for others and the world remains, and is immortal.\\nHis vision was to build numerous educational institutions which paved the way for us in building the nation. Today under the umbrella of the Ramaiah Group there are more than 30 educational institutions. One of his dream projects was to establish a hospital that delivered high-quality healthcare to all sections of society at an affordable cost in the most ethical way. In 2004, this dream transformed to the establishment of Ramaiah Memorial Hospitalss.", "is_active": true}	{"title": null, "content": "We are always indebted to Our Founder DR. M S Ramaiah, a visionary who built Institutions that redefined learning. It was his dream to impart Technical and Medical education to all, that made him establish two prestigious institutions, M S Ramaiah Institute of Technology (1962) and Ramaiah Medical College (1979). These are presently considered major hubs for education in the country.\\nHe believed that investment in education was the way forward for the development & progress of the nation. His thoughts & spirit have been the driving force for the Ramaiah Group of Institutions to uphold his values and spiritual thoughts for the future.\\nDr.M S Ramaiah saidWhat we have done for ourselves alone, dies with us. What we have done for others and the world remains, and is immortal.\\nHis vision was to build numerous educational institutions which paved the way for us in building the nation. Today under the umbrella of the Ramaiah Group there are more than 30 educational institutions. One of his dream projects was to establish a hospital that delivered high-quality healthcare to all sections of society at an affordable cost in the most ethical way. In 2004, this dream transformed to the establishment of Ramaiah Memorial Hospitals.", "is_active": true}	\N	2025-09-25 11:00:58
149	content_blocks	10	update	{"title": "Book OPD Appointments (9 am - 5 pm)", "content": "https://msrmh.com/appointment/booking.php", "is_active": true}	{"title": "Book OPD Appointments (9 am - 5 pm)", "content": "https://github.com/Deepfresh-star/ramaiaah-admin", "is_active": true}	\N	2025-09-25 11:04:39
150	content_blocks	10	update	{"title": "Book OPD Appointments (9 am - 5 pm)", "content": "https://github.com/Deepfresh-star/ramaiaah-admin", "is_active": true}	{"title": "Book OPD Appointments (9 am - 5 pm)", "content": "https://msrmh.com/appointment/booking.php", "is_active": true}	\N	2025-09-25 11:06:02
151	content_blocks	12	update	{"title": "Book Video Consultation", "content": "/specialties", "is_active": true}	{"title": "Book Video Consultation", "content": "https://msrmh.com/appointment/booking.php", "is_active": true}	\N	2025-09-25 11:09:00
152	content_blocks	16	update	{"title": "550+", "content": "550+", "is_active": true}	{"title": "900", "content": "900", "is_active": true}	\N	2025-09-25 12:15:12
153	content_blocks	17	update	{"title": "110+", "content": "110+", "is_active": true}	{"title": "1100+", "content": "1100+", "is_active": true}	\N	2025-09-25 12:15:46
154	content_blocks	16	update	{"title": "900", "content": "900", "is_active": true}	{"title": "300+", "content": "300+", "is_active": true}	\N	2025-09-25 12:16:40
155	content_blocks	17	update	{"title": "1100+", "content": "1100+", "is_active": true}	{"title": "110+", "content": "110+", "is_active": true}	\N	2025-09-25 12:16:40
161	content_blocks	2	update	{"title": "Hero Subtitle", "content": "#LifeGetsBetterssss", "is_active": true}	{"title": "Hero Subtitle", "content": "#LifeGetsBetter", "is_active": true}	\N	2025-09-26 05:04:03
162	content_blocks	16	update	{"title": "300+", "content": "300+", "is_active": true}	{"title": "550+", "content": "550+", "is_active": true}	\N	2025-09-26 05:05:19
163	content_blocks	30	update	{"title": null, "content": "We are always indebted to Our Founder DR. M S Ramaiah, a visionary who built Institutions that redefined learning. It was his dream to impart Technical and Medical education to all, that made him establish two prestigious institutions, M S Ramaiah Institute of Technology (1962) and Ramaiah Medical College (1979). These are presently considered major hubs for education in the country.\\nHe believed that investment in education was the way forward for the development & progress of the nation. His thoughts & spirit have been the driving force for the Ramaiah Group of Institutions to uphold his values and spiritual thoughts for the future.\\nDr.M S Ramaiah saidWhat we have done for ourselves alone, dies with us. What we have done for others and the world remains, and is immortal.\\nHis vision was to build numerous educational institutions which paved the way for us in building the nation. Today under the umbrella of the Ramaiah Group there are more than 30 educational institutions. One of his dream projects was to establish a hospital that delivered high-quality healthcare to all sections of society at an affordable cost in the most ethical way. In 2004, this dream transformed to the establishment of Ramaiah Memorial Hospitals.", "is_active": true}	{"title": null, "content": "<p>We are always indebted to Our Founder DR. M S Ramaiah, a visionary who built Institutions that redefined learning. It was his dream to impart Technical and Medical education to all, that made him establish two prestigious institutions, M S Ramaiah Institute of Technology (1962) and Ramaiah Medical College (1979). These are presently considered major hubs for education in the country. </p><p><br></p><p>He believed that investment in education was the way forward for the development &amp; progress of the nation. His thoughts &amp; spirit have been the driving force for the Ramaiah Group of Institutions to uphold his values and spiritual thoughts for the future. </p><p><br></p><p>Dr.M S Ramaiah said&nbsp;What we have done for ourselves alone, dies with us. What we have done for others and the world remains, and is immortal.</p><p><br></p><p>His vision was to build numerous educational institutions which paved the way for us in building the nation. Today under the umbrella of the Ramaiah Group there are more than 30 educational institutions. One of his dream projects was to establish a hospital that delivered high-quality healthcare to all sections of society at an affordable cost in the most ethical way. In 2004, this dream transformed to the establishment of Ramaiah Memorial Hospital.</p>", "is_active": true}	\N	2025-09-29 05:45:12
164	content_blocks	30	update	{"title": null, "content": "<p>We are always indebted to Our Founder DR. M S Ramaiah, a visionary who built Institutions that redefined learning. It was his dream to impart Technical and Medical education to all, that made him establish two prestigious institutions, M S Ramaiah Institute of Technology (1962) and Ramaiah Medical College (1979). These are presently considered major hubs for education in the country. </p><p><br></p><p>He believed that investment in education was the way forward for the development &amp; progress of the nation. His thoughts &amp; spirit have been the driving force for the Ramaiah Group of Institutions to uphold his values and spiritual thoughts for the future. </p><p><br></p><p>Dr.M S Ramaiah said&nbsp;What we have done for ourselves alone, dies with us. What we have done for others and the world remains, and is immortal.</p><p><br></p><p>His vision was to build numerous educational institutions which paved the way for us in building the nation. Today under the umbrella of the Ramaiah Group there are more than 30 educational institutions. One of his dream projects was to establish a hospital that delivered high-quality healthcare to all sections of society at an affordable cost in the most ethical way. In 2004, this dream transformed to the establishment of Ramaiah Memorial Hospital.</p>", "is_active": true}	{"title": null, "content": "<p>We are always indebted to Our Founder DR. M S Ramaiah, a visionary who built Institutions that redefined learning. It was his dream to impart Technical and Medical education to all, that made him establish two prestigious institutions, M S Ramaiah Institute of Technology (1962) and Ramaiah Medical College (1979). These are presently considered major hubs for education in the country.</p><p><br></p><p>He believed that investment in education was the way forward for the development &amp; progress of the nation. His thoughts &amp; spirit have been the driving force for the Ramaiah Group of Institutions to uphold his values and spiritual thoughts for the future.</p><p><br></p><p>Dr.M S Ramaiah said&nbsp;What we have done for ourselves alone, dies with us. What we have done for others and the world remains, and is immortal.</p><p><br></p><p>His vision was to build numerous educational institutions which paved the way for us in building the nation. Today under the umbrella of the Ramaiah Group there are more than 30 educational institutions. One of his dream projects was to establish a hospital that delivered high-quality healthcare to all sections of society at an affordable cost in the most ethical way. In 2004, this dream transformed to the establishment of Ramaiah Memorial Hospital.</p>", "is_active": true}	\N	2025-09-29 06:03:17
165	content_blocks	30	update	{"title": null, "content": "<p>We are always indebted to Our Founder DR. M S Ramaiah, a visionary who built Institutions that redefined learning. It was his dream to impart Technical and Medical education to all, that made him establish two prestigious institutions, M S Ramaiah Institute of Technology (1962) and Ramaiah Medical College (1979). These are presently considered major hubs for education in the country.</p><p><br></p><p>He believed that investment in education was the way forward for the development &amp; progress of the nation. His thoughts &amp; spirit have been the driving force for the Ramaiah Group of Institutions to uphold his values and spiritual thoughts for the future.</p><p><br></p><p>Dr.M S Ramaiah said&nbsp;What we have done for ourselves alone, dies with us. What we have done for others and the world remains, and is immortal.</p><p><br></p><p>His vision was to build numerous educational institutions which paved the way for us in building the nation. Today under the umbrella of the Ramaiah Group there are more than 30 educational institutions. One of his dream projects was to establish a hospital that delivered high-quality healthcare to all sections of society at an affordable cost in the most ethical way. In 2004, this dream transformed to the establishment of Ramaiah Memorial Hospital.</p>", "is_active": true}	{"title": null, "content": "<ul><li>We are always indebted to Our Founder DR. M S Ramaiah, a visionary who built Institutions that redefined learning. It was his dream to impart Technical and Medical education to all, that made him establish two prestigious institutions, M S Ramaiah Institute of Technology (1962) and Ramaiah Medical College (1979). These are presently considered major hubs for education in the country.</li><li><br></li><li>He believed that investment in education was the way forward for the development &amp; progress of the nation. His thoughts &amp; spirit have been the driving force for the Ramaiah Group of Institutions to uphold his values and spiritual thoughts for the future.</li><li><br></li><li>Dr.M S Ramaiah said&nbsp;What we have done for ourselves alone, dies with us. What we have done for others and the world remains, and is immortal.</li><li><br></li><li>His vision was to build numerous educational institutions which paved the way for us in building the nation. Today under the umbrella of the Ramaiah Group there are more than 30 educational institutions. One of his dream projects was to establish a hospital that delivered high-quality healthcare to all sections of society at an affordable cost in the most ethical way. In 2004, this dream transformed to the establishment of Ramaiah Memorial Hospital.</li></ul>", "is_active": true}	\N	2025-09-30 09:48:00
166	content_blocks	30	update	{"title": null, "content": "<ul><li>We are always indebted to Our Founder DR. M S Ramaiah, a visionary who built Institutions that redefined learning. It was his dream to impart Technical and Medical education to all, that made him establish two prestigious institutions, M S Ramaiah Institute of Technology (1962) and Ramaiah Medical College (1979). These are presently considered major hubs for education in the country.</li><li><br></li><li>He believed that investment in education was the way forward for the development &amp; progress of the nation. His thoughts &amp; spirit have been the driving force for the Ramaiah Group of Institutions to uphold his values and spiritual thoughts for the future.</li><li><br></li><li>Dr.M S Ramaiah said&nbsp;What we have done for ourselves alone, dies with us. What we have done for others and the world remains, and is immortal.</li><li><br></li><li>His vision was to build numerous educational institutions which paved the way for us in building the nation. Today under the umbrella of the Ramaiah Group there are more than 30 educational institutions. One of his dream projects was to establish a hospital that delivered high-quality healthcare to all sections of society at an affordable cost in the most ethical way. In 2004, this dream transformed to the establishment of Ramaiah Memorial Hospital.</li></ul>", "is_active": true}	{"title": null, "content": "<p>We are always indebted to Our Founder DR. M S Ramaiah, a visionary who built Institutions that redefined learning. It was his dream to impart Technical and Medical education to all, that made him establish two prestigious institutions, M S Ramaiah Institute of Technology (1962) and Ramaiah Medical College (1979). These are presently considered major hubs for education in the country.</p><p>He believed that investment in education was the way forward for the development &amp; progress of the nation. His thoughts &amp; spirit have been the driving force for the Ramaiah Group of Institutions to uphold his values and spiritual thoughts for the future.</p><p>Dr.M S Ramaiah said What we have done for ourselves alone, dies with us. What we have done for others and the world remains, and is immortal.</p><p>His vision was to build numerous educational institutions which paved the way for us in building the nation. Today under the umbrella of the Ramaiah Group there are more than 30 educational institutions. One of his dream projects was to establish a hospital that delivered high-quality healthcare to all sections of society at an affordable cost in the most ethical way. In 2004, this dream transformed to the establishment of Ramaiah Memorial Hospital.</p>", "is_active": true}	\N	2025-09-30 09:51:03
167	content_blocks	30	update	{"title": null, "content": "<p>We are always indebted to Our Founder DR. M S Ramaiah, a visionary who built Institutions that redefined learning. It was his dream to impart Technical and Medical education to all, that made him establish two prestigious institutions, M S Ramaiah Institute of Technology (1962) and Ramaiah Medical College (1979). These are presently considered major hubs for education in the country.</p><p>He believed that investment in education was the way forward for the development &amp; progress of the nation. His thoughts &amp; spirit have been the driving force for the Ramaiah Group of Institutions to uphold his values and spiritual thoughts for the future.</p><p>Dr.M S Ramaiah said What we have done for ourselves alone, dies with us. What we have done for others and the world remains, and is immortal.</p><p>His vision was to build numerous educational institutions which paved the way for us in building the nation. Today under the umbrella of the Ramaiah Group there are more than 30 educational institutions. One of his dream projects was to establish a hospital that delivered high-quality healthcare to all sections of society at an affordable cost in the most ethical way. In 2004, this dream transformed to the establishment of Ramaiah Memorial Hospital.</p>", "is_active": true}	{"title": null, "content": "<p>We are always indebted to Our Founder DR. M S Ramaiah, a visionary who built Institutions that redefined learning. It was his dream to impart Technical and Medical education to all, that made him establish two prestigious institutions, M S Ramaiah Institute of Technology (1962) and Ramaiah Medical College (1979). These are presently considered major hubs for education in the country.</p><p>&lt;br /&gt;</p><p>He believed that investment in education was the way forward for the development &amp; progress of the nation. His thoughts &amp; spirit have been the driving force for the Ramaiah Group of Institutions to uphold his values and spiritual thoughts for the future.</p><p>Dr.M S Ramaiah said What we have done for ourselves alone, dies with us. What we have done for others and the world remains, and is immortal.</p><p>His vision was to build numerous educational institutions which paved the way for us in building the nation. Today under the umbrella of the Ramaiah Group there are more than 30 educational institutions. One of his dream projects was to establish a hospital that delivered high-quality healthcare to all sections of society at an affordable cost in the most ethical way. In 2004, this dream transformed to the establishment of Ramaiah Memorial Hospital.</p>", "is_active": true}	\N	2025-09-30 10:04:30
168	content_blocks	30	update	{"title": null, "content": "<p>We are always indebted to Our Founder DR. M S Ramaiah, a visionary who built Institutions that redefined learning. It was his dream to impart Technical and Medical education to all, that made him establish two prestigious institutions, M S Ramaiah Institute of Technology (1962) and Ramaiah Medical College (1979). These are presently considered major hubs for education in the country.</p><p>&lt;br /&gt;</p><p>He believed that investment in education was the way forward for the development &amp; progress of the nation. His thoughts &amp; spirit have been the driving force for the Ramaiah Group of Institutions to uphold his values and spiritual thoughts for the future.</p><p>Dr.M S Ramaiah said What we have done for ourselves alone, dies with us. What we have done for others and the world remains, and is immortal.</p><p>His vision was to build numerous educational institutions which paved the way for us in building the nation. Today under the umbrella of the Ramaiah Group there are more than 30 educational institutions. One of his dream projects was to establish a hospital that delivered high-quality healthcare to all sections of society at an affordable cost in the most ethical way. In 2004, this dream transformed to the establishment of Ramaiah Memorial Hospital.</p>", "is_active": true}	{"title": null, "content": "We are always indebted to Our Founder DR. M S Ramaiah, a visionary who built Institutions that redefined learning. It was his dream to impart Technical and Medical education to all, that made him establish two prestigious institutions, M S Ramaiah Institute of Technology (1962) and Ramaiah Medical College (1979). These are presently considered major hubs for education in the country.\\n\\nHe believed that investment in education was the way forward for the development & progress of the nation. His thoughts & spirit have been the driving force for the Ramaiah Group of Institutions to uphold his values and spiritual thoughts for the future.\\n\\nDr.M S Ramaiah saidWhat we have done for ourselves alone, dies with us. What we have done for others and the world remains, and is immortal.\\n\\nHis vision was to build numerous educational institutions which paved the way for us in building the nation. Today under the umbrella of the Ramaiah Group there are more than 30 educational institutions. One of his dream projects was to establish a hospital that delivered high-quality healthcare to all sections of society at an affordable cost in the most ethical way. In 2004, this dream transformed to the establishment of Ramaiah Memorial Hospital.", "is_active": true}	\N	2025-09-30 10:13:43
169	content_blocks	30	update	{"title": null, "content": "We are always indebted to Our Founder DR. M S Ramaiah, a visionary who built Institutions that redefined learning. It was his dream to impart Technical and Medical education to all, that made him establish two prestigious institutions, M S Ramaiah Institute of Technology (1962) and Ramaiah Medical College (1979). These are presently considered major hubs for education in the country.\\n\\nHe believed that investment in education was the way forward for the development & progress of the nation. His thoughts & spirit have been the driving force for the Ramaiah Group of Institutions to uphold his values and spiritual thoughts for the future.\\n\\nDr.M S Ramaiah saidWhat we have done for ourselves alone, dies with us. What we have done for others and the world remains, and is immortal.\\n\\nHis vision was to build numerous educational institutions which paved the way for us in building the nation. Today under the umbrella of the Ramaiah Group there are more than 30 educational institutions. One of his dream projects was to establish a hospital that delivered high-quality healthcare to all sections of society at an affordable cost in the most ethical way. In 2004, this dream transformed to the establishment of Ramaiah Memorial Hospital.", "is_active": true}	{"title": null, "content": "We are always indebted to Our Founder DR. M S Ramaiah, a visionary who built Institutions that redefined learning. It was his dream to impart Technical and Medical education to all, that made him establish two prestigious institutions, M S Ramaiah Institute of Technology (1962) and Ramaiah Medical College (1979). These are presently considered major hubs for education in the country.\\n\\nHe believed that investment in education was the way forward for the development & progress of the nation. His thoughts & spirit have been the driving force for the Ramaiah Group of Institutions to uphold his values and spiritual thoughts for the future.\\n\\nDr.M S Ramaiah saidWhat we have done for ourselves alone, dies with us. What we have done for others and the world remains, and is immortal.\\n\\n\\nHis vision was to build numerous educational institutions which paved the way for us in building the nation. Today under the umbrella of the Ramaiah Group there are more than 30 educational institutions. One of his dream projects was to establish a hospital that delivered high-quality healthcare to all sections of society at an affordable cost in the most ethical way. In 2004, this dream transformed to the establishment of Ramaiah Memorial Hospital.", "is_active": true}	\N	2025-09-30 10:39:13
\.


--
-- TOC entry 5340 (class 0 OID 17092)
-- Dependencies: 229
-- Data for Name: doctor_media; Type: TABLE DATA; Schema: public; Owner: postgres
--

COPY public.doctor_media (id, doctor_id, media_file_id, media_type, display_order, created_at) FROM stdin;
\.


--
-- TOC entry 5342 (class 0 OID 17100)
-- Dependencies: 231
-- Data for Name: doctor_specialties; Type: TABLE DATA; Schema: public; Owner: postgres
--

COPY public.doctor_specialties (id, doctor_id, specialty_id, is_primary, created_at, display_order) FROM stdin;
1	1	1	f	2025-09-22 11:59:04	1
2	2	1	f	2025-09-23 06:07:33	2
3	2	2	f	2025-09-23 06:16:37	1
7	4	1	f	2025-10-17 12:05:09.445368	3
8	4	4	f	2025-10-17 12:05:10.534685	1
9	5	1	f	2025-10-17 12:09:53.202257	4
10	6	1	f	2025-10-17 12:10:21.586298	5
11	7	1	f	2025-10-17 12:18:07.70308	6
12	7	2	f	2025-10-17 12:18:09.080159	1
13	8	2	f	2025-10-17 12:19:31.082873	2
14	9	2	f	2025-10-17 12:20:11.09	3
15	10	3	f	2025-10-17 12:27:12.777007	1
16	11	3	f	2025-10-17 12:27:44.462154	2
17	12	3	f	2025-10-17 12:28:12.615276	3
18	13	3	f	2025-10-17 12:28:38.951192	4
19	14	5	f	2025-10-17 12:29:05.48017	1
20	15	5	f	2025-10-17 12:29:33.801711	2
23	1	4	f	2025-10-30 10:08:58.689243	\N
\.


--
-- TOC entry 5344 (class 0 OID 17106)
-- Dependencies: 233
-- Data for Name: doctors; Type: TABLE DATA; Schema: public; Owner: postgres
--

COPY public.doctors (id, first_name, last_name, slug, profile_image, designation, qualifications, experience_years, specializations, about, achievements, languages, consultation_fee, is_active, is_featured, display_order, created_at, updated_at) FROM stdin;
1	DR. SANTHOSH	DEVADAS	dr-santhosh-devadas	https://res.cloudinary.com/dl7etn5bx/image/upload/v1760441355/site_settings/1760441352595-731353178_pfgc7g.png	HOD & Consultant  Department of Medical Oncology & Chief  Bone Marrow Transplant	DM (Medical Oncology), MD(Internal Medicine)	15	Medical Oncology	\N	\N	Kannada, English, Hindi	\N	t	f	0	2025-09-22 11:50:10	2025-10-14 11:29:36.906383
2	DR. VINAYAK	MAKA	dr-vinayak-maka	https://res.cloudinary.com/dl7etn5bx/image/upload/v1760442082/site_settings/1760442080105-151618286_uioezz.png	Consultant - Medical Oncology MBBS, MD(Genera1 Medicine), DM(Medica1 Oncology). ESMO Certification In Medical Oncology, Clinical Fellowship. Haematology And BMT. Singapore	DM(Medica1 Oncology). ESMO\\nCertification In Medical Oncology,\\nClinical Fellowship	\N	Medical Oncology	\N	\N	\N	\N	t	f	0	2025-09-23 06:03:53	2025-10-14 11:41:39.970629
4	DR. RASMI	PALASSERY	dr-rasmi-palassery	https://res.cloudinary.com/dl7etn5bx/image/upload/v1760702561/site_settings/1760702559668-792852342_hanhjp.png	Consultant - Medical Oncology	MBBS, MD (Pediatrics), Fellowship in Pediatric Hematology/Oncology, American Board Of Pediatrics Certified	\N	Pediatric Hematology/Oncology	\N	\N	\N	\N	t	f	0	2025-10-17 12:05:08.346127	2025-10-17 12:06:45.855328
6	DR. MOUNA	B M	dr-mouna-b-m	https://res.cloudinary.com/dl7etn5bx/image/upload/v1760703197/site_settings/1760703196520-94298154_ebhz0g.png	Consultant - Medical Oncologist	MBBS, MD (Internal Medicine) AIMS New Delhi, DM (Medical Oncology) AIMS New Delhi, ESAO Certified	\N	Medical Oncology	\N	\N	\N	\N	t	f	5	2025-10-17 12:10:20.468678	2025-10-17 12:14:24.112522
7	DR. HARISH	K	dr-harish-k	https://res.cloudinary.com/dl7etn5bx/image/upload/v1760703677/site_settings/1760703675384-890583287_mnel0u.png	Director - Ramalati Institute of Orocedeencea, HOD & Consultant - Surgical Oncologist	M.S., M.Ch., FACS, FICS, FRCS (Glas), FAMS	\N	Surgical Oncology	\N	\N	\N	\N	t	f	1	2025-10-17 12:18:06.571204	2025-10-17 12:24:29.760064
8	DR. ARAVIND	S KAPALI	dr-aravind-s-kapali	https://res.cloudinary.com/dl7etn5bx/image/upload/v1760703754/site_settings/1760703753217-961073763_g2wcwy.png	Consultant - Surgical Oncologist	M.S., M.Ch., DNB, MRCS (Eng), MAMS	\N	Surgical Oncology	\N	\N	\N	\N	t	f	2	2025-10-17 12:19:29.943342	2025-10-17 12:24:29.760064
9	DR.DEEPAK	RAMRAJ	dr-deepak-ramraj	https://res.cloudinary.com/dl7etn5bx/image/upload/v1760703821/site_settings/1760703820749-340647371_iyev4y.png	Consultant - Surgical Oncologist	MBBS, MS, MCh (Surgical Oncology), DNB (Surgical Oncology), FAMSO (Minimal Invasive And Robotic Surgery)	\N	Surgical Oncology	\N	\N	\N	\N	t	f	3	2025-10-17 12:20:09.995631	2025-10-17 12:24:29.760064
10	DR.ARUL	PONNI T. R.	dr-arul-ponni-t-r	https://res.cloudinary.com/dl7etn5bx/image/upload/v1760704224/site_settings/1760704222800-294177403_rjfdgl.png	HOD Of Radiation Oncology	BSc, MBBS, MD Radiation Oncology, FLACA (USA)	\N	Radiation Oncology	\N	\N	\N	\N	t	f	1	2025-10-17 12:27:11.714871	2025-10-17 12:30:55.890711
11	DR.JANAKI	M. G.	dr-janaki-m-g	https://res.cloudinary.com/dl7etn5bx/image/upload/v1760704281/site_settings/1760704279680-920028921_qsyotr.png	Consultant	MBBS, MD Radiation Oncology, DNB Radiation Oncology	\N	Radiation Oncology	\N	\N	\N	\N	t	f	2	2025-10-17 12:27:43.356626	2025-10-17 12:35:34.901179
12	DR.MOHAN	KUMAR S.	dr-mohan-kumar-s	https://res.cloudinary.com/dl7etn5bx/image/upload/v1760704345/site_settings/1760704344573-738878979_vm48at.png	Consultant	MBBS, MD Radiation Oncology, LUCC Master Course Eternal University Master Course in Research	\N	Radiation Oncology	\N	\N	\N	\N	t	f	3	2025-10-17 12:28:11.485342	2025-10-17 12:35:34.901179
13	DR.LITHIKA	LAVANYA M.	dr-lithika-lavanya-m	https://res.cloudinary.com/dl7etn5bx/image/upload/v1760704391/site_settings/1760704390282-792550279_ppqb2z.png	Consultant	MBBS, MD, DNB Radiation Oncology, ROUHB Certified Fellowship in Advance Techniques in Radiation Oncology, MCC Certified Counsel in Essentials Of Palliative Care	\N	Radiation Oncology	\N	\N	\N	\N	t	f	4	2025-10-17 12:28:37.733602	2025-10-17 12:35:34.901179
14	DR.ZAEEBA	N	dr-zaeeba-n	https://res.cloudinary.com/dl7etn5bx/image/upload/v1760704449/site_settings/1760704448007-809459653https://res.cloudinary.com/dl7etn5bx/image/upload/v1760704449/site_settings/1760704448007-809459653_v0iec1.png_v0iec1.png	Consultant - Nuclear Medicine	MBBS, MD (Nuclear Medicine)	\N	Nuclear Medicine	\N	\N	\N	\N	t	f	1	2025-10-17 12:29:04.151624	2025-10-17 12:35:34.901179
15	DR.AVINAASH	R	dr-avinaash-r	https://res.cloudinary.com/dl7etn5bx/image/upload/v1760704503/site_settings/1760704502283-208132766_ybsxp2.png	Consultant - Nuclear Medicine	MBBS, DNB (Nuclear Medicine)	\N	Nuclear Medicine	\N	\N	\N	\N	t	f	2	2025-10-17 12:29:32.542291	2025-10-17 12:35:34.901179
5	DR. NISHIL	GOWDA	dr-nishil-gowda	https://res.cloudinary.com/dl7etn5bx/image/upload/v1760703110/site_settings/1760703109877-927955791_jkhjfc.png	Consultant - Medical Oncology	MBBS, MD (Internal Medicine), DM (Medical Oncology), ESAO Certified	\N	Medical Oncology	\N	\N	\N	\N	t	f	0	2025-10-17 12:09:52.128999	2025-10-17 12:56:16.291713
\.


--
-- TOC entry 5346 (class 0 OID 17117)
-- Dependencies: 235
-- Data for Name: facilities; Type: TABLE DATA; Schema: public; Owner: postgres
--

COPY public.facilities (id, name, slug, description, features, equipment, capacity, is_active, display_order, created_at, updated_at) FROM stdin;
1	Outpatient Service	outpatient-service	outpatient service here	\N	\N	\N	t	1	2025-09-22 09:35:17	2025-10-14 11:14:01.585037
2	Inpatient Wards	inpatient-wards	inpatient-wards	\N	\N	\N	t	2	2025-09-22 09:36:33	2025-10-14 11:14:01.585037
3	Daycare Chemotherapy Units	daycare-chemotherapy-units	Daycare Chemotherapy Units	\N	\N	\N	t	3	2025-09-22 09:38:06	2025-10-14 11:14:01.585037
4	Radiation Therapy	radiation-therapy	Radiation Therapy	\N	\N	\N	t	4	2025-09-22 09:38:54	2025-10-14 11:14:01.585037
5	Robotic & Laparoscopic Oncosurgery	robotic-laparoscopic-oncosurgery	Robotic & Laparoscopic Oncosurgery	\N	\N	\N	t	5	2025-09-22 09:39:57	2025-10-14 11:14:01.585037
6	Genetic Counselling	genetic-counselling	Genetic Counselling	\N	\N	\N	t	6	2025-09-22 09:40:37	2025-10-14 11:14:01.585037
7	PET-CT	pet-ct	PET-CT	\N	\N	\N	t	7	2025-09-22 09:41:16	2025-10-14 11:14:01.585037
8	Laboratory	laboratory	Laboratory	\N	\N	\N	t	8	2025-09-22 09:41:50	2025-10-14 11:14:01.585037
9	Pharmacy	pharmacy	Pharmacy	\N	\N	\N	t	9	2025-09-22 09:42:15	2025-10-14 11:14:01.585037
42	Autologous Stem Cell Transplant	autologous-stem-cell-transplant	Autologous Stem Cell Transplant	\N	\N	\N	t	0	2025-10-30 06:57:43.368431	2025-10-30 06:57:43.368431
14	Targeted Therapy	targeted-therapy	Targeted Therapy	\N	\N	\N	t	5	2025-10-15 11:08:58.08974	2025-10-15 11:08:58.08974
15	Immunotherapy	immunotherapy	Immunotherapy	\N	\N	\N	t	4	2025-10-15 11:08:58.08974	2025-10-15 11:08:58.08974
16	Chemotherapy 	chemotherapy 	Chemotherapy 	\N	\N	\N	t	3	2025-10-15 11:08:58.08974	2025-10-15 11:08:58.08974
17	Benign Hematology	benign-hematology	Benign Hematology	\N	\N	\N	t	9	2025-10-15 11:08:58.08974	2025-10-15 11:08:58.08974
18	Integrative Oncology / Palliative care	integrative-oncology-palliative-care	Integrative Oncology / Palliative care	\N	\N	\N	t	8	2025-10-15 11:08:58.08974	2025-10-15 11:08:58.08974
10	Pediatric Oncology	pediatric-oncology 	Pediatric Oncology 	\N	\N	\N	t	0	2025-10-15 10:10:43.031562	2025-10-30 06:06:51.187607
11	Hemato Oncology	hemato-oncology	Hemato Oncology 	\N	\N	\N	t	1	2025-10-15 10:12:58.18717	2025-10-30 06:06:51.187607
12	Solid Tumor Oncology 	solidtumor-oncology 	Solid Tumor Oncology 	\N	\N	\N	t	2	2025-10-15 11:08:58.08974	2025-10-30 06:06:51.187607
13	CAR-T Cell Therapy 	car-t-Cell-therapy 	CAR-T Cell Therapy	\N	\N	\N	t	7	2025-10-15 11:08:58.08974	2025-10-30 06:06:51.187607
19	Bone Marrow Transplant (Autologous, Allogenic, Haplo-identical)	bone-marrow-transplant-autologous-allogenic-haplo-identical	Bone Marrow Transplant (Autologous, Allogenic, Haplo-identical)	\N	\N	\N	t	6	2025-10-15 11:08:58.08974	2025-10-30 06:06:51.187607
20	Head & Neck Oncosurgery	head-neck-oncosurgery	Head & Neck Oncosurgery	\N	\N	\N	t	0	2025-10-30 06:40:14.291717	2025-10-30 06:40:14.291717
21	Breast Oncosurgery	breast-oncosurgery	Breast Oncosurgery	\N	\N	\N	t	1	2025-10-30 06:40:14.291717	2025-10-30 06:40:14.291717
22	Gastrointestinal Oncosurgery	gastrointestinal-oncosurgery	Gastrointestinal Oncosurgery	\N	\N	\N	t	2	2025-10-30 06:40:14.291717	2025-10-30 06:40:14.291717
23	Robotic Oncosurgery	robotic-oncosurgery	Robotic Oncosurgery	\N	\N	\N	t	3	2025-10-30 06:40:14.291717	2025-10-30 06:40:14.291717
24	Gynee Oncosurgery	gynee-oncosurgery	Gynee Oncosurgery	\N	\N	\N	t	4	2025-10-30 06:40:14.291717	2025-10-30 06:40:14.291717
25	Thoracic Oncosurgery	thoracic-oncosurgery	Thoracic Oncosurgery	\N	\N	\N	t	5	2025-10-30 06:40:14.291717	2025-10-30 06:40:14.291717
26	HPB Oncosurgery	hpb-oncosurgery	HPB Oncosurgery	\N	\N	\N	t	6	2025-10-30 06:40:14.291717	2025-10-30 06:40:14.291717
27	Laparoscopic Oncosurgery	laparoscopic-oncosurgery	Laparoscopic Oncosurgery	\N	\N	\N	t	7	2025-10-30 06:40:14.291717	2025-10-30 06:40:14.291717
28	Ortho Oncosurgery	ortho-oncosurgery	Ortho Oncosurgery	\N	\N	\N	t	8	2025-10-30 06:40:14.291717	2025-10-30 06:40:14.291717
29	CRS  HIPEC, PIPEC	crs-hipec-pipec	CRS  HIPEC, PIPEC	\N	\N	\N	t	9	2025-10-30 06:40:14.291717	2025-10-30 06:40:14.291717
31	Image Guided Radiotherapy (IGRT)	image-guided-radiotherapy-igrt	Image Guided Radiotherapy (IGRT)	\N	\N	\N	t	0	2025-10-30 06:51:49.473771	2025-10-30 06:51:49.473771
32	Volumetric Modulated Arc Radiotherapy (VMAT)	volumetric-modulated-arc-radiotherapy-vmat	Volumetric Modulated Arc Radiotherapy (VMAT)	\N	\N	\N	t	1	2025-10-30 06:51:49.473771	2025-10-30 06:51:49.473771
33	Intensity Modulated Radiotherapy (IMRT)	intensity-modulated-radiotherapy-imrt	Intensity Modulated Radiotherapy (IMRT)	\N	\N	\N	t	2	2025-10-30 06:51:49.473771	2025-10-30 06:51:49.473771
34	3-Dimensional Radiotherapy (3D-RT)	3-dimensional-radiotherapy-3d-rt	3-Dimensional Radiotherapy (3D-RT)	\N	\N	\N	t	3	2025-10-30 06:51:49.473771	2025-10-30 06:51:49.473771
35	Conventional / Palliative Therapy	conventional-palliative-therapy	Conventional / Palliative Therapy	\N	\N	\N	t	4	2025-10-30 06:51:49.473771	2025-10-30 06:51:49.473771
36	Stereotactic Body Radiation Therapy	stereotactic-body-radiation-therapy	Stereotactic Body Radiation Therapy	\N	\N	\N	t	5	2025-10-30 06:51:49.473771	2025-10-30 06:51:49.473771
37	Total Body Irradiation	total-body-irradiation	Total Body Irradiation	\N	\N	\N	t	6	2025-10-30 06:51:49.473771	2025-10-30 06:51:49.473771
38	Total Skin Electron Therapy	total-skin-electron-therapy	Total Skin Electron Therapy	\N	\N	\N	t	7	2025-10-30 06:51:49.473771	2025-10-30 06:51:49.473771
39	Intraoperative Radiation Therapy (IORT)	intraoperative-radiation-therapy-iort	Intraoperative Radiation Therapy (IORT)	\N	\N	\N	t	8	2025-10-30 06:51:49.473771	2025-10-30 06:51:49.473771
40	HDR Brachytherapy	hdr-brachytherapy	HDR Brachytherapy	\N	\N	\N	t	9	2025-10-30 06:51:49.473771	2025-10-30 06:51:49.473771
41	Stereotactic Radiosurgery	stereotactic-radiosurgery	Stereotactic Radiosurgery	\N	\N	\N	t	10	2025-10-30 06:51:49.473771	2025-10-30 06:51:49.473771
43	Allogeneic Bone Marrow Transplantation	allogeneic-bone-marrow-transplantation	Allogeneic Bone Marrow Transplantation	\N	\N	\N	t	1	2025-10-30 06:57:43.368431	2025-10-30 06:57:43.368431
44	Haploidentical Bone Marrow Transplantation	haploidentical-bone-marrow-transplantation	Haploidentical Bone Marrow Transplantation	\N	\N	\N	t	2	2025-10-30 06:57:43.368431	2025-10-30 06:57:43.368431
45	Reduced Intensity Bone Marrow Transplantation	reduced-intensity-bone-marrow-transplantation	Reduced Intensity Bone Marrow Transplantation	\N	\N	\N	t	3	2025-10-30 06:57:43.368431	2025-10-30 06:57:43.368431
46	Haploidentical Stem Cell Transplantation	haploidentical-stem-cell-transplantation	Haploidentical Stem Cell Transplantation	\N	\N	\N	t	4	2025-10-30 06:57:43.368431	2025-10-30 06:57:43.368431
47	Umbilical Cord Blood (UCB) Allogeneic Bone Marrow Transplantation	umbilical-cord-blood-ucb-allogeneic-bone-marrow-transplantation	Umbilical Cord Blood (UCB) Allogeneic Bone Marrow Transplantation	\N	\N	\N	t	5	2025-10-30 06:57:43.368431	2025-10-30 06:57:43.368431
48	CAR-T Cell Therapy for Hematological Malignancies	car-t-cell-therapy-for-hematological-malignancies	CAR-T Cell Therapy for Hematological Malignancies	\N	\N	\N	t	6	2025-10-30 06:57:43.368431	2025-10-30 06:57:43.368431
49	PETCT	petct	PETCT	\N	\N	\N	t	0	2025-10-30 07:01:42.278465	2025-10-30 07:01:42.278465
50	Gamma Camera	gamma-camera	Gamma Camera	\N	\N	\N	t	1	2025-10-30 07:01:42.278465	2025-10-30 07:01:42.278465
51	Nuclear Therapies	nuclear-therapies	Nuclear Therapies	\N	\N	\N	t	2	2025-10-30 07:01:42.278465	2025-10-30 07:01:42.278465
\.


--
-- TOC entry 5348 (class 0 OID 17127)
-- Dependencies: 237
-- Data for Name: facility_specialties; Type: TABLE DATA; Schema: public; Owner: postgres
--

COPY public.facility_specialties (id, facility_id, specialty_id, content_block_id, created_at) FROM stdin;
1	1	\N	47	2025-09-22 10:34:12
2	2	\N	47	2025-09-22 10:43:49
3	3	\N	47	2025-09-23 06:28:01
4	4	\N	47	2025-10-14 11:17:16.289308
5	5	\N	47	2025-10-14 11:18:34.904476
6	6	\N	47	2025-10-14 11:18:34.904476
7	7	\N	47	2025-10-14 11:18:34.904476
8	8	\N	47	2025-10-14 11:18:34.904476
9	9	\N	47	2025-10-14 11:18:34.904476
10	10	\N	116	2025-10-15 10:14:23.552656
11	11	\N	116	2025-10-15 10:14:23.552656
12	12	\N	116	2025-10-15 11:12:32.273221
13	15	\N	116	2025-10-15 11:12:32.273221
14	14	\N	116	2025-10-15 11:12:32.273221
15	13	\N	116	2025-10-15 11:12:32.273221
16	16	\N	116	2025-10-15 11:12:32.273221
17	19	\N	116	2025-10-15 11:12:32.273221
18	18	\N	116	2025-10-15 11:12:32.273221
19	17	\N	116	2025-10-15 11:12:32.273221
20	20	\N	128	2025-10-30 06:43:57.868001
21	21	\N	128	2025-10-30 06:43:57.868001
22	22	\N	128	2025-10-30 06:43:57.868001
23	23	\N	128	2025-10-30 06:43:57.868001
24	24	\N	128	2025-10-30 06:43:57.868001
25	25	\N	128	2025-10-30 06:43:57.868001
26	26	\N	128	2025-10-30 06:43:57.868001
27	27	\N	128	2025-10-30 06:43:57.868001
28	28	\N	128	2025-10-30 06:43:57.868001
29	29	\N	128	2025-10-30 06:43:57.868001
30	31	\N	129	2025-10-30 06:55:18.815889
31	32	\N	129	2025-10-30 06:55:18.815889
32	33	\N	129	2025-10-30 06:55:18.815889
33	34	\N	129	2025-10-30 06:55:18.815889
34	35	\N	129	2025-10-30 06:55:18.815889
35	36	\N	129	2025-10-30 06:55:18.815889
36	37	\N	129	2025-10-30 06:55:18.815889
37	38	\N	129	2025-10-30 06:55:18.815889
38	39	\N	129	2025-10-30 06:55:18.815889
39	40	\N	129	2025-10-30 06:55:18.815889
40	41	\N	129	2025-10-30 06:55:18.815889
41	42	\N	130	2025-10-30 07:00:17.510295
42	43	\N	130	2025-10-30 07:00:17.510295
43	44	\N	130	2025-10-30 07:00:17.510295
44	45	\N	130	2025-10-30 07:00:17.510295
45	46	\N	130	2025-10-30 07:00:17.510295
46	47	\N	130	2025-10-30 07:00:17.510295
47	48	\N	130	2025-10-30 07:00:17.510295
48	49	\N	131	2025-10-30 07:02:28.398632
49	50	\N	131	2025-10-30 07:02:28.398632
50	51	\N	131	2025-10-30 07:02:28.398632
\.


--
-- TOC entry 5350 (class 0 OID 17132)
-- Dependencies: 239
-- Data for Name: faqs; Type: TABLE DATA; Schema: public; Owner: postgres
--

COPY public.faqs (id, content_block_id, question, answer, category, is_active, display_order, created_at, updated_at) FROM stdin;
\.


--
-- TOC entry 5352 (class 0 OID 17142)
-- Dependencies: 241
-- Data for Name: footer_category; Type: TABLE DATA; Schema: public; Owner: postgres
--

COPY public.footer_category (id, name, slug, display_order, created_at, updated_at) FROM stdin;
1	Contact Info & Social Links	contact-info-social-links	1	2025-09-23 14:33:28	2025-09-23 14:50:25
2	RMH Centers of Excellence	rmh-centers-of-excellence	2	2025-09-23 14:34:35	2025-09-23 14:50:31
3	Quick Links	quick-links	3	2025-09-23 14:34:35	2025-09-23 14:50:33
4	Clinical Services	clinical-services	4	2025-09-23 14:35:20	2025-09-23 14:50:35
5	Diagnostic Services	diagnostic-services	5	2025-09-23 14:35:20	2025-09-23 14:50:38
6	Laboratory Services	laboratory-services	6	2025-09-23 14:36:12	2025-09-23 14:50:41
7	Transfusion Services	transfusion-services	7	2025-09-23 14:36:12	2025-09-23 14:50:44
8	Allied Clinical Services	allied-clinical-services	8	2025-09-23 14:37:01	2025-09-23 14:50:52
9	Support Services	support-services	9	2025-09-23 14:37:01	2025-09-23 14:50:55
\.


--
-- TOC entry 5354 (class 0 OID 17150)
-- Dependencies: 243
-- Data for Name: footer_content; Type: TABLE DATA; Schema: public; Owner: postgres
--

COPY public.footer_content (id, category_id, title, slug, url, content, icon, created_at, updated_at) FROM stdin;
2	1	address	\N	\N	New BEL Road, M S Ramaiah Nagar, MSRIT Post, Bengaluru, Karnataka 560054	\N	2025-09-23 14:40:58	2025-09-23 14:40:58
3	1	email	\N	\N	contact@msrmh.com	\N	2025-09-23 14:42:06	2025-09-23 14:42:06
4	1	mobile	\N	\N	+91 80 6215 3400	\N	2025-09-23 14:42:38	2025-09-23 14:42:38
10	2	Ramaiah Institute of Cardiac Sciences	\N	\N	Ramaiah Institute of Cardiac Sciences	\N	2025-09-23 14:53:12	2025-09-23 14:53:12
11	2	Ramaiah Institute of Oncosciences	\N		Ramaiah Institute of Oncosciences	\N	2025-09-23 14:54:32	2025-09-23 14:55:26
12	2	Ramaiah Institute of  Nephro-Uro Sciences	\N	\N	Ramaiah Institute of  Nephro-Uro Sciences	\N	2025-09-23 14:54:32	2025-09-23 14:54:32
13	2	Ramaiah Institute of Neuro Sciences 	\N	\N	Ramaiah Institute of Neuro Sciences 	\N	2025-09-24 15:04:29	2025-09-24 15:04:29
14	2	Ramaiah Institute of Gastro Enteric Sciences	\N	\N	Ramaiah Institute of Gastro Enteric Sciences	\N	2025-09-24 15:04:51	2025-09-24 15:04:51
15	3	About Us	\N	\N	About Us	\N	2025-09-24 15:06:12	2025-09-24 15:06:12
16	3	International Patient Care	international-patient-care	\N	International Patient Care	\N	2025-09-24 15:09:29	2025-09-24 15:09:29
17	3	Media & Events	media-events	\N	Media & Events	\N	2025-09-24 15:09:29	2025-09-24 15:09:43
18	3	Careers	careers	\N	Careers	\N	2025-09-24 15:10:48	2025-09-24 15:10:48
19	3	Blogs	blogs	\N	Blogs	\N	2025-09-24 15:10:48	2025-09-24 15:10:48
20	3	Contact Us	contact	\N	Contact Us	\N	2025-09-24 15:11:51	2025-09-24 15:11:51
21	4	Anesthesiology	anesthesiology	\N	anesthesiology	\N	2025-09-24 15:46:43	2025-09-24 15:48:10
22	4	Cardiology & Interventional Cardiology	cardiology-interventional-cardiology	\N	Cardiology & Interventional Cardiology	\N	2025-09-24 16:13:16	2025-09-24 16:13:16
23	4	Cardio-Thoracic Surgery	cardio-thoracic-surgery	\N	Cardio-Thoracic Surgery	\N	2025-09-24 16:14:30	2025-09-24 16:14:30
24	4	Critical Care	critical-care	\N	Critical Care	\N	2025-09-24 16:15:29	2025-09-24 16:15:29
25	4	Dental and Maxillo Facial Surgery	dental-and-maxillo-facial-surgery	\N	Dental and Maxillo Facial Surgery	\N	2025-09-24 16:17:04	2025-09-24 16:17:04
26	4	Dermatology and Venereology	dermatology-and-venereology	\N	Dermatology and Venereology	\N	2025-09-24 16:17:44	2025-09-24 16:17:44
27	4	Emergency Medicine	emergency-medicine	\N	Emergency Medicine	\N	2025-09-24 16:18:14	2025-09-24 16:18:14
28	4	Endocrinology	endocrinology	\N	Endocrinology	\N	2025-09-24 16:18:42	2025-09-24 16:18:42
29	4	General Medicine	general-medicine	\N	General Medicine	\N	2025-09-24 16:19:14	2025-09-24 16:19:14
30	4	General Surgery	general-surgery	\N	General Surgery	\N	2025-09-24 16:19:49	2025-09-24 16:19:49
31	4	Medical Gastroenterology	medical-gastroenterology	\N	Medical Gastroenterology	\N	2025-09-24 16:20:20	2025-09-24 16:20:20
32	4	Medical Oncology	medical-oncology	\N	Medical Oncology	\N	2025-09-24 16:20:48	2025-09-24 16:20:48
33	4	Neonatology	neonatology	\N	Neonatology	\N	2025-09-24 16:21:16	2025-09-24 16:21:16
34	4	Nephrology including Dialysis	nephrology-including-dialysis	\N	Nephrology including Dialysis	\N	2025-09-24 16:22:07	2025-09-24 16:22:07
35	4	Neurology	neurology	\N	Neurology	\N	2025-09-24 16:22:38	2025-09-24 16:22:38
36	4	Neurosurgery	neurosurgery	\N	Neurosurgery	\N	2025-09-24 16:22:59	2025-09-24 16:22:59
37	4	Nuclear Medicine	nuclear-medicine	\N	Nuclear Medicine	\N	2025-09-24 16:23:31	2025-09-24 16:23:31
38	4	Obstetrics and Gynecology	obstetrics-and-gynecology	\N	Obstetrics and Gynecology	\N	2025-09-24 16:24:08	2025-09-24 16:24:08
39	4	Ophthalmology	ophthalmology	\N	Ophthalmology	\N	2025-09-24 16:24:40	2025-09-24 16:24:40
40	4	Otorhinolaryngology	Otorhinolaryngology		Otorhinolaryngology		2025-09-26 17:09:41	2025-09-26 17:09:41
41	4	Orthopedic Surgery including Joint Replacement Surgery	orthopedic-surgery-including		Orthopedic Surgery including Joint Replacement Surgery		2025-09-26 17:11:45	2025-09-26 17:11:45
42	4	Pediatrics	pediatrics		Pediatrics		2025-09-26 17:13:19	2025-09-26 17:13:19
43	4	Pediatric Rheumatology	pediatric-rheumatology		Pediatric Rheumatology		2025-09-26 17:19:46	2025-09-26 17:19:46
44	5	2D ECHO	2d-echo		2D ECHO		2025-09-26 17:22:03	2025-09-26 17:22:03
45	6	Clinical Pathology	clinical-pathology		Clinical Pathology		2025-09-26 17:24:22	2025-09-26 17:24:22
46	7	Blood Bank	blood-bank	\N	Blood Bank	\N	2025-09-26 17:31:19	2025-09-26 17:31:19
47	8	Psychology & Counselling	psychology-counselling	\N	Psychology & Counselling	\N	2025-09-26 17:32:56	2025-09-26 17:32:56
48	9	Ambulance	ambulance	\N	Ambulance	\N	2025-09-26 17:33:26	2025-09-26 17:33:26
49	8	Physiotherapy & Rehabilitation	physiotherapy-rehabilitation	\N	Physiotherapy & Rehabilitation	\N	2025-09-26 17:34:09	2025-09-26 17:34:09
50	8	Dietetics & Nutrition	dietetics-nutrition	\N	Dietetics & Nutrition	\N	2025-09-26 17:34:43	2025-09-26 17:34:43
51	8	Speech and Language Therapy	speech-language-therapy	\N	Speech and Language Therapy	\N	2025-09-26 17:35:59	2025-09-26 17:35:59
53	7	Blood Transfusion Services	blood-transfusion-services	\N	Blood Transfusion Services	\N	2025-09-26 17:39:53	2025-09-26 17:39:53
54	6	Clinical Bio-Chemistry	clinical-bio-chemistry	\N	Clinical Bio-Chemistry	\N	2025-09-26 17:40:42	2025-09-26 17:40:42
55	6	Clinical Microbiology and Serology	clinical-microbiology-Serology	\N	Clinical Microbiology and Serology	\N	2025-09-26 17:41:12	2025-09-26 17:41:12
56	6	Cytopathology	cytopathology	\N	Cytopathology	\N	2025-09-26 17:41:58	2025-09-26 17:41:58
57	6	Hematology & Flow Cytometry	hematology-flow-cytometry	\N	Hematology & Flow Cytometry	\N	2025-09-26 17:42:30	2025-09-26 17:42:30
58	6	Histopathology	histopathology	\N	Histopathology	\N	2025-09-26 17:43:28	2025-09-26 17:43:28
59	6	Immuno Hematology	immuno-hematology	\N	Immuno Hematology	\N	2025-09-26 17:44:54	2025-09-26 17:44:54
60	6	Molecular Biology	molecular-biology	\N	Molecular Biology	\N	2025-09-26 17:45:48	2025-09-26 17:45:48
61	5	Audiometry	audiometry	\N	Audiometry	\N	2025-09-26 17:46:45	2025-09-26 17:46:45
62	5	Bone Densitometry	bone-densitometry	\N	Bone Densitometry	\N	2025-09-26 17:47:13	2025-09-26 17:47:13
63	5	CT Scan (64-Slice & 128-Slice)	ct-scan	\N	CT Scan (64-Slice & 128-Slice)	\N	2025-09-26 17:48:01	2025-09-26 17:48:01
64	5	CT Angio (128-Slice)	ct-angio	\N	CT Angio (128-Slice)	\N	2025-09-26 17:48:56	2025-09-26 17:48:56
7	1	linkedin	linkedin	https://res.cloudinary.com/dl7etn5bx/image/upload/v1759903885/site_settings/1759903883489-7429473_eawco3.svg	\N	\N	2025-09-23 14:47:45	2025-10-08 06:11:52.942069
9	1	youtube	youtube	https://res.cloudinary.com/dl7etn5bx/image/upload/v1759903987/site_settings/1759903986186-730346042_waqns9.svg	\N	\N	2025-09-23 14:49:32	2025-10-08 06:13:26.159591
1	1	logo	site-logo	https://res.cloudinary.com/dl7etn5bx/image/upload/v1759906239/site_settings/1759906236878-621956768_szzeue.png	\N	\N	2025-09-23 14:40:05	2025-10-08 06:51:26.22678
65	5	Cath Lab	cath-lab	\N	Cath Lab	\N	2025-09-26 17:49:46	2025-09-26 17:49:46
66	5	CPAP Titration Study	cpap-titration-study	\N	CPAP Titration Study	\N	2025-09-26 17:50:18	2025-09-26 17:50:18
67	5	Complete and Limited Polysomnography (Sleep Study)	complete-limited-polysomnography	\N	Complete and Limited Polysomnography (Sleep Study)	\N	2025-09-26 17:51:15	2025-09-26 17:51:15
68	5	DLCO (Diffusion Lung Carbon Monoxide)	dlco	\N	DLCO (Diffusion Lung Carbon Monoxide)	\N	2025-09-26 17:51:36	2025-09-26 17:51:36
69	5	Doppler	doppler	\N	Doppler	\N	2025-09-26 17:52:48	2025-09-26 17:52:48
70	5	EEG/Video EEG (Electroencephalogram)	eeg/video-eeg	\N	EEG/Video EEG (Electroencephalogram)	\N	2025-09-26 17:53:26	2025-09-26 17:53:26
71	5	EMG (Electromyography)	emg-electromyography	\N	EMG (Electromyography)	\N	2025-09-26 17:53:54	2025-09-26 17:53:54
72	5	EP (Electrophysiology)	ep-electrophysiology	\N	EP (Electrophysiology)	\N	2025-09-26 17:54:18	2025-09-26 17:54:18
73	5	Endobronchial Ultrasound (EBUS)	endobronchial-ultrasound	\N	Endobronchial Ultrasound (EBUS)	\N	2025-09-26 17:54:49	2025-09-26 17:54:49
74	5	Fiber Optic Bronchoscopy	fiber-optic-bronchoscopy	\N	Fiber Optic Bronchoscopy	\N	2025-09-26 17:55:15	2025-09-26 17:55:15
75	5	Gamma Camera	gamma-camera	\N	Gamma Camera	\N	2025-09-26 17:55:49	2025-09-26 17:55:49
76	5	Holter Monitoring	holter-monitoring	\N	Holter Monitoring	\N	2025-09-26 17:56:11	2025-09-26 17:56:11
77	5	Head Up Tilt Table Test (HUTT)	head-up-tilt-table-test	\N	Head Up Tilt Table Test (HUTT)	\N	2025-09-26 17:57:17	2025-09-26 17:57:17
78	5	LINAC	linac	\N	LINAC	\N	2025-09-26 17:57:36	2025-09-26 17:57:36
79	5	Lithotripsy	lithotripsy	\N	Lithotripsy	\N	2025-09-26 17:57:59	2025-09-26 17:57:59
80	5	Mammography	mammography	\N	Mammography	\N	2025-09-26 17:58:40	2025-09-26 17:58:40
81	5	MRI (Magnetic Resonance Imaging, 1.5 & 3 Tesla)	mri	\N	MRI (Magnetic Resonance Imaging, 1.5 & 3 Tesla)	\N	2025-09-26 17:59:48	2025-09-26 17:59:48
82	5	Nerve Conduction Study	nerve-conduction-study	\N	Nerve Conduction Study	\N	2025-09-26 18:00:32	2025-09-26 18:00:32
83	5	PET Scan	pet-scan	\N	PET Scan	\N	2025-09-26 18:01:07	2025-09-26 18:01:07
84	5	Pulmonary Function Test	pulmonary-function-test	\N	Pulmonary Function Test	\N	2025-09-26 18:01:35	2025-09-26 18:01:35
85	5	Spirometry	spirometry	\N	Spirometry	\N	2025-09-26 18:02:45	2025-09-26 18:02:45
86	5	Tread Mill Testing	tread-mill-testing	\N	Tread Mill Testing	\N	2025-09-26 18:03:37	2025-09-26 18:03:37
88	5	Thoracoscopy	thoracoscopy	\N	Thoracoscopy	\N	2025-09-26 18:08:30	2025-09-26 18:08:30
89	5	Ultrasound	ultrasound	\N	Ultrasound	\N	2025-09-26 18:08:44	2025-09-26 18:08:44
90	5	Urodynamic Studies	urodynamic-studies	\N	Urodynamic Studies	\N	2025-09-26 18:09:07	2025-09-26 18:09:07
91	5	Uroflowmetry	uroflowmetry	\N	Uroflowmetry	\N	2025-09-26 18:09:18	2025-09-26 18:09:18
92	5	X-Ray	xray	\N	X-Ray	\N	2025-09-26 18:09:38	2025-09-26 18:09:38
93	4	Pediatric Nephrology	pediatric-nephrology	\N	Pediatric Nephrology	\N	2025-09-26 18:13:13	2025-09-26 18:13:13
94	4	Paediatric Surgery	paediatric-surgery	\N	Paediatric Surgery	\N	2025-09-26 18:13:37	2025-09-26 18:13:37
95	4	Plastic and Reconstructive Surgery	plastic-reconstructive-surgery	\N	Plastic and Reconstructive Surgery	\N	2025-09-26 18:14:04	2025-09-26 18:14:04
96	4	Pulmonary and Critical Care Medicine	pulmonary-critical-care-medicine	\N	Pulmonary and Critical Care Medicine	\N	2025-09-26 18:14:39	2025-09-26 18:14:39
97	4	Psychiatry (Only OPD)	psychiatry	\N	Psychiatry (Only OPD)	\N	2025-09-26 18:15:01	2025-09-26 18:15:01
98	4	Rheumatology	rheumatology	\N	Rheumatology	\N	2025-09-26 18:15:18	2025-09-26 18:15:18
99	4	Radiology & Interventional Radiology	radiology-interventional-radiology	\N	Radiology & Interventional Radiology	\N	2025-09-26 18:15:45	2025-09-26 18:15:45
100	4	Robotic Surgery	robotic-surgery	\N	Robotic Surgery	\N	2025-09-26 18:16:03	2025-09-26 18:16:03
101	4	Radiotherapy	radiotherapy	\N	Radiotherapy	\N	2025-09-26 18:16:17	2025-09-26 18:16:17
102	4	Respiratory Medicine	respiratory-medicine	\N	Respiratory Medicine	\N	2025-09-26 18:16:37	2025-09-26 18:16:37
103	4	Sports Medicine	sports-medicine	\N	Sports Medicine	\N	2025-09-26 18:16:55	2025-09-26 18:16:55
104	4	Surgical Gastroenterology	surgical-gastroenterology	\N	Surgical Gastroenterology	\N	2025-09-26 18:17:15	2025-09-26 18:17:15
105	4	Surgical Oncology	surgical-oncology	\N	Surgical Oncology	\N	2025-09-26 18:17:36	2025-09-26 18:17:36
106	4	Transplant Services (Bone Marrow, Liver, Kidney, Heart)	transplant-services	\N	Transplant Services (Bone Marrow, Liver, Kidney, Heart)	\N	2025-09-26 18:18:05	2025-09-26 18:18:05
107	4	Urology	urology	\N	Urology	\N	2025-09-26 18:18:49	2025-09-26 18:18:49
108	4	Vascular Surgery	vascular-surgery	\N	Vascular Surgery	\N	2025-09-26 18:19:09	2025-09-26 18:19:09
5	1	facebook	facebook	https://res.cloudinary.com/dl7etn5bx/image/upload/v1759903729/site_settings/1759903728088-876478546_hhbsuq.svg	\N	\N	2025-09-23 14:46:17	2025-10-08 06:09:27.566155
6	1	instagram	instagram	https://res.cloudinary.com/dl7etn5bx/image/upload/v1759903807/site_settings/1759903805422-60079743_td28ba.svg	\N	\N	2025-09-23 14:47:04	2025-10-08 06:10:49.028899
8	1	x social icon	twitter	https://res.cloudinary.com/dl7etn5bx/image/upload/v1759903936/site_settings/1759903935723-116479048_ptv0vt.svg	\N	\N	2025-09-23 14:48:45	2025-10-08 06:12:39.609758
\.


--
-- TOC entry 5356 (class 0 OID 17158)
-- Dependencies: 245
-- Data for Name: media_files; Type: TABLE DATA; Schema: public; Owner: postgres
--

COPY public.media_files (id, filename, original_filename, file_path, file_url, file_type, mime_type, file_size, width, height, duration, alt_text, caption, uploaded_by, created_at, updated_at) FROM stdin;
1	1757665354935-912042265.png	Screenshot 2024-08-06 120910.png	/uploads/1757665354935-912042265.png	/uploads/1757665354935-912042265.png	image	image/png	49652	\N	\N	\N	Screenshot 2024-08-06 120910.png	\N	\N	2025-09-12 08:22:34	2025-09-12 08:22:34
2	1757666556621-56157822.png	Screenshot Capture - 2025-09-12 - 11-53-14.png	/uploads/1757666556621-56157822.png	/uploads/1757666556621-56157822.png	image	image/png	10819	\N	\N	\N	Screenshot Capture - 2025-09-12 - 11-53-14.png	\N	\N	2025-09-12 08:42:36	2025-09-12 08:42:36
3	1757672481581-961804334.png	Screenshot (319).png	/uploads/1757672481581-961804334.png	/uploads/1757672481581-961804334.png	image	image/png	1068327	\N	\N	\N	Screenshot (319).png	\N	\N	2025-09-12 10:21:22	2025-09-12 10:21:22
4	1757672819831-942011150.png	Screenshot (320).png	/uploads/1757672819831-942011150.png	/uploads/1757672819831-942011150.png	image	image/png	1099598	\N	\N	\N	Screenshot (320).png	\N	\N	2025-09-12 10:27:00	2025-09-12 10:27:00
5	1757674182122-586870976.png	Screenshot (319).png	/uploads/1757674182122-586870976.png	/uploads/1757674182122-586870976.png	image	image/png	1068327	\N	\N	\N	Screenshot (319).png	\N	\N	2025-09-12 10:49:42	2025-09-12 10:49:42
6	1757674229203-383729341.mp4	Homebaneerbackgroundfirst.mp4	/uploads/1757674229203-383729341.mp4	/uploads/1757674229203-383729341.mp4	video	video/mp4	27088449	\N	\N	\N	Homebaneerbackgroundfirst.mp4	\N	\N	2025-09-12 10:50:37	2025-09-12 10:50:37
7	1757674592160-535055576.mp4	Homebaneerbackgroundfirst.mp4	/uploads/1757674592160-535055576.mp4	/uploads/1757674592160-535055576.mp4	video	video/mp4	27088449	\N	\N	\N	Homebaneerbackgroundfirst.mp4	\N	\N	2025-09-12 10:56:44	2025-09-12 10:56:44
8	1757674826503-861935522.png	Screenshot (320).png	/uploads/1757674826503-861935522.png	/uploads/1757674826503-861935522.png	image	image/png	1099598	\N	\N	\N	Screenshot (320).png	\N	\N	2025-09-12 11:00:26	2025-09-12 11:00:26
9	1757675231319-330458880.mp4	Homebaneerbackgroundfirst.mp4	/uploads/1757675231319-330458880.mp4	/uploads/1757675231319-330458880.mp4	video	video/mp4	27088449	\N	\N	\N	Homebaneerbackgroundfirst.mp4	\N	\N	2025-09-12 11:07:20	2025-09-12 11:07:20
10	1757675409787-657406107.png	Screenshot (319).png	/uploads/1757675409787-657406107.png	/uploads/1757675409787-657406107.png	image	image/png	1068327	\N	\N	\N	Screenshot (319).png	\N	\N	2025-09-12 11:10:10	2025-09-12 11:10:10
11	1757675488001-712108289.mp4	Homebaneerbackgroundfirst.mp4	/uploads/1757675488001-712108289.mp4	/uploads/1757675488001-712108289.mp4	video	video/mp4	27088449	\N	\N	\N	Homebaneerbackgroundfirst.mp4	\N	\N	2025-09-12 11:11:36	2025-09-12 11:11:36
12	1757675598783-427377159.png	Screenshot (320).png	/uploads/1757675598783-427377159.png	/uploads/1757675598783-427377159.png	image	image/png	1099598	\N	\N	\N	Screenshot (320).png	\N	\N	2025-09-12 11:13:19	2025-09-12 11:13:19
13	1757675623377-868129613.png	Screenshot (319).png	/uploads/1757675623377-868129613.png	/uploads/1757675623377-868129613.png	image	image/png	1068327	\N	\N	\N	Screenshot (319).png	\N	\N	2025-09-12 11:13:43	2025-09-12 11:13:43
14	1757680819331-973971888.png	Screenshot 2024-07-24 151422.png	/uploads/1757680819331-973971888.png	/uploads/1757680819331-973971888.png	image	image/png	47762	\N	\N	\N	Screenshot 2024-07-24 151422.png	\N	\N	2025-09-12 12:40:19	2025-09-12 12:40:19
15	1757680936839-647836484.png	Screenshot 2024-07-24 114127.png	/uploads/1757680936839-647836484.png	/uploads/1757680936839-647836484.png	image	image/png	117865	\N	\N	\N	Screenshot 2024-07-24 114127.png	\N	\N	2025-09-12 12:42:16	2025-09-12 12:42:16
16	1757681071997-954863985.png	Screenshot 2024-06-03 125938.png	/uploads/1757681071997-954863985.png	/uploads/1757681071997-954863985.png	image	image/png	179086	\N	\N	\N	Screenshot 2024-06-03 125938.png	\N	\N	2025-09-12 12:44:32	2025-09-12 12:44:32
17	1757930483728-565333359.mp4	3209663-uhd_3840_2160_25fps.mp4	/uploads/1757930483728-565333359.mp4	/uploads/1757930483728-565333359.mp4	video	video/mp4	19397269	\N	\N	\N	3209663-uhd_3840_2160_25fps.mp4	\N	\N	2025-09-15 10:01:23	2025-09-15 10:01:23
18	1757930597632-14116467.png	Screenshot (320).png	/uploads/1757930597632-14116467.png	/uploads/1757930597632-14116467.png	image	image/png	1099598	\N	\N	\N	Screenshot (320).png	\N	\N	2025-09-15 10:03:17	2025-09-15 10:03:17
19	1757930685956-470999151.png	Screenshot (319).png	/uploads/1757930685956-470999151.png	/uploads/1757930685956-470999151.png	image	image/png	1068327	\N	\N	\N	Screenshot (319).png	\N	\N	2025-09-15 10:04:46	2025-09-15 10:04:46
20	1757935790815-982861262.png	Screenshot (320).png	/uploads/1757935790815-982861262.png	/uploads/1757935790815-982861262.png	image	image/png	1099598	\N	\N	\N	Screenshot (320).png	\N	\N	2025-09-15 11:29:51	2025-09-15 11:29:51
21	1757936160516-248623211.png	Screenshot (320).png	/uploads/1757936160516-248623211.png	/uploads/1757936160516-248623211.png	image	image/png	1099598	\N	\N	\N	Screenshot (320).png	\N	\N	2025-09-15 11:36:01	2025-09-15 11:36:01
22	1757936428771-216589358.png	Screenshot (320).png	/uploads/1757936428771-216589358.png	/uploads/1757936428771-216589358.png	image	image/png	1099598	\N	\N	\N	Screenshot (320).png	\N	\N	2025-09-15 11:40:29	2025-09-15 11:40:29
23	1757936452287-720726215.png	Screenshot (319).png	/uploads/1757936452287-720726215.png	/uploads/1757936452287-720726215.png	image	image/png	1068327	\N	\N	\N	Screenshot (319).png	\N	\N	2025-09-15 11:40:52	2025-09-15 11:40:52
24	1757936685431-637250795.png	Screenshot (320).png	/uploads/1757936685431-637250795.png	/uploads/1757936685431-637250795.png	image	image/png	1099598	\N	\N	\N	Screenshot (320).png	\N	\N	2025-09-15 11:44:45	2025-09-15 11:44:45
25	1757936790084-494803141.png	Screenshot (319).png	/uploads/1757936790084-494803141.png	/uploads/1757936790084-494803141.png	image	image/png	1068327	\N	\N	\N	Screenshot (319).png	\N	\N	2025-09-15 11:46:30	2025-09-15 11:46:30
26	1757936874118-648889212.png	Screenshot (319).png	/uploads/1757936874118-648889212.png	/uploads/1757936874118-648889212.png	image	image/png	1068327	\N	\N	\N	Screenshot (319).png	\N	\N	2025-09-15 11:47:54	2025-09-15 11:47:54
27	1757936902807-174074883.png	Screenshot (320).png	/uploads/1757936902807-174074883.png	/uploads/1757936902807-174074883.png	image	image/png	1099598	\N	\N	\N	Screenshot (320).png	\N	\N	2025-09-15 11:48:23	2025-09-15 11:48:23
28	1757936986020-469058388.png	Screenshot (319).png	/uploads/1757936986020-469058388.png	/uploads/1757936986020-469058388.png	image	image/png	1068327	\N	\N	\N	Screenshot (319).png	\N	\N	2025-09-15 11:49:46	2025-09-15 11:49:46
29	1757937086745-957169608.png	Screenshot (320).png	/uploads/1757937086745-957169608.png	/uploads/1757937086745-957169608.png	image	image/png	1099598	\N	\N	\N	Screenshot (320).png	\N	\N	2025-09-15 11:51:26	2025-09-15 11:51:26
30	1757937937974-242021643.png	Screenshot (320).png	/uploads/1757937937974-242021643.png	/uploads/1757937937974-242021643.png	image	image/png	1099598	\N	\N	\N	Screenshot (320).png	\N	\N	2025-09-15 12:05:38	2025-09-15 12:05:38
31	1757938820685-717327296.png	searchiconheader.png	/uploads/1757938820685-717327296.png	/uploads/1757938820685-717327296.png	image	image/png	821	\N	\N	\N	searchiconheader.png	\N	\N	2025-09-15 12:20:20	2025-09-15 12:20:20
32	1757938899145-184704619.png	Screenshot (320).png	/uploads/1757938899145-184704619.png	/uploads/1757938899145-184704619.png	image	image/png	1099598	\N	\N	\N	Screenshot (320).png	\N	\N	2025-09-15 12:21:39	2025-09-15 12:21:39
33	1757938910139-344971985.png	searchiconheader.png	/uploads/1757938910139-344971985.png	/uploads/1757938910139-344971985.png	image	image/png	821	\N	\N	\N	searchiconheader.png	\N	\N	2025-09-15 12:21:50	2025-09-15 12:21:50
34	1757939621193-430977356.png	Screenshot (330).png	/uploads/1757939621193-430977356.png	/uploads/1757939621193-430977356.png	image	image/png	273679	\N	\N	\N	Screenshot (330).png	\N	\N	2025-09-15 12:33:41	2025-09-15 12:33:41
35	1757939630387-199832919.png	searchiconheader.png	/uploads/1757939630387-199832919.png	/uploads/1757939630387-199832919.png	image	image/png	821	\N	\N	\N	searchiconheader.png	\N	\N	2025-09-15 12:33:50	2025-09-15 12:33:50
36	1757940160522-711164584.png	Screenshot (320).png	/uploads/1757940160522-711164584.png	/uploads/1757940160522-711164584.png	image	image/png	1099598	\N	\N	\N	Screenshot (320).png	\N	\N	2025-09-15 12:42:41	2025-09-15 12:42:41
37	1757940174632-620634450.png	Screenshot (330).png	/uploads/1757940174632-620634450.png	/uploads/1757940174632-620634450.png	image	image/png	273679	\N	\N	\N	Screenshot (330).png	\N	\N	2025-09-15 12:42:54	2025-09-15 12:42:54
38	1757940433519-737796852.png	searchiconheader.png	/uploads/1757940433519-737796852.png	/uploads/1757940433519-737796852.png	image	image/png	821	\N	\N	\N	searchiconheader.png	\N	\N	2025-09-15 12:47:13	2025-09-15 12:47:13
39	1757940534877-752184258.png	Screenshot (330).png	/uploads/1757940534877-752184258.png	/uploads/1757940534877-752184258.png	image	image/png	273679	\N	\N	\N	Screenshot (330).png	\N	\N	2025-09-15 12:48:54	2025-09-15 12:48:54
40	1757941205977-698395110.png	Screenshot Capture - 2025-09-15 - 18-29-29.png	/uploads/1757941205977-698395110.png	/uploads/1757941205977-698395110.png	image	image/png	11441	\N	\N	\N	Screenshot Capture - 2025-09-15 - 18-29-29.png	\N	\N	2025-09-15 13:00:05	2025-09-15 13:00:05
41	1757941243175-49919187.png	Screenshot Capture - 2025-09-15 - 18-29-29.png	/uploads/1757941243175-49919187.png	/uploads/1757941243175-49919187.png	image	image/png	11441	\N	\N	\N	Screenshot Capture - 2025-09-15 - 18-29-29.png	\N	\N	2025-09-15 13:00:43	2025-09-15 13:00:43
42	1757998195189-371741638.png	Screenshot Capture - 2025-09-15 - 18-20-49.png	/uploads/1757998195189-371741638.png	/uploads/1757998195189-371741638.png	image	image/png	110493	\N	\N	\N	Screenshot Capture - 2025-09-15 - 18-20-49.png	\N	\N	2025-09-16 04:49:55	2025-09-16 04:49:55
43	1757998203806-669766661.png	searchiconheader.png	/uploads/1757998203806-669766661.png	/uploads/1757998203806-669766661.png	image	image/png	821	\N	\N	\N	searchiconheader.png	\N	\N	2025-09-16 04:50:03	2025-09-16 04:50:03
44	1757998571428-893460877.png	searchiconheader.png	/uploads/1757998571428-893460877.png	/uploads/1757998571428-893460877.png	image	image/png	821	\N	\N	\N	searchiconheader.png	\N	\N	2025-09-16 04:56:11	2025-09-16 04:56:11
45	1757998642963-376373134.png	searchiconheader.png	/uploads/1757998642963-376373134.png	/uploads/1757998642963-376373134.png	image	image/png	821	\N	\N	\N	searchiconheader.png	\N	\N	2025-09-16 04:57:22	2025-09-16 04:57:22
46	1757999244776-222852319.png	searchiconheader.png	/uploads/1757999244776-222852319.png	/uploads/1757999244776-222852319.png	image	image/png	821	\N	\N	\N	searchiconheader.png	\N	\N	2025-09-16 05:07:24	2025-09-16 05:07:24
47	1757999592264-410592340.png	Screenshot Capture - 2025-09-15 - 18-20-49.png	/uploads/1757999592264-410592340.png	/uploads/1757999592264-410592340.png	image	image/png	110493	\N	\N	\N	Screenshot Capture - 2025-09-15 - 18-20-49.png	\N	\N	2025-09-16 05:13:12	2025-09-16 05:13:12
48	1757999755406-926415770.png	searchiconheader.png	/uploads/1757999755406-926415770.png	/uploads/1757999755406-926415770.png	image	image/png	821	\N	\N	\N	searchiconheader.png	\N	\N	2025-09-16 05:15:55	2025-09-16 05:15:55
49	1757999842600-399304614.png	searchiconheader.png	/uploads/1757999842600-399304614.png	/uploads/1757999842600-399304614.png	image	image/png	821	\N	\N	\N	searchiconheader.png	\N	\N	2025-09-16 05:17:22	2025-09-16 05:17:22
50	1758000605848-539572836.png	searchiconheader.png	/uploads/1758000605848-539572836.png	/uploads/1758000605848-539572836.png	image	image/png	821	\N	\N	\N	searchiconheader.png	\N	\N	2025-09-16 05:30:05	2025-09-16 05:30:05
51	1758001116487-641817277.png	searchiconheader.png	/uploads/1758001116487-641817277.png	/uploads/1758001116487-641817277.png	image	image/png	821	\N	\N	\N	searchiconheader.png	\N	\N	2025-09-16 05:38:36	2025-09-16 05:38:36
52	1758001145786-198258655.png	searchiconheader.png	/uploads/1758001145786-198258655.png	/uploads/1758001145786-198258655.png	image	image/png	821	\N	\N	\N	searchiconheader.png	\N	\N	2025-09-16 05:39:05	2025-09-16 05:39:05
53	1758001167959-630562570.png	image 7.png	/uploads/1758001167959-630562570.png	/uploads/1758001167959-630562570.png	image	image/png	16983	\N	\N	\N	image 7.png	\N	\N	2025-09-16 05:39:27	2025-09-16 05:39:27
54	1758001257391-500271806.png	Group 427320896.png	/uploads/1758001257391-500271806.png	/uploads/1758001257391-500271806.png	image	image/png	12690	\N	\N	\N	Group 427320896.png	\N	\N	2025-09-16 05:40:57	2025-09-16 05:40:57
55	1758026301925-281211726.png	image 7.png	/uploads/1758026301925-281211726.png	/uploads/1758026301925-281211726.png	image	image/png	16983	\N	\N	\N	image 7.png	\N	\N	2025-09-16 12:38:21	2025-09-16 12:38:21
56	1758028280783-333126589.mp4	Homebaneerbackgroundfirst.mp4	/uploads/1758028280783-333126589.mp4	/uploads/1758028280783-333126589.mp4	video	video/mp4	27088449	\N	\N	\N	Homebaneerbackgroundfirst.mp4	\N	\N	2025-09-16 13:11:27	2025-09-16 13:11:27
58	1758029083549-219857085.mp4	Homebaneerbackgroundfirst.mp4	/uploads/1758029083549-219857085.mp4	/uploads/1758029083549-219857085.mp4	video	video/mp4	27088449	\N	\N	\N	Homebaneerbackgroundfirst.mp4	\N	\N	2025-09-16 13:24:49	2025-09-16 13:24:49
59	1758029565930-34310724.mp4	Homebaneerbackgroundfirst.mp4	/uploads/1758029565930-34310724.mp4	/uploads/1758029565930-34310724.mp4	video	video/mp4	27088449	\N	\N	\N	Homebaneerbackgroundfirst.mp4	\N	\N	2025-09-16 13:32:52	2025-09-16 13:32:52
60	1758084874085-193672989.mp4	Homebaneerbackgroundfirst.mp4	/uploads/1758084874085-193672989.mp4	/uploads/1758084874085-193672989.mp4	video	video/mp4	27088449	\N	\N	\N	Homebaneerbackgroundfirst.mp4	\N	\N	2025-09-17 04:54:39	2025-09-17 04:54:39
61	1758085153706-394256715.mp4	Homebaneerbackgroundfirst.mp4	/uploads/1758085153706-394256715.mp4	/uploads/1758085153706-394256715.mp4	video	video/mp4	27088449	\N	\N	\N	Homebaneerbackgroundfirst.mp4	\N	\N	2025-09-17 04:59:32	2025-09-17 04:59:32
62	1758085191697-494949957.mp4	Homebaneerbackgroundfirst.mp4	/uploads/1758085191697-494949957.mp4	/uploads/1758085191697-494949957.mp4	video	video/mp4	27088449	\N	\N	\N	Homebaneerbackgroundfirst.mp4	\N	\N	2025-09-17 04:59:59	2025-09-17 04:59:59
63	1758085329771-844038219.png	Screenshot Capture - 2025-09-16 - 11-45-14.png	/uploads/1758085329771-844038219.png	/uploads/1758085329771-844038219.png	image	image/png	127220	\N	\N	\N	Screenshot Capture - 2025-09-16 - 11-45-14.png	\N	\N	2025-09-17 05:02:09	2025-09-17 05:02:09
64	1758085422839-870647606.mp4	Homebaneerbackgroundfirst.mp4	/uploads/1758085422839-870647606.mp4	/uploads/1758085422839-870647606.mp4	video	video/mp4	27088449	\N	\N	\N	Homebaneerbackgroundfirst.mp4	\N	\N	2025-09-17 05:03:51	2025-09-17 05:03:51
65	1758085472645-99024430.png	searchiconheader.png	/uploads/1758085472645-99024430.png	/uploads/1758085472645-99024430.png	image	image/png	821	\N	\N	\N	searchiconheader.png	\N	\N	2025-09-17 05:04:32	2025-09-17 05:04:32
66	1758085780682-305985157.mp4	Homebaneerbackgroundfirst.mp4	/uploads/1758085780682-305985157.mp4	/uploads/1758085780682-305985157.mp4	video	video/mp4	27088449	\N	\N	\N	Homebaneerbackgroundfirst.mp4	\N	\N	2025-09-17 05:09:45	2025-09-17 05:09:45
67	1758086296287-566006515.mp4	Homebaneerbackgroundfirst.mp4	/uploads/1758086296287-566006515.mp4	/uploads/1758086296287-566006515.mp4	video	video/mp4	27088449	\N	\N	\N	Homebaneerbackgroundfirst.mp4	\N	\N	2025-09-17 05:18:20	2025-09-17 05:18:20
68	1758086815614-385504691.mp4	Homebaneerbackgroundfirst.mp4	/uploads/1758086815614-385504691.mp4	/uploads/1758086815614-385504691.mp4	video	video/mp4	27088449	\N	\N	\N	Homebaneerbackgroundfirst.mp4	\N	\N	2025-09-17 05:27:00	2025-09-17 05:27:00
69	1758086857482-508612089.mp4	Homebaneerbackgroundfirst.mp4	/uploads/1758086857482-508612089.mp4	/uploads/1758086857482-508612089.mp4	video	video/mp4	27088449	\N	\N	\N	Homebaneerbackgroundfirst.mp4	\N	\N	2025-09-17 05:27:41	2025-09-17 05:27:41
70	1758087147480-532479559.mp4	Homebaneerbackgroundfirst.mp4	/uploads/1758087147480-532479559.mp4	/uploads/1758087147480-532479559.mp4	video	video/mp4	27088449	\N	\N	\N	Homebaneerbackgroundfirst.mp4	\N	\N	2025-09-17 05:33:10	2025-09-17 05:33:10
71	1758087521034-724740047.mp4	Homebaneerbackgroundfirst.mp4	/uploads/1758087521034-724740047.mp4	/uploads/1758087521034-724740047.mp4	video	video/mp4	27088449	\N	\N	\N	Homebaneerbackgroundfirst.mp4	\N	\N	2025-09-17 05:38:47	2025-09-17 05:38:47
72	1758088608805-211741849.mp4	Homebaneerbackgroundfirst.mp4	/uploads/1758088608805-211741849.mp4	/uploads/1758088608805-211741849.mp4	video	video/mp4	27088449	\N	\N	\N	Homebaneerbackgroundfirst.mp4	\N	\N	2025-09-17 05:56:57	2025-09-17 05:56:57
73	1758088894234-178872710.mp4	Homebaneerbackgroundfirst.mp4	/uploads/1758088894234-178872710.mp4	/uploads/1758088894234-178872710.mp4	video	video/mp4	27088449	\N	\N	\N	Homebaneerbackgroundfirst.mp4	\N	\N	2025-09-17 06:01:47	2025-09-17 06:01:47
74	1758088957386-807213337.mp4	Homebaneerbackgroundfirst.mp4	/uploads/1758088957386-807213337.mp4	/uploads/1758088957386-807213337.mp4	video	video/mp4	27088449	\N	\N	\N	Homebaneerbackgroundfirst.mp4	\N	\N	2025-09-17 06:02:48	2025-09-17 06:02:48
75	1758089331293-680370844.mp4	Homebaneerbackgroundfirst.mp4	/uploads/1758089331293-680370844.mp4	/uploads/1758089331293-680370844.mp4	video	video/mp4	27088449	\N	\N	\N	Homebaneerbackgroundfirst.mp4	\N	\N	2025-09-17 06:08:59	2025-09-17 06:08:59
76	1758089589366-390075365.mp4	Homebaneerbackgroundfirst.mp4	/uploads/1758089589366-390075365.mp4	/uploads/1758089589366-390075365.mp4	video	video/mp4	27088449	\N	\N	\N	Homebaneerbackgroundfirst.mp4	\N	\N	2025-09-17 06:13:18	2025-09-17 06:13:18
77	1758089913095-985807044.mp4	Homebaneerbackgroundfirst.mp4	/uploads/1758089913095-985807044.mp4	/uploads/1758089913095-985807044.mp4	video	video/mp4	27088449	\N	\N	\N	Homebaneerbackgroundfirst.mp4	\N	\N	2025-09-17 06:18:42	2025-09-17 06:18:42
78	1758090335020-133413615.mp4	Homebaneerbackgroundfirst.mp4	/uploads/1758090335020-133413615.mp4	/uploads/1758090335020-133413615.mp4	video	video/mp4	27088449	\N	\N	\N	Homebaneerbackgroundfirst.mp4	\N	\N	2025-09-17 06:25:43	2025-09-17 06:25:43
79	1758090740656-721298186.png	Screenshot Capture - 2025-09-16 - 11-45-14.png	/uploads/1758090740656-721298186.png	/uploads/1758090740656-721298186.png	image	image/png	127220	\N	\N	\N	Screenshot Capture - 2025-09-16 - 11-45-14.png	\N	\N	2025-09-17 06:32:20	2025-09-17 06:32:20
80	1758090976089-972814442.mp4	Homebaneerbackgroundfirst.mp4	/uploads/1758090976089-972814442.mp4	/uploads/1758090976089-972814442.mp4	video	video/mp4	27088449	\N	\N	\N	Homebaneerbackgroundfirst.mp4	\N	\N	2025-09-17 06:36:29	2025-09-17 06:36:29
81	1758091444200-159766134.mp4	Homebaneerbackgroundfirst.mp4	/uploads/1758091444200-159766134.mp4	/uploads/1758091444200-159766134.mp4	video	video/mp4	27088449	\N	\N	\N	Homebaneerbackgroundfirst.mp4	\N	\N	2025-09-17 06:44:09	2025-09-17 06:44:09
82	1758091551933-189325767.mp4	Homebaneerbackgroundfirst.mp4	/uploads/1758091551933-189325767.mp4	/uploads/1758091551933-189325767.mp4	video	video/mp4	27088449	\N	\N	\N	Homebaneerbackgroundfirst.mp4	\N	\N	2025-09-17 06:46:01	2025-09-17 06:46:01
83	1758091681353-539474848.png	Screenshot Capture - 2025-09-16 - 11-45-14.png	/uploads/1758091681353-539474848.png	/uploads/1758091681353-539474848.png	image	image/png	127220	\N	\N	\N	Screenshot Capture - 2025-09-16 - 11-45-14.png	\N	\N	2025-09-17 06:48:01	2025-09-17 06:48:01
84	1758091697444-587000629.png	Screenshot Capture - 2025-09-16 - 17-04-08.png	/uploads/1758091697444-587000629.png	/uploads/1758091697444-587000629.png	image	image/png	246956	\N	\N	\N	Screenshot Capture - 2025-09-16 - 17-04-08.png	\N	\N	2025-09-17 06:48:17	2025-09-17 06:48:17
85	1758091748786-936356539.mp4	Homebaneerbackgroundfirst.mp4	/uploads/1758091748786-936356539.mp4	/uploads/1758091748786-936356539.mp4	video	video/mp4	27088449	\N	\N	\N	Homebaneerbackgroundfirst.mp4	\N	\N	2025-09-17 06:49:14	2025-09-17 06:49:14
86	1758091853998-609442731.mp4	Homebaneerbackgroundfirst.mp4	/uploads/1758091853998-609442731.mp4	/uploads/1758091853998-609442731.mp4	video	video/mp4	27088449	\N	\N	\N	Homebaneerbackgroundfirst.mp4	\N	\N	2025-09-17 06:51:16	2025-09-17 06:51:16
87	1758091977982-308081010.mp4	Homebaneerbackgroundfirst.mp4	/uploads/1758091977982-308081010.mp4	/uploads/1758091977982-308081010.mp4	video	video/mp4	27088449	\N	\N	\N	Homebaneerbackgroundfirst.mp4	\N	\N	2025-09-17 06:53:13	2025-09-17 06:53:13
88	1758092160443-896616240.png	Screenshot Capture - 2025-09-16 - 17-04-08.png	/uploads/1758092160443-896616240.png	/uploads/1758092160443-896616240.png	image	image/png	246956	\N	\N	\N	Screenshot Capture - 2025-09-16 - 17-04-08.png	\N	\N	2025-09-17 06:56:00	2025-09-17 06:56:00
89	1758092444701-93615186.png	Screenshot Capture - 2025-09-16 - 17-04-08.png	/uploads/1758092444701-93615186.png	/uploads/1758092444701-93615186.png	image	image/png	246956	\N	\N	\N	Screenshot Capture - 2025-09-16 - 17-04-08.png	\N	\N	2025-09-17 07:00:44	2025-09-17 07:00:44
90	1758092508894-696632654.png	Screenshot Capture - 2025-09-16 - 11-45-14.png	/uploads/1758092508894-696632654.png	/uploads/1758092508894-696632654.png	image	image/png	127220	\N	\N	\N	Screenshot Capture - 2025-09-16 - 11-45-14.png	\N	\N	2025-09-17 07:01:48	2025-09-17 07:01:48
91	1758092741004-706767334.mp4	Homebaneerbackgroundfirst.mp4	/uploads/1758092741004-706767334.mp4	/uploads/1758092741004-706767334.mp4	video	video/mp4	27088449	\N	\N	\N	Homebaneerbackgroundfirst.mp4	\N	\N	2025-09-17 07:05:46	2025-09-17 07:05:46
92	1758093047274-156593247.mp4	Homebaneerbackgroundfirst.mp4	/uploads/1758093047274-156593247.mp4	/uploads/1758093047274-156593247.mp4	video	video/mp4	27088449	\N	\N	\N	Homebaneerbackgroundfirst.mp4	\N	\N	2025-09-17 07:11:02	2025-09-17 07:11:02
93	1758094595385-332108867.mp4	Homebaneerbackgroundfirst.mp4	/uploads/1758094595385-332108867.mp4	/uploads/1758094595385-332108867.mp4	video	video/mp4	27088449	\N	\N	\N	Homebaneerbackgroundfirst.mp4	\N	\N	2025-09-17 07:36:42	2025-09-17 07:36:42
94	1758096870248-112542041.png	Group 427320896.png	/uploads/1758096870248-112542041.png	/uploads/1758096870248-112542041.png	image	image/png	12690	\N	\N	\N	Group 427320896.png	\N	\N	2025-09-17 08:14:30	2025-09-17 08:14:30
95	1758096892154-225271993.png	Screenshot Capture - 2025-09-16 - 17-04-08.png	/uploads/1758096892154-225271993.png	/uploads/1758096892154-225271993.png	image	image/png	246956	\N	\N	\N	Screenshot Capture - 2025-09-16 - 17-04-08.png	\N	\N	2025-09-17 08:14:52	2025-09-17 08:14:52
96	1758096932969-564876641.png	image (2).png	/uploads/1758096932969-564876641.png	/uploads/1758096932969-564876641.png	image	image/png	565922	\N	\N	\N	image (2).png	\N	\N	2025-09-17 08:15:33	2025-09-17 08:15:33
97	1758096961659-295580731.mp4	Homebaneerbackgroundfirst.mp4	/uploads/1758096961659-295580731.mp4	/uploads/1758096961659-295580731.mp4	video	video/mp4	27088449	\N	\N	\N	Homebaneerbackgroundfirst.mp4	\N	\N	2025-09-17 08:16:06	2025-09-17 08:16:06
98	1758097031403-918999218.mp4	CLIP2.mp4	/uploads/1758097031403-918999218.mp4	/uploads/1758097031403-918999218.mp4	video	video/mp4	27088449	\N	\N	\N	CLIP2.mp4	\N	\N	2025-09-17 08:17:16	2025-09-17 08:17:16
99	1758097142016-692243347.mp4	CLIP2.mp4	/uploads/1758097142016-692243347.mp4	/uploads/1758097142016-692243347.mp4	video	video/mp4	27088449	\N	\N	\N	CLIP2.mp4	\N	\N	2025-09-17 08:19:07	2025-09-17 08:19:07
100	1758097471709-950400175.mp4	CLIP2.mp4	/uploads/1758097471709-950400175.mp4	/uploads/1758097471709-950400175.mp4	video	video/mp4	27088449	\N	\N	\N	CLIP2.mp4	\N	\N	2025-09-17 08:24:36	2025-09-17 08:24:36
101	1758097688513-848915007.mp4	CLIP2.mp4	/uploads/1758097688513-848915007.mp4	/uploads/1758097688513-848915007.mp4	video	video/mp4	27088449	\N	\N	\N	CLIP2.mp4	\N	\N	2025-09-17 08:28:13	2025-09-17 08:28:13
102	1758098541051-818593007.mp4	3195443-uhd_3840_2160_25fps.mp4	/uploads/1758098541051-818593007.mp4	/uploads/1758098541051-818593007.mp4	video	video/mp4	17797449	\N	\N	\N	3195443-uhd_3840_2160_25fps.mp4	\N	\N	2025-09-17 08:42:21	2025-09-17 08:42:21
103	1758098836907-708029120.mp4	3209663-uhd_3840_2160_25fps.mp4	/uploads/1758098836907-708029120.mp4	/uploads/1758098836907-708029120.mp4	video	video/mp4	19397269	\N	\N	\N	3209663-uhd_3840_2160_25fps.mp4	\N	\N	2025-09-17 08:47:17	2025-09-17 08:47:17
104	1758101100842-338309869.mp4	Homebaneerbackgroundfirst.mp4	/uploads/1758101100842-338309869.mp4	/uploads/1758101100842-338309869.mp4	video	video/mp4	27088449	\N	\N	\N	Homebaneerbackgroundfirst.mp4	\N	\N	2025-09-17 09:25:11	2025-09-17 09:25:11
105	1758101131970-154177270.mp4	CLIP2.mp4	/uploads/1758101131970-154177270.mp4	/uploads/1758101131970-154177270.mp4	video	video/mp4	27088449	\N	\N	\N	CLIP2.mp4	\N	\N	2025-09-17 09:25:42	2025-09-17 09:25:42
106	1758101274187-469108467.mp4	CLIP2.mp4	/uploads/1758101274187-469108467.mp4	/uploads/1758101274187-469108467.mp4	video	video/mp4	27088449	\N	\N	\N	CLIP2.mp4	\N	\N	2025-09-17 09:28:29	2025-09-17 09:28:29
107	1758101528316-577637291.mp4	Homebaneerbackgroundfirst.mp4	/uploads/1758101528316-577637291.mp4	/uploads/1758101528316-577637291.mp4	video	video/mp4	27088449	\N	\N	\N	Homebaneerbackgroundfirst.mp4	\N	\N	2025-09-17 09:32:27	2025-09-17 09:32:27
108	1758101631429-321864215.mp4	Homebaneerbackgroundfirst.mp4	/uploads/1758101631429-321864215.mp4	/uploads/1758101631429-321864215.mp4	video	video/mp4	27088449	\N	\N	\N	Homebaneerbackgroundfirst.mp4	\N	\N	2025-09-17 09:34:09	2025-09-17 09:34:09
109	1758101751087-433263980.mp4	CLIP2.mp4	/uploads/1758101751087-433263980.mp4	/uploads/1758101751087-433263980.mp4	video	video/mp4	27088449	\N	\N	\N	CLIP2.mp4	\N	\N	2025-09-17 09:36:07	2025-09-17 09:36:07
110	1758102050615-154217971.mp4	Homebaneerbackgroundfirst.mp4	/uploads/1758102050615-154217971.mp4	/uploads/1758102050615-154217971.mp4	video	video/mp4	27088449	\N	\N	\N	Homebaneerbackgroundfirst.mp4	\N	\N	2025-09-17 09:40:59	2025-09-17 09:40:59
111	1758102179323-346027382.mp4	Homebaneerbackgroundfirst.mp4	/uploads/1758102179323-346027382.mp4	/uploads/1758102179323-346027382.mp4	video	video/mp4	27088449	\N	\N	\N	Homebaneerbackgroundfirst.mp4	\N	\N	2025-09-17 09:43:07	2025-09-17 09:43:07
112	1758102268085-888957335.mp4	Homebaneerbackgroundfirst.mp4	/uploads/1758102268085-888957335.mp4	/uploads/1758102268085-888957335.mp4	video	video/mp4	27088449	\N	\N	\N	Homebaneerbackgroundfirst.mp4	\N	\N	2025-09-17 09:44:36	2025-09-17 09:44:36
113	1758104082537-89385830.png	Screenshot Capture - 2025-09-16 - 17-04-08.png	/uploads/1758104082537-89385830.png	/uploads/1758104082537-89385830.png	image	image/png	246956	\N	\N	\N	Screenshot Capture - 2025-09-16 - 17-04-08.png	\N	\N	2025-09-17 10:14:42	2025-09-17 10:14:42
114	1758104844806-50436017.png	Screenshot Capture - 2025-09-16 - 11-43-41.png	/uploads/1758104844806-50436017.png	/uploads/1758104844806-50436017.png	image	image/png	136555	\N	\N	\N	Screenshot Capture - 2025-09-16 - 11-43-41.png	\N	\N	2025-09-17 10:27:24	2025-09-17 10:27:24
115	1758105132771-483840869.png	Screenshot Capture - 2025-09-15 - 18-20-49.png	/uploads/1758105132771-483840869.png	/uploads/1758105132771-483840869.png	image	image/png	110493	\N	\N	\N	Screenshot Capture - 2025-09-15 - 18-20-49.png	\N	\N	2025-09-17 10:32:12	2025-09-17 10:32:12
116	1758105335959-280324586.png	Screenshot Capture - 2025-09-16 - 17-04-08.png	/uploads/1758105335959-280324586.png	/uploads/1758105335959-280324586.png	image	image/png	246956	\N	\N	\N	Screenshot Capture - 2025-09-16 - 17-04-08.png	\N	\N	2025-09-17 10:35:36	2025-09-17 10:35:36
117	1758106123005-225510447.png	Screenshot Capture - 2025-09-16 - 11-45-14.png	/uploads/1758106123005-225510447.png	/uploads/1758106123005-225510447.png	image	image/png	127220	\N	\N	\N	Screenshot Capture - 2025-09-16 - 11-45-14.png	\N	\N	2025-09-17 10:48:43	2025-09-17 10:48:43
118	1758106152167-339684063.mp4	CLIP2.mp4	/uploads/1758106152167-339684063.mp4	/uploads/1758106152167-339684063.mp4	video	video/mp4	27088449	\N	\N	\N	CLIP2.mp4	\N	\N	2025-09-17 10:49:21	2025-09-17 10:49:21
119	1758106400234-517930670.mp4	CLIP2.mp4	/uploads/1758106400234-517930670.mp4	/uploads/1758106400234-517930670.mp4	video	video/mp4	27088449	\N	\N	\N	CLIP2.mp4	\N	\N	2025-09-17 10:53:25	2025-09-17 10:53:25
120	1758106429342-723784113.png	Screenshot Capture - 2025-09-16 - 17-04-08.png	/uploads/1758106429342-723784113.png	/uploads/1758106429342-723784113.png	image	image/png	246956	\N	\N	\N	Screenshot Capture - 2025-09-16 - 17-04-08.png	\N	\N	2025-09-17 10:53:49	2025-09-17 10:53:49
121	1758106641355-307960925.mp4	CLIP2.mp4	/uploads/1758106641355-307960925.mp4	/uploads/1758106641355-307960925.mp4	video	video/mp4	27088449	\N	\N	\N	CLIP2.mp4	\N	\N	2025-09-17 10:57:27	2025-09-17 10:57:27
122	1758107009242-992787412.png	Screenshot Capture - 2025-09-16 - 11-45-14.png	/uploads/1758107009242-992787412.png	/uploads/1758107009242-992787412.png	image	image/png	127220	\N	\N	\N	Screenshot Capture - 2025-09-16 - 11-45-14.png	\N	\N	2025-09-17 11:03:29	2025-09-17 11:03:29
123	1758107055332-326593505.png	Screenshot Capture - 2025-09-15 - 18-20-49.png	/uploads/1758107055332-326593505.png	/uploads/1758107055332-326593505.png	image	image/png	110493	\N	\N	\N	Screenshot Capture - 2025-09-15 - 18-20-49.png	\N	\N	2025-09-17 11:04:15	2025-09-17 11:04:15
124	1758107116693-965281886.png	Screenshot Capture - 2025-09-15 - 18-20-49.png	/uploads/1758107116693-965281886.png	/uploads/1758107116693-965281886.png	image	image/png	110493	\N	\N	\N	Screenshot Capture - 2025-09-15 - 18-20-49.png	\N	\N	2025-09-17 11:05:16	2025-09-17 11:05:16
125	1758107156096-566855336.png	Screenshot Capture - 2025-09-15 - 18-20-49.png	/uploads/1758107156096-566855336.png	/uploads/1758107156096-566855336.png	image	image/png	110493	\N	\N	\N	Screenshot Capture - 2025-09-15 - 18-20-49.png	\N	\N	2025-09-17 11:05:56	2025-09-17 11:05:56
126	1758107344722-712646142.png	Group 427320896.png	/uploads/1758107344722-712646142.png	/uploads/1758107344722-712646142.png	image	image/png	12690	\N	\N	\N	Group 427320896.png	\N	\N	2025-09-17 11:09:04	2025-09-17 11:09:04
127	1758107485908-18666408.png	Group 427320896.png	/uploads/1758107485908-18666408.png	/uploads/1758107485908-18666408.png	image	image/png	12690	\N	\N	\N	Group 427320896.png	\N	\N	2025-09-17 11:11:25	2025-09-17 11:11:25
128	1758107521776-396990280.png	Screenshot Capture - 2025-09-16 - 17-04-08.png	/uploads/1758107521776-396990280.png	/uploads/1758107521776-396990280.png	image	image/png	246956	\N	\N	\N	Screenshot Capture - 2025-09-16 - 17-04-08.png	\N	\N	2025-09-17 11:12:02	2025-09-17 11:12:02
129	1758107913347-518481123.png	Screenshot Capture - 2025-09-16 - 11-43-41.png	/uploads/1758107913347-518481123.png	/uploads/1758107913347-518481123.png	image	image/png	136555	\N	\N	\N	Screenshot Capture - 2025-09-16 - 11-43-41.png	\N	\N	2025-09-17 11:18:33	2025-09-17 11:18:33
130	1758108660852-322058710.png	image (2).png	/uploads/1758108660852-322058710.png	/uploads/1758108660852-322058710.png	image	image/png	565922	\N	\N	\N	image (2).png	\N	\N	2025-09-17 11:31:01	2025-09-17 11:31:01
131	1758109051973-305242649.png	Screenshot Capture - 2025-09-16 - 17-04-08.png	/uploads/1758109051973-305242649.png	/uploads/1758109051973-305242649.png	image	image/png	246956	\N	\N	\N	Screenshot Capture - 2025-09-16 - 17-04-08.png	\N	\N	2025-09-17 11:37:32	2025-09-17 11:37:32
132	1758109190370-613850296.png	Screenshot Capture - 2025-09-17 - 16-49-59.png	/uploads/1758109190370-613850296.png	/uploads/1758109190370-613850296.png	image	image/png	136973	\N	\N	\N	Screenshot Capture - 2025-09-17 - 16-49-59.png	\N	\N	2025-09-17 11:39:50	2025-09-17 11:39:50
133	1758109243179-568089158.png	image (2).png	/uploads/1758109243179-568089158.png	/uploads/1758109243179-568089158.png	image	image/png	565922	\N	\N	\N	image (2).png	\N	\N	2025-09-17 11:40:43	2025-09-17 11:40:43
134	1758109285560-313277407.png	image (2).png	/uploads/1758109285560-313277407.png	/uploads/1758109285560-313277407.png	image	image/png	565922	\N	\N	\N	image (2).png	\N	\N	2025-09-17 11:41:25	2025-09-17 11:41:25
135	1758109418033-767553842.png	Screenshot Capture - 2025-09-16 - 17-04-08.png	/uploads/1758109418033-767553842.png	/uploads/1758109418033-767553842.png	image	image/png	246956	\N	\N	\N	Screenshot Capture - 2025-09-16 - 17-04-08.png	\N	\N	2025-09-17 11:43:38	2025-09-17 11:43:38
136	1758109634623-704423815.png	image (2).png	/uploads/1758109634623-704423815.png	/uploads/1758109634623-704423815.png	image	image/png	565922	\N	\N	\N	image (2).png	\N	\N	2025-09-17 11:47:14	2025-09-17 11:47:14
137	1758110174009-437125102.mp4	Homebaneerbackgroundfirst.mp4	/uploads/1758110174009-437125102.mp4	/uploads/1758110174009-437125102.mp4	video	video/mp4	27088449	\N	\N	\N	Homebaneerbackgroundfirst.mp4	\N	\N	2025-09-17 11:56:23	2025-09-17 11:56:23
138	1758110225698-579012193.mp4	CLIP2.mp4	/uploads/1758110225698-579012193.mp4	/uploads/1758110225698-579012193.mp4	video	video/mp4	27088449	\N	\N	\N	CLIP2.mp4	\N	\N	2025-09-17 11:57:12	2025-09-17 11:57:12
139	1758110428053-613657999.mp4	Homebaneerbackgroundfirst.mp4	/uploads/1758110428053-613657999.mp4	/uploads/1758110428053-613657999.mp4	video	video/mp4	27088449	\N	\N	\N	Homebaneerbackgroundfirst.mp4	\N	\N	2025-09-17 12:00:34	2025-09-17 12:00:34
140	1758110501177-775013066.mp4	CLIP2.mp4	/uploads/1758110501177-775013066.mp4	/uploads/1758110501177-775013066.mp4	video	video/mp4	27088449	\N	\N	\N	CLIP2.mp4	\N	\N	2025-09-17 12:01:47	2025-09-17 12:01:47
141	1758113032999-571489106.png	Screenshot Capture - 2025-09-17 - 18-05-33.png	/uploads/1758113032999-571489106.png	/uploads/1758113032999-571489106.png	image	image/png	145526	\N	\N	\N	Screenshot Capture - 2025-09-17 - 18-05-33.png	\N	\N	2025-09-17 12:43:53	2025-09-17 12:43:53
142	1758113463519-709117155.png	Screenshot Capture - 2025-09-17 - 18-05-33.png	/uploads/1758113463519-709117155.png	/uploads/1758113463519-709117155.png	image	image/png	145526	\N	\N	\N	Screenshot Capture - 2025-09-17 - 18-05-33.png	\N	\N	2025-09-17 12:51:03	2025-09-17 12:51:03
143	1758113745414-310936619.png	image (2).png	/uploads/1758113745414-310936619.png	/uploads/1758113745414-310936619.png	image	image/png	565922	\N	\N	\N	image (2).png	\N	\N	2025-09-17 12:55:45	2025-09-17 12:55:45
144	1758114023430-194246625.png	image (2).png	/uploads/1758114023430-194246625.png	/uploads/1758114023430-194246625.png	image	image/png	565922	\N	\N	\N	image (2).png	\N	\N	2025-09-17 13:00:23	2025-09-17 13:00:23
145	1758114663941-965737645.png	Screenshot Capture - 2025-09-17 - 18-05-33.png	/uploads/1758114663941-965737645.png	/uploads/1758114663941-965737645.png	image	image/png	145526	\N	\N	\N	Screenshot Capture - 2025-09-17 - 18-05-33.png	\N	\N	2025-09-17 13:11:04	2025-09-17 13:11:04
146	1758114884102-184049357.png	Screenshot Capture - 2025-09-17 - 18-05-33.png	/uploads/1758114884102-184049357.png	/uploads/1758114884102-184049357.png	image	image/png	145526	\N	\N	\N	Screenshot Capture - 2025-09-17 - 18-05-33.png	\N	\N	2025-09-17 13:14:44	2025-09-17 13:14:44
147	1758114950447-577062761.png	image (2).png	/uploads/1758114950447-577062761.png	/uploads/1758114950447-577062761.png	image	image/png	565922	\N	\N	\N	image (2).png	\N	\N	2025-09-17 13:15:50	2025-09-17 13:15:50
148	1758114957940-363863931.png	image (2).png	/uploads/1758114957940-363863931.png	/uploads/1758114957940-363863931.png	image	image/png	565922	\N	\N	\N	image (2).png	\N	\N	2025-09-17 13:15:58	2025-09-17 13:15:58
149	1758115665663-811779993.mp4	CLIP2.mp4	/uploads/1758115665663-811779993.mp4	/uploads/1758115665663-811779993.mp4	video	video/mp4	27088449	\N	\N	\N	CLIP2.mp4	\N	\N	2025-09-17 13:27:51	2025-09-17 13:27:51
150	1758115890605-977918030.mp4	CLIP2.mp4	/uploads/1758115890605-977918030.mp4	/uploads/1758115890605-977918030.mp4	video	video/mp4	27088449	\N	\N	\N	CLIP2.mp4	\N	\N	2025-09-17 13:31:37	2025-09-17 13:31:37
151	1758115920063-317247199.mp4	CLIP2.mp4	/uploads/1758115920063-317247199.mp4	/uploads/1758115920063-317247199.mp4	video	video/mp4	27088449	\N	\N	\N	CLIP2.mp4	\N	\N	2025-09-17 13:32:05	2025-09-17 13:32:05
152	1758115932132-359159343.mp4	Homebaneerbackgroundfirst.mp4	/uploads/1758115932132-359159343.mp4	/uploads/1758115932132-359159343.mp4	video	video/mp4	27088449	\N	\N	\N	Homebaneerbackgroundfirst.mp4	\N	\N	2025-09-17 13:32:17	2025-09-17 13:32:17
153	1758115964038-224558497.mp4	CLIP2.mp4	/uploads/1758115964038-224558497.mp4	/uploads/1758115964038-224558497.mp4	video	video/mp4	27088449	\N	\N	\N	CLIP2.mp4	\N	\N	2025-09-17 13:32:53	2025-09-17 13:32:53
154	1758116234696-606001410.mp4	Homebaneerbackgroundfirst.mp4	/uploads/1758116234696-606001410.mp4	/uploads/1758116234696-606001410.mp4	video	video/mp4	27088449	\N	\N	\N	Homebaneerbackgroundfirst.mp4	\N	\N	2025-09-17 13:37:20	2025-09-17 13:37:20
155	1758168427704-679121086.mp4	CLIP2.mp4	/uploads/1758168427704-679121086.mp4	/uploads/1758168427704-679121086.mp4	video	video/mp4	27088449	\N	\N	\N	CLIP2.mp4	\N	\N	2025-09-18 04:07:15	2025-09-18 04:07:15
156	1758168591528-572672563.mp4	CLIP2.mp4	/uploads/1758168591528-572672563.mp4	/uploads/1758168591528-572672563.mp4	video	video/mp4	27088449	\N	\N	\N	CLIP2.mp4	\N	\N	2025-09-18 04:10:05	2025-09-18 04:10:05
157	1758168932420-330233028.mp4	Homebaneerbackgroundfirst.mp4	/uploads/1758168932420-330233028.mp4	/uploads/1758168932420-330233028.mp4	video	video/mp4	27088449	\N	\N	\N	Homebaneerbackgroundfirst.mp4	\N	\N	2025-09-18 04:15:42	2025-09-18 04:15:42
158	1758169488433-927310964.png	Screenshot Capture - 2025-09-17 - 16-49-59.png	/uploads/1758169488433-927310964.png	/uploads/1758169488433-927310964.png	image	image/png	136973	\N	\N	\N	Screenshot Capture - 2025-09-17 - 16-49-59.png	\N	\N	2025-09-18 04:24:48	2025-09-18 04:24:48
159	1758169504572-783428007.png	Screenshot Capture - 2025-09-16 - 17-04-08.png	/uploads/1758169504572-783428007.png	/uploads/1758169504572-783428007.png	image	image/png	246956	\N	\N	\N	Screenshot Capture - 2025-09-16 - 17-04-08.png	\N	\N	2025-09-18 04:25:04	2025-09-18 04:25:04
160	1758169565686-501625853.png	Screenshot Capture - 2025-09-17 - 18-05-33.png	/uploads/1758169565686-501625853.png	/uploads/1758169565686-501625853.png	image	image/png	145526	\N	\N	\N	Screenshot Capture - 2025-09-17 - 18-05-33.png	\N	\N	2025-09-18 04:26:05	2025-09-18 04:26:05
161	1758169613613-813661527.png	Screenshot Capture - 2025-09-17 - 16-49-59.png	/uploads/1758169613613-813661527.png	/uploads/1758169613613-813661527.png	image	image/png	136973	\N	\N	\N	Screenshot Capture - 2025-09-17 - 16-49-59.png	\N	\N	2025-09-18 04:26:53	2025-09-18 04:26:53
162	1758169836953-840290490.png	Screenshot Capture - 2025-09-17 - 16-49-59.png	/uploads/1758169836953-840290490.png	/uploads/1758169836953-840290490.png	image	image/png	136973	\N	\N	\N	Screenshot Capture - 2025-09-17 - 16-49-59.png	\N	\N	2025-09-18 04:30:37	2025-09-18 04:30:37
163	1758169884629-139788406.png	Screenshot Capture - 2025-09-17 - 16-49-59.png	/uploads/1758169884629-139788406.png	/uploads/1758169884629-139788406.png	image	image/png	136973	\N	\N	\N	Screenshot Capture - 2025-09-17 - 16-49-59.png	\N	\N	2025-09-18 04:31:24	2025-09-18 04:31:24
164	1758170067867-285800426.png	Screenshot Capture - 2025-09-17 - 18-05-33.png	/uploads/1758170067867-285800426.png	/uploads/1758170067867-285800426.png	image	image/png	145526	\N	\N	\N	Screenshot Capture - 2025-09-17 - 18-05-33.png	\N	\N	2025-09-18 04:34:27	2025-09-18 04:34:27
165	1758170155363-802409012.png	Screenshot Capture - 2025-09-17 - 18-05-33.png	/uploads/1758170155363-802409012.png	/uploads/1758170155363-802409012.png	image	image/png	145526	\N	\N	\N	Screenshot Capture - 2025-09-17 - 18-05-33.png	\N	\N	2025-09-18 04:35:55	2025-09-18 04:35:55
166	1758170248352-94766689.mp4	CLIP2.mp4	/uploads/1758170248352-94766689.mp4	/uploads/1758170248352-94766689.mp4	video	video/mp4	27088449	\N	\N	\N	CLIP2.mp4	\N	\N	2025-09-18 04:37:37	2025-09-18 04:37:37
167	1758170333500-367605576.mp4	CLIP2.mp4	/uploads/1758170333500-367605576.mp4	/uploads/1758170333500-367605576.mp4	video	video/mp4	27088449	\N	\N	\N	CLIP2.mp4	\N	\N	2025-09-18 04:39:02	2025-09-18 04:39:02
168	1758170398037-848343904.png	Screenshot Capture - 2025-09-17 - 18-05-33.png	/uploads/1758170398037-848343904.png	/uploads/1758170398037-848343904.png	image	image/png	145526	\N	\N	\N	Screenshot Capture - 2025-09-17 - 18-05-33.png	\N	\N	2025-09-18 04:39:58	2025-09-18 04:39:58
169	1758170422577-399922612.mp4	CLIP2.mp4	/uploads/1758170422577-399922612.mp4	/uploads/1758170422577-399922612.mp4	video	video/mp4	27088449	\N	\N	\N	CLIP2.mp4	\N	\N	2025-09-18 04:40:33	2025-09-18 04:40:33
170	1758170483234-751017101.png	Screenshot Capture - 2025-09-17 - 18-05-33.png	/uploads/1758170483234-751017101.png	/uploads/1758170483234-751017101.png	image	image/png	145526	\N	\N	\N	Screenshot Capture - 2025-09-17 - 18-05-33.png	\N	\N	2025-09-18 04:41:23	2025-09-18 04:41:23
171	1758172406990-477385589.mp4	CLIP2.mp4	/uploads/1758172406990-477385589.mp4	/uploads/1758172406990-477385589.mp4	video	video/mp4	27088449	\N	\N	\N	CLIP2.mp4	\N	\N	2025-09-18 05:13:55	2025-09-18 05:13:55
172	1758184253892-473318571.mp4	CLIP2.mp4	/uploads/1758184253892-473318571.mp4	/uploads/1758184253892-473318571.mp4	video	video/mp4	27088449	\N	\N	\N	CLIP2.mp4	\N	\N	2025-09-18 08:30:58	2025-09-18 08:30:58
173	1758184365696-29247255.mp4	CLIP2.mp4	/uploads/1758184365696-29247255.mp4	/uploads/1758184365696-29247255.mp4	video	video/mp4	27088449	\N	\N	\N	CLIP2.mp4	\N	\N	2025-09-18 08:33:04	2025-09-18 08:33:04
174	1758184550221-99499525.mp4	CLIP2.mp4	/uploads/1758184550221-99499525.mp4	/uploads/1758184550221-99499525.mp4	video	video/mp4	27088449	\N	\N	\N	CLIP2.mp4	\N	\N	2025-09-18 08:36:06	2025-09-18 08:36:06
175	1758184693988-780668052.mp4	CLIP2.mp4	/uploads/1758184693988-780668052.mp4	/uploads/1758184693988-780668052.mp4	video	video/mp4	27088449	\N	\N	\N	CLIP2.mp4	\N	\N	2025-09-18 08:38:32	2025-09-18 08:38:32
176	1758184955522-458310207.mp4	CLIP2.mp4	/uploads/1758184955522-458310207.mp4	/uploads/1758184955522-458310207.mp4	video	video/mp4	27088449	\N	\N	\N	CLIP2.mp4	\N	\N	2025-09-18 08:42:48	2025-09-18 08:42:48
177	1758185179502-116158329.mp4	CLIP2.mp4	/uploads/1758185179502-116158329.mp4	/uploads/1758185179502-116158329.mp4	video	video/mp4	27088449	\N	\N	\N	CLIP2.mp4	\N	\N	2025-09-18 08:46:28	2025-09-18 08:46:28
178	1758185310059-609288329.mp4	CLIP2.mp4	/uploads/1758185310059-609288329.mp4	/uploads/1758185310059-609288329.mp4	video	video/mp4	27088449	\N	\N	\N	CLIP2.mp4	\N	\N	2025-09-18 08:48:42	2025-09-18 08:48:42
179	1758185411376-860929173.mp4	CLIP2.mp4	/uploads/1758185411376-860929173.mp4	/uploads/1758185411376-860929173.mp4	video	video/mp4	27088449	\N	\N	\N	CLIP2.mp4	\N	\N	2025-09-18 08:50:22	2025-09-18 08:50:22
180	1758185583455-651680336.mp4	CLIP2.mp4	/uploads/1758185583455-651680336.mp4	/uploads/1758185583455-651680336.mp4	video	video/mp4	27088449	\N	\N	\N	CLIP2.mp4	\N	\N	2025-09-18 08:53:50	2025-09-18 08:53:50
181	1758185716945-934323977.mp4	CLIP2.mp4	/uploads/1758185716945-934323977.mp4	/uploads/1758185716945-934323977.mp4	video	video/mp4	27088449	\N	\N	\N	CLIP2.mp4	\N	\N	2025-09-18 08:55:41	2025-09-18 08:55:41
182	1758188009944-791752778.png	Ellipse 35.png	/uploads/1758188009944-791752778.png	/uploads/1758188009944-791752778.png	image	image/png	1660	\N	\N	\N	Ellipse 35.png	\N	\N	2025-09-18 09:33:29	2025-09-18 09:33:29
183	1758188307668-399929418.png	Group 427321267.png	/uploads/1758188307668-399929418.png	/uploads/1758188307668-399929418.png	image	image/png	2214	\N	\N	\N	Group 427321267.png	\N	\N	2025-09-18 09:38:27	2025-09-18 09:38:27
185	1758190403499-978430861.png	db0be1cb5a2be9b9ec54d5a60bbd93893f66eb07.png	/uploads/1758190403499-978430861.png	/uploads/1758190403499-978430861.png	image	image/png	1127208	\N	\N	\N	db0be1cb5a2be9b9ec54d5a60bbd93893f66eb07.png	\N	\N	2025-09-18 10:13:23	2025-09-18 10:13:23
186	1758192016450-875720207.mp4	Homebaneerbackgroundfirst.mp4	/uploads/1758192016450-875720207.mp4	/uploads/1758192016450-875720207.mp4	video	video/mp4	27088449	\N	\N	\N	Homebaneerbackgroundfirst.mp4	\N	\N	2025-09-18 10:40:33	2025-09-18 10:40:33
187	1758192072699-732350663.mp4	Homebaneerbackgroundfirst.mp4	/uploads/1758192072699-732350663.mp4	/uploads/1758192072699-732350663.mp4	video	video/mp4	27088449	\N	\N	\N	Homebaneerbackgroundfirst.mp4	\N	\N	2025-09-18 10:41:22	2025-09-18 10:41:22
188	1758192631649-881155578.mp4	Homebaneerbackgroundfirst.mp4	/uploads/1758192631649-881155578.mp4	/uploads/1758192631649-881155578.mp4	video	video/mp4	27088449	\N	\N	\N	Homebaneerbackgroundfirst.mp4	\N	\N	2025-09-18 10:50:39	2025-09-18 10:50:39
189	1758192905412-16412422.mp4	Homebaneerbackgroundfirst.mp4	/uploads/1758192905412-16412422.mp4	/uploads/1758192905412-16412422.mp4	video	video/mp4	27088449	\N	\N	\N	Homebaneerbackgroundfirst.mp4	\N	\N	2025-09-18 10:55:17	2025-09-18 10:55:17
190	1758193097158-372636644.png	Screenshot Capture - 2025-09-18 - 15-33-39.png	/uploads/1758193097158-372636644.png	/uploads/1758193097158-372636644.png	image	image/png	163865	\N	\N	\N	Screenshot Capture - 2025-09-18 - 15-33-39.png	\N	\N	2025-09-18 10:58:17	2025-09-18 10:58:17
191	1758193741232-957637987.png	Ellipse 35.png	/uploads/1758193741232-957637987.png	/uploads/1758193741232-957637987.png	image	image/png	1660	\N	\N	\N	Ellipse 35.png	\N	\N	2025-09-18 11:09:01	2025-09-18 11:09:01
192	1758193847586-46265320.png	Screenshot Capture - 2025-09-18 - 11-44-18.png	/uploads/1758193847586-46265320.png	/uploads/1758193847586-46265320.png	image	image/png	58132	\N	\N	\N	Screenshot Capture - 2025-09-18 - 11-44-18.png	\N	\N	2025-09-18 11:10:47	2025-09-18 11:10:47
193	1758203277491-353637404.png	image (2).png	/uploads/1758203277491-353637404.png	/uploads/1758203277491-353637404.png	image	image/png	565922	\N	\N	\N	image (2).png	\N	\N	2025-09-18 13:47:58	2025-09-18 13:47:58
194	1758276510490-928728034.mp4	CLIP2.mp4	/uploads/1758276510490-928728034.mp4	/uploads/1758276510490-928728034.mp4	video	video/mp4	27088449	\N	\N	\N	CLIP2.mp4	\N	\N	2025-09-19 10:08:35	2025-09-19 10:08:35
195	1758277344663-153366771.png	Screenshot Capture - 2025-09-19 - 14-25-53.png	/uploads/1758277344663-153366771.png	/uploads/1758277344663-153366771.png	image	image/png	101422	\N	\N	\N	Screenshot Capture - 2025-09-19 - 14-25-53.png	\N	\N	2025-09-19 10:22:24	2025-09-19 10:22:24
196	1758278972206-259903523.png	Screenshot Capture - 2025-09-19 - 15-54-35.png	/uploads/1758278972206-259903523.png	/uploads/1758278972206-259903523.png	image	image/png	42312	\N	\N	\N	Screenshot Capture - 2025-09-19 - 15-54-35.png	\N	\N	2025-09-19 10:49:32	2025-09-19 10:49:32
197	1758280790191-872662840.png	image 10.png	/uploads/1758280790191-872662840.png	/uploads/1758280790191-872662840.png	image	image/png	29257	\N	\N	\N	image 10.png	\N	\N	2025-09-19 11:19:50	2025-09-19 11:19:50
198	1758280806683-97903423.png	image 10.png	/uploads/1758280806683-97903423.png	/uploads/1758280806683-97903423.png	image	image/png	29257	\N	\N	\N	image 10.png	\N	\N	2025-09-19 11:20:06	2025-09-19 11:20:06
199	1758280929238-789159498.png	thumbnail_2X2.25 (1).png	/uploads/1758280929238-789159498.png	/uploads/1758280929238-789159498.png	image	image/png	17300	\N	\N	\N	thumbnail_2X2.25 (1).png	\N	\N	2025-09-19 11:22:09	2025-09-19 11:22:09
200	1758281078435-901006108.png	image 10.png	/uploads/1758281078435-901006108.png	/uploads/1758281078435-901006108.png	image	image/png	29257	\N	\N	\N	image 10.png	\N	\N	2025-09-19 11:24:38	2025-09-19 11:24:38
201	1758281337549-627939338.png	image 10.png	/uploads/1758281337549-627939338.png	/uploads/1758281337549-627939338.png	image	image/png	29257	\N	\N	\N	image 10.png	\N	\N	2025-09-19 11:28:57	2025-09-19 11:28:57
202	1758286606474-479975031.png	CLIP2.png	/uploads/1758286606474-479975031.png	/uploads/1758286606474-479975031.png	image	image/png	460407	\N	\N	\N	CLIP2.png	\N	\N	2025-09-19 12:56:46	2025-09-19 12:56:46
203	1758286693733-386024731.png	CLIP2.png	/uploads/1758286693733-386024731.png	/uploads/1758286693733-386024731.png	image	image/png	460407	\N	\N	\N	CLIP2.png	\N	\N	2025-09-19 12:58:14	2025-09-19 12:58:14
204	1758519673189-218474675.png	Screenshot Capture - 2025-09-22 - 11-03-24.png	/uploads/1758519673189-218474675.png	/uploads/1758519673189-218474675.png	image	image/png	108285	\N	\N	\N	Screenshot Capture - 2025-09-22 - 11-03-24.png	\N	\N	2025-09-22 05:41:13	2025-09-22 05:41:13
205	1758524365844-966804706.png	Screenshot Capture - 2025-09-22 - 11-59-40.png	/uploads/1758524365844-966804706.png	/uploads/1758524365844-966804706.png	image	image/png	31394	\N	\N	\N	Screenshot Capture - 2025-09-22 - 11-59-40.png	\N	\N	2025-09-22 06:59:25	2025-09-22 06:59:25
206	1758524634441-418544955.png	Screenshot Capture - 2025-09-22 - 12-32-14.png	/uploads/1758524634441-418544955.png	/uploads/1758524634441-418544955.png	image	image/png	53163	\N	\N	\N	Screenshot Capture - 2025-09-22 - 12-32-14.png	\N	\N	2025-09-22 07:03:54	2025-09-22 07:03:54
207	1758524649293-106094100.png	Screenshot Capture - 2025-09-22 - 12-29-48.png	/uploads/1758524649293-106094100.png	/uploads/1758524649293-106094100.png	image	image/png	95019	\N	\N	\N	Screenshot Capture - 2025-09-22 - 12-29-48.png	\N	\N	2025-09-22 07:04:09	2025-09-22 07:04:09
208	1758524700450-87464499.png	Screenshot Capture - 2025-09-22 - 12-29-48.png	/uploads/1758524700450-87464499.png	/uploads/1758524700450-87464499.png	image	image/png	95019	\N	\N	\N	Screenshot Capture - 2025-09-22 - 12-29-48.png	\N	\N	2025-09-22 07:05:00	2025-09-22 07:05:00
209	1758524848674-917395104.png	image 10.png	/uploads/1758524848674-917395104.png	/uploads/1758524848674-917395104.png	image	image/png	29257	\N	\N	\N	image 10.png	\N	\N	2025-09-22 07:07:28	2025-09-22 07:07:28
210	1758524857126-758438378.png	American Heart Association PNG (1) (1).png	/uploads/1758524857126-758438378.png	/uploads/1758524857126-758438378.png	image	image/png	18434	\N	\N	\N	American Heart Association PNG (1) (1).png	\N	\N	2025-09-22 07:07:37	2025-09-22 07:07:37
211	1758524866697-472117342.png	American Stroke Association PNG (1).png	/uploads/1758524866697-472117342.png	/uploads/1758524866697-472117342.png	image	image/png	17748	\N	\N	\N	American Stroke Association PNG (1).png	\N	\N	2025-09-22 07:07:46	2025-09-22 07:07:46
212	1758524873919-607457773.png	image 11.png	/uploads/1758524873919-607457773.png	/uploads/1758524873919-607457773.png	image	image/png	17192	\N	\N	\N	image 11.png	\N	\N	2025-09-22 07:07:53	2025-09-22 07:07:53
213	1758524883616-752927797.png	image 12.png	/uploads/1758524883616-752927797.png	/uploads/1758524883616-752927797.png	image	image/png	20847	\N	\N	\N	image 12.png	\N	\N	2025-09-22 07:08:03	2025-09-22 07:08:03
214	1758524891907-595028491.png	thumbnail_2X2.25 (1).png	/uploads/1758524891907-595028491.png	/uploads/1758524891907-595028491.png	image	image/png	17300	\N	\N	\N	thumbnail_2X2.25 (1).png	\N	\N	2025-09-22 07:08:11	2025-09-22 07:08:11
215	1758618584210-602502246.png	93fab81efcc46c784809a2e409dea173c4c56678.png	/uploads/1758618584210-602502246.png	/uploads/1758618584210-602502246.png	image	image/png	39369	\N	\N	\N	93fab81efcc46c784809a2e409dea173c4c56678.png	\N	\N	2025-09-23 09:09:44	2025-09-23 09:09:44
216	1758618950305-774543720.png	facebook.png	/uploads/1758618950305-774543720.png	/uploads/1758618950305-774543720.png	image	image/png	22780	\N	\N	\N	facebook.png	\N	\N	2025-09-23 09:15:50	2025-09-23 09:15:50
217	1758619007673-529369695.png	Instagram.png	/uploads/1758619007673-529369695.png	/uploads/1758619007673-529369695.png	image	image/png	144409	\N	\N	\N	Instagram.png	\N	\N	2025-09-23 09:16:47	2025-09-23 09:16:47
218	1758619056763-790106600.png	linkedin.png	/uploads/1758619056763-790106600.png	/uploads/1758619056763-790106600.png	image	image/png	23058	\N	\N	\N	linkedin.png	\N	\N	2025-09-23 09:17:36	2025-09-23 09:17:36
219	1758619083604-152079274.png	x.png	/uploads/1758619083604-152079274.png	/uploads/1758619083604-152079274.png	image	image/png	32816	\N	\N	\N	x.png	\N	\N	2025-09-23 09:18:03	2025-09-23 09:18:03
220	1758619157765-999833116.png	youtube.png	/uploads/1758619157765-999833116.png	/uploads/1758619157765-999833116.png	image	image/png	16924	\N	\N	\N	youtube.png	\N	\N	2025-09-23 09:19:17	2025-09-23 09:19:17
221	1758706127147-201072143.png	Screenshot Capture - 2025-09-24 - 14-19-55.png	/uploads/1758706127147-201072143.png	/uploads/1758706127147-201072143.png	image	image/png	66652	\N	\N	\N	Screenshot Capture - 2025-09-24 - 14-19-55.png	\N	\N	2025-09-24 09:28:47	2025-09-24 09:28:47
222	1758706355052-919755342.png	Screenshot Capture - 2025-09-23 - 15-53-35.png	/uploads/1758706355052-919755342.png	/uploads/1758706355052-919755342.png	image	image/png	37461	\N	\N	\N	Screenshot Capture - 2025-09-23 - 15-53-35.png	\N	\N	2025-09-24 09:32:35	2025-09-24 09:32:35
223	1758706645182-622260604.png	In-affiliation-with.png	/uploads/1758706645182-622260604.png	/uploads/1758706645182-622260604.png	image	image/png	12690	\N	\N	\N	In-affiliation-with.png	\N	\N	2025-09-24 09:37:25	2025-09-24 09:37:25
224	1758706938887-442457440.png	Ramaiah_Memorial_Hospital_logo.png	/uploads/1758706938887-442457440.png	/uploads/1758706938887-442457440.png	image	image/png	42648	\N	\N	\N	Ramaiah_Memorial_Hospital_logo.png	\N	\N	2025-09-24 09:42:18	2025-09-24 09:42:18
225	1758707269122-490354157.png	In-affiliation-with.png	/uploads/1758707269122-490354157.png	/uploads/1758707269122-490354157.png	image	image/png	12690	\N	\N	\N	In-affiliation-with.png	\N	\N	2025-09-24 09:47:49	2025-09-24 09:47:49
226	1758707299008-46810783.png	In-affiliation-with.png	/uploads/1758707299008-46810783.png	/uploads/1758707299008-46810783.png	image	image/png	12690	\N	\N	\N	In-affiliation-with.png	\N	\N	2025-09-24 09:48:19	2025-09-24 09:48:19
227	1758707968900-834191153.png	Certification1.png	/uploads/1758707968900-834191153.png	/uploads/1758707968900-834191153.png	image	image/png	29257	\N	\N	\N	Certification1.png	\N	\N	2025-09-24 09:59:28	2025-09-24 09:59:28
228	1758708018237-411900557.png	Certification1.png	/uploads/1758708018237-411900557.png	/uploads/1758708018237-411900557.png	image	image/png	29257	\N	\N	\N	Certification1.png	\N	\N	2025-09-24 10:00:18	2025-09-24 10:00:18
229	1758708101009-795582792.png	Certification2.png	/uploads/1758708101009-795582792.png	/uploads/1758708101009-795582792.png	image	image/png	18434	\N	\N	\N	Certification2.png	\N	\N	2025-09-24 10:01:41	2025-09-24 10:01:41
230	1758708219149-727698424.png	Certification2.png	/uploads/1758708219149-727698424.png	/uploads/1758708219149-727698424.png	image	image/png	18434	\N	\N	\N	Certification2.png	\N	\N	2025-09-24 10:03:39	2025-09-24 10:03:39
231	1758708237422-634621571.png	Certification3.png	/uploads/1758708237422-634621571.png	/uploads/1758708237422-634621571.png	image	image/png	17748	\N	\N	\N	Certification3.png	\N	\N	2025-09-24 10:03:57	2025-09-24 10:03:57
232	1758708261398-650978058.png	Certification4.png	/uploads/1758708261398-650978058.png	/uploads/1758708261398-650978058.png	image	image/png	17192	\N	\N	\N	Certification4.png	\N	\N	2025-09-24 10:04:21	2025-09-24 10:04:21
233	1758708276304-66712986.png	Certification5.png	/uploads/1758708276304-66712986.png	/uploads/1758708276304-66712986.png	image	image/png	20847	\N	\N	\N	Certification5.png	\N	\N	2025-09-24 10:04:36	2025-09-24 10:04:36
234	1758708299877-816260982.png	Certification6.png	/uploads/1758708299877-816260982.png	/uploads/1758708299877-816260982.png	image	image/png	17300	\N	\N	\N	Certification6.png	\N	\N	2025-09-24 10:04:59	2025-09-24 10:04:59
235	1758709004464-150089681.png	Certification6.png	/uploads/1758709004464-150089681.png	/uploads/1758709004464-150089681.png	image	image/png	17300	\N	\N	\N	Certification6.png	\N	\N	2025-09-24 10:16:44	2025-09-24 10:16:44
236	1758710214267-513133203.png	QuickLinks_first.png	/uploads/1758710214267-513133203.png	/uploads/1758710214267-513133203.png	image	image/png	4867	\N	\N	\N	QuickLinks_first.png	\N	\N	2025-09-24 10:36:54	2025-09-24 10:36:54
237	1758710228299-368064226.png	QuickLinks_secpnd.png	/uploads/1758710228299-368064226.png	/uploads/1758710228299-368064226.png	image	image/png	5135	\N	\N	\N	QuickLinks_secpnd.png	\N	\N	2025-09-24 10:37:08	2025-09-24 10:37:08
238	1758710236914-604993973.png	QuickLinks_third.png	/uploads/1758710236914-604993973.png	/uploads/1758710236914-604993973.png	image	image/png	4966	\N	\N	\N	QuickLinks_third.png	\N	\N	2025-09-24 10:37:16	2025-09-24 10:37:16
239	1758710300732-177922596.png	QuickLinks_first.png	/uploads/1758710300732-177922596.png	/uploads/1758710300732-177922596.png	image	image/png	4867	\N	\N	\N	QuickLinks_first.png	\N	\N	2025-09-24 10:38:20	2025-09-24 10:38:20
240	1758710639585-540375689.png	Ramaiah_second_banner.png	/uploads/1758710639585-540375689.png	/uploads/1758710639585-540375689.png	image	image/png	460407	\N	\N	\N	Ramaiah_second_banner.png	\N	\N	2025-09-24 10:43:59	2025-09-24 10:43:59
241	1758710679242-377334518.png	Ramaiah_second_banner.png	/uploads/1758710679242-377334518.png	/uploads/1758710679242-377334518.png	image	image/png	460407	\N	\N	\N	Ramaiah_second_banner.png	\N	\N	2025-09-24 10:44:39	2025-09-24 10:44:39
242	1758710861224-491229485.png	QuickLinks_first.png	/uploads/1758710861224-491229485.png	/uploads/1758710861224-491229485.png	image	image/png	4867	\N	\N	\N	QuickLinks_first.png	\N	\N	2025-09-24 10:47:41	2025-09-24 10:47:41
243	1758710876083-266436380.png	QuickLinks_first.png	/uploads/1758710876083-266436380.png	/uploads/1758710876083-266436380.png	image	image/png	4867	\N	\N	\N	QuickLinks_first.png	\N	\N	2025-09-24 10:47:56	2025-09-24 10:47:56
244	1758711208369-859961021.png	QuickLinks_first.png	/uploads/1758711208369-859961021.png	/uploads/1758711208369-859961021.png	image	image/png	4867	\N	\N	\N	QuickLinks_first.png	\N	\N	2025-09-24 10:53:28	2025-09-24 10:53:28
245	1758711378963-167130554.png	QuickLinks_first.png	/uploads/1758711378963-167130554.png	/uploads/1758711378963-167130554.png	image	image/png	4867	\N	\N	\N	QuickLinks_first.png	\N	\N	2025-09-24 10:56:18	2025-09-24 10:56:18
246	1758711582807-135645727.png	QuickLinks_first.png	/uploads/1758711582807-135645727.png	/uploads/1758711582807-135645727.png	image	image/png	4867	\N	\N	\N	QuickLinks_first.png	\N	\N	2025-09-24 10:59:42	2025-09-24 10:59:42
247	1758711677468-240322377.png	QuickLinks_first.png	/uploads/1758711677468-240322377.png	/uploads/1758711677468-240322377.png	image	image/png	4867	\N	\N	\N	QuickLinks_first.png	\N	\N	2025-09-24 11:01:17	2025-09-24 11:01:17
248	1758711912596-269292278.png	QuickLinks_first.png	/uploads/1758711912596-269292278.png	/uploads/1758711912596-269292278.png	image	image/png	4867	\N	\N	\N	QuickLinks_first.png	\N	\N	2025-09-24 11:05:12	2025-09-24 11:05:12
249	1758712037136-887454343.png	QuickLinks_first.png	/uploads/1758712037136-887454343.png	/uploads/1758712037136-887454343.png	image	image/png	4867	\N	\N	\N	QuickLinks_first.png	\N	\N	2025-09-24 11:07:17	2025-09-24 11:07:17
250	1758712049939-448399285.png	QuickLinks_third.png	/uploads/1758712049939-448399285.png	/uploads/1758712049939-448399285.png	image	image/png	4966	\N	\N	\N	QuickLinks_third.png	\N	\N	2025-09-24 11:07:29	2025-09-24 11:07:29
251	1758712093388-669635800.png	QuickLinks_third.png	/uploads/1758712093388-669635800.png	/uploads/1758712093388-669635800.png	image	image/png	4966	\N	\N	\N	QuickLinks_third.png	\N	\N	2025-09-24 11:08:13	2025-09-24 11:08:13
252	1758712594807-478062348.png	QuickLinks_third.png	/uploads/1758712594807-478062348.png	/uploads/1758712594807-478062348.png	image	image/png	4966	\N	\N	\N	QuickLinks_third.png	\N	\N	2025-09-24 11:16:34	2025-09-24 11:16:34
253	1758712619595-956777233.png	QuickLinks_secpnd.png	/uploads/1758712619595-956777233.png	/uploads/1758712619595-956777233.png	image	image/png	5135	\N	\N	\N	QuickLinks_secpnd.png	\N	\N	2025-09-24 11:16:59	2025-09-24 11:16:59
254	1758713047742-165259676.png	QuickLinks_third.png	/uploads/1758713047742-165259676.png	/uploads/1758713047742-165259676.png	image	image/png	4966	\N	\N	\N	QuickLinks_third.png	\N	\N	2025-09-24 11:24:07	2025-09-24 11:24:07
255	1758713260667-780208719.png	QuickLinks_first.png	/uploads/1758713260667-780208719.png	/uploads/1758713260667-780208719.png	image	image/png	4867	\N	\N	\N	QuickLinks_first.png	\N	\N	2025-09-24 11:27:40	2025-09-24 11:27:40
256	1758713332299-668631825.png	QuickLinks_secpnd.png	/uploads/1758713332299-668631825.png	/uploads/1758713332299-668631825.png	image	image/png	5135	\N	\N	\N	QuickLinks_secpnd.png	\N	\N	2025-09-24 11:28:52	2025-09-24 11:28:52
257	1758713337813-254668138.png	QuickLinks_third.png	/uploads/1758713337813-254668138.png	/uploads/1758713337813-254668138.png	image	image/png	4966	\N	\N	\N	QuickLinks_third.png	\N	\N	2025-09-24 11:28:57	2025-09-24 11:28:57
258	1758713930962-310210901.png	QuickLinks_fourth.png	/uploads/1758713930962-310210901.png	/uploads/1758713930962-310210901.png	image	image/png	5381	\N	\N	\N	QuickLinks_fourth.png	\N	\N	2025-09-24 11:38:50	2025-09-24 11:38:50
259	1758713935103-377183727.png	QuickLinks_fifth.png	/uploads/1758713935103-377183727.png	/uploads/1758713935103-377183727.png	image	image/png	4695	\N	\N	\N	QuickLinks_fifth.png	\N	\N	2025-09-24 11:38:55	2025-09-24 11:38:55
260	1758713939863-403100405.png	QuickLinks_sixth.png	/uploads/1758713939863-403100405.png	/uploads/1758713939863-403100405.png	image	image/png	3655	\N	\N	\N	QuickLinks_sixth.png	\N	\N	2025-09-24 11:38:59	2025-09-24 11:38:59
261	1758714127628-543595057.mp4	DoctorSpeak.mp4	/uploads/1758714127628-543595057.mp4	/uploads/1758714127628-543595057.mp4	video	video/mp4	71064671	\N	\N	\N	DoctorSpeak.mp4	\N	\N	2025-09-24 11:42:28	2025-09-24 11:42:28
262	1758714167008-256036201.mp4	Patient Speak.mp4	/uploads/1758714167008-256036201.mp4	/uploads/1758714167008-256036201.mp4	video	video/mp4	62321649	\N	\N	\N	Patient Speak.mp4	\N	\N	2025-09-24 11:43:09	2025-09-24 11:43:09
263	1758716001492-660133408.png	QuickLinks_sixth.png	/uploads/1758716001492-660133408.png	/uploads/1758716001492-660133408.png	image	image/png	3655	\N	\N	\N	QuickLinks_sixth.png	\N	\N	2025-09-24 12:13:21	2025-09-24 12:13:21
264	1758716468314-587460935.png	QuickLinks_sixth.png	/uploads/1758716468314-587460935.png	/uploads/1758716468314-587460935.png	image	image/png	3655	\N	\N	\N	QuickLinks_sixth.png	\N	\N	2025-09-24 12:21:08	2025-09-24 12:21:08
265	1758719108685-548369133.png	ourstoryiconone.png	/uploads/1758719108685-548369133.png	/uploads/1758719108685-548369133.png	image	image/png	4152	\N	\N	\N	ourstoryiconone.png	\N	\N	2025-09-24 13:05:08	2025-09-24 13:05:08
266	1758719118305-836058950.png	ourstoryiconsecond.png	/uploads/1758719118305-836058950.png	/uploads/1758719118305-836058950.png	image	image/png	4418	\N	\N	\N	ourstoryiconsecond.png	\N	\N	2025-09-24 13:05:18	2025-09-24 13:05:18
267	1758719131273-100793155.png	ourstoryiconthird.png	/uploads/1758719131273-100793155.png	/uploads/1758719131273-100793155.png	image	image/png	4500	\N	\N	\N	ourstoryiconthird.png	\N	\N	2025-09-24 13:05:31	2025-09-24 13:05:31
268	1758719138817-323301865.png	ourstoryiconfourth.png	/uploads/1758719138817-323301865.png	/uploads/1758719138817-323301865.png	image	image/png	4091	\N	\N	\N	ourstoryiconfourth.png	\N	\N	2025-09-24 13:05:38	2025-09-24 13:05:38
269	1758719153391-288294197.png	ourstoryiconsix.png	/uploads/1758719153391-288294197.png	/uploads/1758719153391-288294197.png	image	image/png	4198	\N	\N	\N	ourstoryiconsix.png	\N	\N	2025-09-24 13:05:53	2025-09-24 13:05:53
270	1758719159196-501076532.png	ourstoryiconseven.png	/uploads/1758719159196-501076532.png	/uploads/1758719159196-501076532.png	image	image/png	3964	\N	\N	\N	ourstoryiconseven.png	\N	\N	2025-09-24 13:05:59	2025-09-24 13:05:59
271	1758719164566-992967274.png	ourstoryiconeight.png	/uploads/1758719164566-992967274.png	/uploads/1758719164566-992967274.png	image	image/png	4296	\N	\N	\N	ourstoryiconeight.png	\N	\N	2025-09-24 13:06:04	2025-09-24 13:06:04
272	1758719169267-449802763.png	ourstoryiconnine.png	/uploads/1758719169267-449802763.png	/uploads/1758719169267-449802763.png	image	image/png	4613	\N	\N	\N	ourstoryiconnine.png	\N	\N	2025-09-24 13:06:09	2025-09-24 13:06:09
273	1758777213976-310258385.png	QuickLinks_sixth.png	/uploads/1758777213976-310258385.png	/uploads/1758777213976-310258385.png	image	image/png	3655	\N	\N	\N	QuickLinks_sixth.png	\N	\N	2025-09-25 05:13:33	2025-09-25 05:13:33
274	1758777240557-272956601.png	ourstoryiconone.png	/uploads/1758777240557-272956601.png	/uploads/1758777240557-272956601.png	image	image/png	4152	\N	\N	\N	ourstoryiconone.png	\N	\N	2025-09-25 05:14:00	2025-09-25 05:14:00
275	1758777283105-289471537.png	ourstoryiconthird.png	/uploads/1758777283105-289471537.png	/uploads/1758777283105-289471537.png	image	image/png	4500	\N	\N	\N	ourstoryiconthird.png	\N	\N	2025-09-25 05:14:43	2025-09-25 05:14:43
276	1758777773255-698745053.png	ourstoryiconthird.png	/uploads/1758777773255-698745053.png	/uploads/1758777773255-698745053.png	image	image/png	4500	\N	\N	\N	ourstoryiconthird.png	\N	\N	2025-09-25 05:22:53	2025-09-25 05:22:53
277	1758777818728-431385637.png	ourstoryiconfourth.png	/uploads/1758777818728-431385637.png	/uploads/1758777818728-431385637.png	image	image/png	4091	\N	\N	\N	ourstoryiconfourth.png	\N	\N	2025-09-25 05:23:38	2025-09-25 05:23:38
278	1758777847766-961279650.png	ourstoryiconsix.png	/uploads/1758777847766-961279650.png	/uploads/1758777847766-961279650.png	image	image/png	4198	\N	\N	\N	ourstoryiconsix.png	\N	\N	2025-09-25 05:24:07	2025-09-25 05:24:07
279	1758777864219-503726851.png	ourstoryiconseven.png	/uploads/1758777864219-503726851.png	/uploads/1758777864219-503726851.png	image	image/png	3964	\N	\N	\N	ourstoryiconseven.png	\N	\N	2025-09-25 05:24:24	2025-09-25 05:24:24
280	1758777890317-796128003.png	ourstoryiconeight.png	/uploads/1758777890317-796128003.png	/uploads/1758777890317-796128003.png	image	image/png	4296	\N	\N	\N	ourstoryiconeight.png	\N	\N	2025-09-25 05:24:50	2025-09-25 05:24:50
281	1758777909541-114505689.png	ourstoryiconnine.png	/uploads/1758777909541-114505689.png	/uploads/1758777909541-114505689.png	image	image/png	4613	\N	\N	\N	ourstoryiconnine.png	\N	\N	2025-09-25 05:25:09	2025-09-25 05:25:09
282	1758777979068-743552376.png	ourstoryiconnine.png	/uploads/1758777979068-743552376.png	/uploads/1758777979068-743552376.png	image	image/png	4613	\N	\N	\N	ourstoryiconnine.png	\N	\N	2025-09-25 05:26:19	2025-09-25 05:26:19
283	1758778009530-683315522.png	ourstoryiconnine.png	/uploads/1758778009530-683315522.png	/uploads/1758778009530-683315522.png	image	image/png	4613	\N	\N	\N	ourstoryiconnine.png	\N	\N	2025-09-25 05:26:49	2025-09-25 05:26:49
284	1758778044157-725957711.png	ourstoryiconeight.png	/uploads/1758778044157-725957711.png	/uploads/1758778044157-725957711.png	image	image/png	4296	\N	\N	\N	ourstoryiconeight.png	\N	\N	2025-09-25 05:27:24	2025-09-25 05:27:24
285	1758778050631-106775051.png	ourstoryiconsix.png	/uploads/1758778050631-106775051.png	/uploads/1758778050631-106775051.png	image	image/png	4198	\N	\N	\N	ourstoryiconsix.png	\N	\N	2025-09-25 05:27:30	2025-09-25 05:27:30
286	1758778070874-627430678.png	ourstoryiconnine.png	/uploads/1758778070874-627430678.png	/uploads/1758778070874-627430678.png	image	image/png	4613	\N	\N	\N	ourstoryiconnine.png	\N	\N	2025-09-25 05:27:50	2025-09-25 05:27:50
287	1758778143757-837864092.png	ourstoryiconsix.png	/uploads/1758778143757-837864092.png	/uploads/1758778143757-837864092.png	image	image/png	4198	\N	\N	\N	ourstoryiconsix.png	\N	\N	2025-09-25 05:29:03	2025-09-25 05:29:03
288	1758778531324-364170572.png	ourstoryiconseven.png	/uploads/1758778531324-364170572.png	/uploads/1758778531324-364170572.png	image	image/png	3964	\N	\N	\N	ourstoryiconseven.png	\N	\N	2025-09-25 05:35:31	2025-09-25 05:35:31
289	1758781273786-779788649.png	jointcommissioninternationals.png	/uploads/1758781273786-779788649.png	/uploads/1758781273786-779788649.png	image	image/png	29545	\N	\N	\N	jointcommissioninternationals.png	\N	\N	2025-09-25 06:21:13	2025-09-25 06:21:13
290	1758781300589-553621064.png	AmericanHearAssociation.png	/uploads/1758781300589-553621064.png	/uploads/1758781300589-553621064.png	image	image/png	18508	\N	\N	\N	AmericanHearAssociation.png	\N	\N	2025-09-25 06:21:40	2025-09-25 06:21:40
291	1758781571658-401042005.png	AmericanHearAssociation.png	/uploads/1758781571658-401042005.png	/uploads/1758781571658-401042005.png	image	image/png	18508	\N	\N	\N	AmericanHearAssociation.png	\N	\N	2025-09-25 06:26:11	2025-09-25 06:26:11
292	1758781633028-934526803.png	AmericanHearAssociation.png	/uploads/1758781633028-934526803.png	/uploads/1758781633028-934526803.png	image	image/png	18508	\N	\N	\N	AmericanHearAssociation.png	\N	\N	2025-09-25 06:27:13	2025-09-25 06:27:13
293	1758782283644-551041724.png	jointcommissioninternationals.png	/uploads/1758782283644-551041724.png	/uploads/1758782283644-551041724.png	image	image/png	29545	\N	\N	\N	jointcommissioninternationals.png	\N	\N	2025-09-25 06:38:03	2025-09-25 06:38:03
294	1758782289280-976414991.png	AmericanHearAssociation.png	/uploads/1758782289280-976414991.png	/uploads/1758782289280-976414991.png	image	image/png	18508	\N	\N	\N	AmericanHearAssociation.png	\N	\N	2025-09-25 06:38:09	2025-09-25 06:38:09
295	1758782295391-643466689.png	AmericanStrokeAssociation.png	/uploads/1758782295391-643466689.png	/uploads/1758782295391-643466689.png	image	image/png	17868	\N	\N	\N	AmericanStrokeAssociation.png	\N	\N	2025-09-25 06:38:15	2025-09-25 06:38:15
296	1758782300201-513185009.png	JCIAccredited.png	/uploads/1758782300201-513185009.png	/uploads/1758782300201-513185009.png	image	image/png	19770	\N	\N	\N	JCIAccredited.png	\N	\N	2025-09-25 06:38:20	2025-09-25 06:38:20
297	1758782309514-171765810.png	JCIAccredited.png	/uploads/1758782309514-171765810.png	/uploads/1758782309514-171765810.png	image	image/png	19770	\N	\N	\N	JCIAccredited.png	\N	\N	2025-09-25 06:38:29	2025-09-25 06:38:29
298	1758782314637-730518827.png	JCI.png	/uploads/1758782314637-730518827.png	/uploads/1758782314637-730518827.png	image	image/png	23802	\N	\N	\N	JCI.png	\N	\N	2025-09-25 06:38:34	2025-09-25 06:38:34
299	1758782318782-660322097.png	JCIsix.png	/uploads/1758782318782-660322097.png	/uploads/1758782318782-660322097.png	image	image/png	20343	\N	\N	\N	JCIsix.png	\N	\N	2025-09-25 06:38:38	2025-09-25 06:38:38
300	1758782503522-930130957.png	AmericanHearAssociation.png	/uploads/1758782503522-930130957.png	/uploads/1758782503522-930130957.png	image	image/png	18508	\N	\N	\N	AmericanHearAssociation.png	\N	\N	2025-09-25 06:41:43	2025-09-25 06:41:43
301	1758782730963-613388759.png	JCI.png	/uploads/1758782730963-613388759.png	/uploads/1758782730963-613388759.png	image	image/png	23802	\N	\N	\N	JCI.png	\N	\N	2025-09-25 06:45:30	2025-09-25 06:45:30
302	1758782801238-466751816.png	JCIAccredited.png	/uploads/1758782801238-466751816.png	/uploads/1758782801238-466751816.png	image	image/png	19770	\N	\N	\N	JCIAccredited.png	\N	\N	2025-09-25 06:46:41	2025-09-25 06:46:41
303	1758783173333-833122044.mp4	Untitled design.mp4	/uploads/1758783173333-833122044.mp4	/uploads/1758783173333-833122044.mp4	video	video/mp4	35187564	\N	\N	\N	Untitled design.mp4	\N	\N	2025-09-25 06:52:53	2025-09-25 06:52:53
304	1758783289865-572080992.png	87890ff9756917c68fb965de4517475e09f3659e.png	/uploads/1758783289865-572080992.png	/uploads/1758783289865-572080992.png	image	image/png	1183886	\N	\N	\N	87890ff9756917c68fb965de4517475e09f3659e.png	\N	\N	2025-09-25 06:54:49	2025-09-25 06:54:49
305	1758784375225-101877494.mp4	Legacy & Clinical Excellence.mp4	/uploads/1758784375225-101877494.mp4	/uploads/1758784375225-101877494.mp4	video	video/mp4	35187564	\N	\N	\N	Legacy & Clinical Excellence.mp4	\N	\N	2025-09-25 07:13:25	2025-09-25 07:13:25
306	1758784661340-361621121.png	JCIsix.png	/uploads/1758784661340-361621121.png	/uploads/1758784661340-361621121.png	image	image/png	20343	\N	\N	\N	JCIsix.png	\N	\N	2025-09-25 07:17:41	2025-09-25 07:17:41
307	1758785172773-606684430.png	JCIsix.png	/uploads/1758785172773-606684430.png	/uploads/1758785172773-606684430.png	image	image/png	20343	\N	\N	\N	JCIsix.png	\N	\N	2025-09-25 07:26:12	2025-09-25 07:26:12
308	1758785673020-588761487.png	JCIsix.png	/uploads/1758785673020-588761487.png	/uploads/1758785673020-588761487.png	image	image/png	20343	\N	\N	\N	JCIsix.png	\N	\N	2025-09-25 07:34:33	2025-09-25 07:34:33
309	1758791136972-449887931.png	JCI.png	/uploads/1758791136972-449887931.png	/uploads/1758791136972-449887931.png	image	image/png	23802	\N	\N	\N	JCI.png	\N	\N	2025-09-25 09:05:36	2025-09-25 09:05:36
310	1758791379844-448878240.png	JCI.png	/uploads/1758791379844-448878240.png	/uploads/1758791379844-448878240.png	image	image/png	23802	\N	\N	\N	JCI.png	\N	\N	2025-09-25 09:09:39	2025-09-25 09:09:39
311	1758792212378-955038190.mp4	file_example_MP4_480_1_5MG.mp4	/uploads/1758792212378-955038190.mp4	/uploads/1758792212378-955038190.mp4	video	video/mp4	1570024	\N	\N	\N	file_example_MP4_480_1_5MG.mp4	\N	\N	2025-09-25 09:23:38	2025-09-25 09:23:38
312	1758792454405-916455025.mp4	Legacy & Clinical Excellence.mp4	/uploads/1758792454405-916455025.mp4	/uploads/1758792454405-916455025.mp4	video	video/mp4	35187564	\N	\N	\N	Legacy & Clinical Excellence.mp4	\N	\N	2025-09-25 09:27:40	2025-09-25 09:27:40
313	1758794218172-385290384.png	JCIsix.png	/uploads/1758794218172-385290384.png	/uploads/1758794218172-385290384.png	image	image/png	20343	\N	\N	\N	JCIsix.png	\N	\N	2025-09-25 09:56:58	2025-09-25 09:56:58
314	1758795017728-559995297.png	JCI.png	/uploads/1758795017728-559995297.png	/uploads/1758795017728-559995297.png	image	image/png	23802	\N	\N	\N	JCI.png	\N	\N	2025-09-25 10:10:17	2025-09-25 10:10:17
315	1758795136837-972223888.png	JCIsix.png	/uploads/1758795136837-972223888.png	/uploads/1758795136837-972223888.png	image	image/png	20343	\N	\N	\N	JCIsix.png	\N	\N	2025-09-25 10:12:16	2025-09-25 10:12:16
316	1758796361516-377874147.png	ourjourny.png	/uploads/1758796361516-377874147.png	/uploads/1758796361516-377874147.png	image	image/png	336087	\N	\N	\N	ourjourny.png	\N	\N	2025-09-25 10:32:41	2025-09-25 10:32:41
317	1758805181666-679023677.mp4	Legacy & Clinical Excellence.mp4	/uploads/1758805181666-679023677.mp4	/uploads/1758805181666-679023677.mp4	video	video/mp4	35187564	\N	\N	\N	Legacy & Clinical Excellence.mp4	\N	\N	2025-09-25 12:59:54	2025-09-25 12:59:54
318	1758805220028-856305162.png	ourjourny.png	/uploads/1758805220028-856305162.png	/uploads/1758805220028-856305162.png	image	image/png	336087	\N	\N	\N	ourjourny.png	\N	\N	2025-09-25 13:00:20	2025-09-25 13:00:20
319	1758805235347-185769719.png	JCIsix.png	/uploads/1758805235347-185769719.png	/uploads/1758805235347-185769719.png	image	image/png	20343	\N	\N	\N	JCIsix.png	\N	\N	2025-09-25 13:00:35	2025-09-25 13:00:35
320	1758805255914-761703516.mp4	Patient Speak.mp4	/uploads/1758805255914-761703516.mp4	/uploads/1758805255914-761703516.mp4	video	video/mp4	62321649	\N	\N	\N	Patient Speak.mp4	\N	\N	2025-09-25 13:01:21	2025-09-25 13:01:21
321	1758862977483-234620361.mp4	Homebackgroundfirst.mp4	/uploads/1758862977483-234620361.mp4	/uploads/1758862977483-234620361.mp4	video	video/mp4	27088449	\N	\N	\N	Homebackgroundfirst.mp4	\N	\N	2025-09-26 05:03:07	2025-09-26 05:03:07
322	1758863002971-70020550.png	Ramaiah_second_banner.png	/uploads/1758863002971-70020550.png	/uploads/1758863002971-70020550.png	image	image/png	460407	\N	\N	\N	Ramaiah_second_banner.png	\N	\N	2025-09-26 05:03:23	2025-09-26 05:03:23
323	1758863016659-700631931.png	Ramaiah_second_banner.png	/uploads/1758863016659-700631931.png	/uploads/1758863016659-700631931.png	image	image/png	460407	\N	\N	\N	Ramaiah_second_banner.png	\N	\N	2025-09-26 05:03:36	2025-09-26 05:03:36
324	1758863028861-953934710.mp4	smallbaner.mp4	/uploads/1758863028861-953934710.mp4	/uploads/1758863028861-953934710.mp4	video	video/mp4	27088449	\N	\N	\N	smallbaner.mp4	\N	\N	2025-09-26 05:03:59	2025-09-26 05:03:59
325	1758863405868-870651793.mp4	smallbaner.mp4	/uploads/1758863405868-870651793.mp4	/uploads/1758863405868-870651793.mp4	video	video/mp4	27088449	\N	\N	\N	smallbaner.mp4	\N	\N	2025-09-26 05:10:14	2025-09-26 05:10:14
326	1758863559600-601783477.mp4	smallbaner.mp4	/uploads/1758863559600-601783477.mp4	/uploads/1758863559600-601783477.mp4	video	video/mp4	27088449	\N	\N	\N	smallbaner.mp4	\N	\N	2025-09-26 05:12:48	2025-09-26 05:12:48
327	1758863630023-901318506.mp4	smallbaner.mp4	/uploads/1758863630023-901318506.mp4	/uploads/1758863630023-901318506.mp4	video	video/mp4	27088449	\N	\N	\N	smallbaner.mp4	\N	\N	2025-09-26 05:13:59	2025-09-26 05:13:59
328	1758864461708-404822005.png	Certification6.png	/uploads/1758864461708-404822005.png	/uploads/1758864461708-404822005.png	image	image/png	17300	\N	\N	\N	Certification6.png	\N	\N	2025-09-26 05:27:41	2025-09-26 05:27:41
329	1758864515985-787489806.png	Certification1.png	/uploads/1758864515985-787489806.png	/uploads/1758864515985-787489806.png	image	image/png	29257	\N	\N	\N	Certification1.png	\N	\N	2025-09-26 05:28:35	2025-09-26 05:28:35
330	1758875571272-623465721.png	Certification6.png	/uploads/1758875571272-623465721.png	/uploads/1758875571272-623465721.png	image	image/png	17300	\N	\N	\N	Certification6.png	\N	\N	2025-09-26 08:32:51	2025-09-26 08:32:51
331	1758877352518-697115821.png	Certification6.png	/uploads/1758877352518-697115821.png	/uploads/1758877352518-697115821.png	image	image/png	17300	\N	\N	\N	Certification6.png	\N	\N	2025-09-26 09:02:32	2025-09-26 09:02:32
332	1758877366969-826190232.png	Certification5.png	/uploads/1758877366969-826190232.png	/uploads/1758877366969-826190232.png	image	image/png	20847	\N	\N	\N	Certification5.png	\N	\N	2025-09-26 09:02:46	2025-09-26 09:02:46
333	1758877886162-423558003.png	Certification6.png	/uploads/1758877886162-423558003.png	/uploads/1758877886162-423558003.png	image	image/png	17300	\N	\N	\N	Certification6.png	\N	\N	2025-09-26 09:11:26	2025-09-26 09:11:26
334	1758878234444-596549172.png	Certification6.png	/uploads/1758878234444-596549172.png	/uploads/1758878234444-596549172.png	image	image/png	17300	\N	\N	\N	Certification6.png	\N	\N	2025-09-26 09:17:14	2025-09-26 09:17:14
335	1758878240039-823285955.png	Certification4.png	/uploads/1758878240039-823285955.png	/uploads/1758878240039-823285955.png	image	image/png	17192	\N	\N	\N	Certification4.png	\N	\N	2025-09-26 09:17:20	2025-09-26 09:17:20
340	site_settings/1759830533744-261855393_tmnfbc	y8fkzyvcl5znrcey2qvt.svg	v1759830536/site_settings/1759830533744-261855393_tmnfbc.svg	v1759830536/site_settings/1759830533744-261855393_tmnfbc.svg	image	image/svg+xml	146322	\N	\N	\N	\N	\N	\N	2025-10-07 09:48:59.258573	2025-10-07 09:48:59.258573
336	site_settings/y8fkzyvcl5znrcey2qvt	image 12.svg	https://res.cloudinary.com/dl7etn5bx/image/upload/v1759829426/site_settings/y8fkzyvcl5znrcey2qvt.svg	https://res.cloudinary.com/dl7etn5bx/image/upload/v1759829426/site_settings/y8fkzyvcl5znrcey2qvt.svg	image	image/svg+xml	146322	\N	\N	\N	\N	\N	\N	2025-10-07 09:30:30.085631	2025-10-07 09:30:30.085631
337	site_settings/iejaqjoxwexql2skmqgn	pexels-tomfisk-1519753 (1).jpg	https://res.cloudinary.com/dl7etn5bx/image/upload/v1759829576/site_settings/iejaqjoxwexql2skmqgn.jpg	https://res.cloudinary.com/dl7etn5bx/image/upload/v1759829576/site_settings/iejaqjoxwexql2skmqgn.jpg	image	image/jpeg	7997012	\N	\N	\N	\N	\N	\N	2025-10-07 09:32:59.608708	2025-10-07 09:32:59.608708
338	site_settings/1759830034222-472519126_jxwp9q	Sampl_2mb.jpg	https://res.cloudinary.com/dl7etn5bx/image/upload/v1759830038/site_settings/1759830034222-472519126_jxwp9q.jpg	https://res.cloudinary.com/dl7etn5bx/image/upload/v1759830038/site_settings/1759830034222-472519126_jxwp9q.jpg	image	image/jpeg	2101546	\N	\N	\N	\N	\N	\N	2025-10-07 09:40:40.580679	2025-10-07 09:40:40.580679
339	site_settings/1759830067339-280083276_gknp7e	y8fkzyvcl5znrcey2qvt.svg	https://res.cloudinary.com/dl7etn5bx/image/upload/v1759830070/site_settings/1759830067339-280083276_gknp7e.svg	https://res.cloudinary.com/dl7etn5bx/image/upload/v1759830070/site_settings/1759830067339-280083276_gknp7e.svg	image	image/svg+xml	146322	\N	\N	\N	\N	\N	\N	2025-10-07 09:41:12.350578	2025-10-07 09:41:12.350578
341	site_settings/1759832322681-612338944_rnlzmn	In-affiliation-with.png	v1759832323/site_settings/1759832322681-612338944_rnlzmn.png	v1759832323/site_settings/1759832322681-612338944_rnlzmn.png	image	image/png	12690	\N	\N	\N	\N	\N	\N	2025-10-07 10:18:43.726508	2025-10-07 10:18:43.726508
342	site_settings/1759832436781-776159850_b7g4nw	In-affiliation-with.png	v1759832437/site_settings/1759832436781-776159850_b7g4nw.png	v1759832437/site_settings/1759832436781-776159850_b7g4nw.png	image	image/png	12690	\N	\N	\N	\N	\N	\N	2025-10-07 10:20:37.600213	2025-10-07 10:20:37.600213
343	site_settings/1759834379067-215423594_bgeq8d	y8fkzyvcl5znrcey2qvt.svg	v1759834382/site_settings/1759834379067-215423594_bgeq8d.svg	v1759834382/site_settings/1759834379067-215423594_bgeq8d.svg	image	image/svg+xml	146322	\N	\N	\N	\N	\N	\N	2025-10-07 10:53:05.002446	2025-10-07 10:53:05.002446
344	site_settings/1759837798757-349521934_ofowhq	Ramaiah_Memorial_Hospital_logo.png	v1759837801/site_settings/1759837798757-349521934_ofowhq.png	v1759837801/site_settings/1759837798757-349521934_ofowhq.png	image	image/png	42648	\N	\N	\N	\N	\N	\N	2025-10-07 11:50:03.984372	2025-10-07 11:50:03.984372
345	site_settings/1759837906618-306176932_vugdou	Ramaiah_Memorial_Hospital_logo.png	v1759837909/site_settings/1759837906618-306176932_vugdou.png	v1759837909/site_settings/1759837906618-306176932_vugdou.png	image	image/png	42648	\N	\N	\N	\N	\N	\N	2025-10-07 11:51:51.416075	2025-10-07 11:51:51.416075
346	site_settings/1759838141866-712113336_u4mwyq	Certification1.png	v1759838144/site_settings/1759838141866-712113336_u4mwyq.png	v1759838144/site_settings/1759838141866-712113336_u4mwyq.png	image	image/png	29257	\N	\N	\N	\N	\N	\N	2025-10-07 11:55:46.883645	2025-10-07 11:55:46.883645
347	site_settings/1759838357019-420729348_zwgfuk	In-affiliation-with.png	v1759838359/site_settings/1759838357019-420729348_zwgfuk.png	v1759838359/site_settings/1759838357019-420729348_zwgfuk.png	image	image/png	12690	\N	\N	\N	\N	\N	\N	2025-10-07 11:59:22.238635	2025-10-07 11:59:22.238635
348	site_settings/1759839187438-328367909_zpcblv	Ramaiah_Memorial_Hospital_logo.png	v1759839190/site_settings/1759839187438-328367909_zpcblv.png	v1759839190/site_settings/1759839187438-328367909_zpcblv.png	image	image/png	42648	\N	\N	\N	\N	\N	\N	2025-10-07 12:13:12.819854	2025-10-07 12:13:12.819854
349	site_settings/1759839307062-896993000_dfnqy9	Ramaiah_Memorial_Hospital_logo.png	v1759839309/site_settings/1759839307062-896993000_dfnqy9.png	v1759839309/site_settings/1759839307062-896993000_dfnqy9.png	image	image/png	42648	\N	\N	\N	\N	\N	\N	2025-10-07 12:15:12.112883	2025-10-07 12:15:12.112883
350	site_settings/1759839952187-685637236_oqsqto	Certification2.png	https://res.cloudinary.com/dl7etn5bx/image/upload/v1759839954/site_settings/1759839952187-685637236_oqsqto.png	https://res.cloudinary.com/dl7etn5bx/image/upload/v1759839954/site_settings/1759839952187-685637236_oqsqto.png	image	image/png	18434	\N	\N	\N	\N	\N	\N	2025-10-07 12:25:56.973796	2025-10-07 12:25:56.973796
351	site_settings/1759840413246-396034928_rjt3il	Certification5.png	https://res.cloudinary.com/dl7etn5bx/image/upload/v1759840415/site_settings/1759840413246-396034928_rjt3il.png	https://res.cloudinary.com/dl7etn5bx/image/upload/v1759840415/site_settings/1759840413246-396034928_rjt3il.png	image	image/png	20847	\N	\N	\N	\N	\N	\N	2025-10-07 12:33:38.089841	2025-10-07 12:33:38.089841
352	site_settings/1759842533934-459350556_xofxqm	Ramaiah_Memorial_Hospital_logo.png	https://res.cloudinary.com/dl7etn5bx/image/upload/v1759842536/site_settings/1759842533934-459350556_xofxqm.png	https://res.cloudinary.com/dl7etn5bx/image/upload/v1759842536/site_settings/1759842533934-459350556_xofxqm.png	image	image/png	42648	\N	\N	\N	\N	\N	\N	2025-10-07 13:08:58.669514	2025-10-07 13:08:58.669514
353	site_settings/1759843177684-250864663_zxrst7	Certification1.png	https://res.cloudinary.com/dl7etn5bx/image/upload/v1759843180/site_settings/1759843177684-250864663_zxrst7.png	https://res.cloudinary.com/dl7etn5bx/image/upload/v1759843180/site_settings/1759843177684-250864663_zxrst7.png	image	image/png	29257	\N	\N	\N	\N	\N	\N	2025-10-07 13:19:43.258332	2025-10-07 13:19:43.258332
354	site_settings/1759899027838-273342702_nnijeh	In-affiliation-with.png	https://res.cloudinary.com/dl7etn5bx/image/upload/v1759899029/site_settings/1759899027838-273342702_nnijeh.png	https://res.cloudinary.com/dl7etn5bx/image/upload/v1759899029/site_settings/1759899027838-273342702_nnijeh.png	image	image/png	12690	\N	\N	\N	\N	\N	\N	2025-10-08 04:50:31.292986	2025-10-08 04:50:31.292986
355	site_settings/1759899114559-447312073_ne8xyr	Certification1.png	https://res.cloudinary.com/dl7etn5bx/image/upload/v1759899116/site_settings/1759899114559-447312073_ne8xyr.png	https://res.cloudinary.com/dl7etn5bx/image/upload/v1759899116/site_settings/1759899114559-447312073_ne8xyr.png	image	image/png	29257	\N	\N	\N	\N	\N	\N	2025-10-08 04:51:58.355404	2025-10-08 04:51:58.355404
356	site_settings/1759899130658-96939467_huqerj	Certification2.png	https://res.cloudinary.com/dl7etn5bx/image/upload/v1759899132/site_settings/1759899130658-96939467_huqerj.png	https://res.cloudinary.com/dl7etn5bx/image/upload/v1759899132/site_settings/1759899130658-96939467_huqerj.png	image	image/png	18434	\N	\N	\N	\N	\N	\N	2025-10-08 04:52:16.210108	2025-10-08 04:52:16.210108
357	site_settings/1759899607112-866058197_dtv3sd	In-affiliation-with.svg	https://res.cloudinary.com/dl7etn5bx/image/upload/v1759899609/site_settings/1759899607112-866058197_dtv3sd.svg	https://res.cloudinary.com/dl7etn5bx/image/upload/v1759899609/site_settings/1759899607112-866058197_dtv3sd.svg	image	image/svg+xml	202019	\N	\N	\N	\N	\N	\N	2025-10-08 05:00:12.305081	2025-10-08 05:00:12.305081
358	site_settings/1759899681272-287644452_rv63yt	Ramaiah_Memorial_Hospital_logo.svg	https://res.cloudinary.com/dl7etn5bx/image/upload/v1759899683/site_settings/1759899681272-287644452_rv63yt.svg	https://res.cloudinary.com/dl7etn5bx/image/upload/v1759899683/site_settings/1759899681272-287644452_rv63yt.svg	image	image/svg+xml	168627	\N	\N	\N	\N	\N	\N	2025-10-08 05:01:24.419816	2025-10-08 05:01:24.419816
359	site_settings/1759899692072-650906706_kgh5z3	Certification1..svg	https://res.cloudinary.com/dl7etn5bx/image/upload/v1759899695/site_settings/1759899692072-650906706_kgh5z3.svg	https://res.cloudinary.com/dl7etn5bx/image/upload/v1759899695/site_settings/1759899692072-650906706_kgh5z3.svg	image	image/svg+xml	358004	\N	\N	\N	\N	\N	\N	2025-10-08 05:01:37.709551	2025-10-08 05:01:37.709551
360	site_settings/1759899709920-446056797_b8vagf	Certification2.svg	https://res.cloudinary.com/dl7etn5bx/image/upload/v1759899711/site_settings/1759899709920-446056797_b8vagf.svg	https://res.cloudinary.com/dl7etn5bx/image/upload/v1759899711/site_settings/1759899709920-446056797_b8vagf.svg	image	image/svg+xml	33665	\N	\N	\N	\N	\N	\N	2025-10-08 05:01:53.667702	2025-10-08 05:01:53.667702
361	site_settings/1759900445820-717497037_jlu8eq	Search.svg	https://res.cloudinary.com/dl7etn5bx/image/upload/v1759900447/site_settings/1759900445820-717497037_jlu8eq.svg	https://res.cloudinary.com/dl7etn5bx/image/upload/v1759900447/site_settings/1759900445820-717497037_jlu8eq.svg	image	image/svg+xml	841	\N	\N	\N	\N	\N	\N	2025-10-08 05:14:09.768856	2025-10-08 05:14:09.768856
362	site_settings/1759900456586-614972275_mjezvi	In-affiliation-with.svg	https://res.cloudinary.com/dl7etn5bx/image/upload/v1759900458/site_settings/1759900456586-614972275_mjezvi.svg	https://res.cloudinary.com/dl7etn5bx/image/upload/v1759900458/site_settings/1759900456586-614972275_mjezvi.svg	image	image/svg+xml	202019	\N	\N	\N	\N	\N	\N	2025-10-08 05:14:19.758365	2025-10-08 05:14:19.758365
363	site_settings/1759900863983-509402950_djtkt0	Ramaiah_Memorial_Hospital_logo.svg	https://res.cloudinary.com/dl7etn5bx/image/upload/v1759900866/site_settings/1759900863983-509402950_djtkt0.svg	https://res.cloudinary.com/dl7etn5bx/image/upload/v1759900866/site_settings/1759900863983-509402950_djtkt0.svg	image	image/svg+xml	168627	\N	\N	\N	\N	\N	\N	2025-10-08 05:21:09.045707	2025-10-08 05:21:09.045707
364	site_settings/1759900885902-30780446_yo0fgx	Certification1..svg	https://res.cloudinary.com/dl7etn5bx/image/upload/v1759900889/site_settings/1759900885902-30780446_yo0fgx.svg	https://res.cloudinary.com/dl7etn5bx/image/upload/v1759900889/site_settings/1759900885902-30780446_yo0fgx.svg	image	image/svg+xml	358004	\N	\N	\N	\N	\N	\N	2025-10-08 05:21:31.845938	2025-10-08 05:21:31.845938
365	site_settings/1759900900970-270474404_spp7ui	Certification2.svg	https://res.cloudinary.com/dl7etn5bx/image/upload/v1759900902/site_settings/1759900900970-270474404_spp7ui.svg	https://res.cloudinary.com/dl7etn5bx/image/upload/v1759900902/site_settings/1759900900970-270474404_spp7ui.svg	image	image/svg+xml	33665	\N	\N	\N	\N	\N	\N	2025-10-08 05:21:44.354099	2025-10-08 05:21:44.354099
366	site_settings/1759900918496-24937543_ypwlt3	Certification3.svg	https://res.cloudinary.com/dl7etn5bx/image/upload/v1759900919/site_settings/1759900918496-24937543_ypwlt3.svg	https://res.cloudinary.com/dl7etn5bx/image/upload/v1759900919/site_settings/1759900918496-24937543_ypwlt3.svg	image	image/svg+xml	34574	\N	\N	\N	\N	\N	\N	2025-10-08 05:22:02.05607	2025-10-08 05:22:02.05607
367	site_settings/1759900931804-9038359_eiqmc8	Certification4.svg	https://res.cloudinary.com/dl7etn5bx/image/upload/v1759900933/site_settings/1759900931804-9038359_eiqmc8.svg	https://res.cloudinary.com/dl7etn5bx/image/upload/v1759900933/site_settings/1759900931804-9038359_eiqmc8.svg	image	image/svg+xml	37554	\N	\N	\N	\N	\N	\N	2025-10-08 05:22:15.937741	2025-10-08 05:22:15.937741
368	site_settings/1759900948122-44074543_b4stlb	Certification5.svg	https://res.cloudinary.com/dl7etn5bx/image/upload/v1759900950/site_settings/1759900948122-44074543_b4stlb.svg	https://res.cloudinary.com/dl7etn5bx/image/upload/v1759900950/site_settings/1759900948122-44074543_b4stlb.svg	image	image/svg+xml	146322	\N	\N	\N	\N	\N	\N	2025-10-08 05:22:33.76184	2025-10-08 05:22:33.76184
369	site_settings/1759900964446-813487393_mfauee	Certification6.svg	https://res.cloudinary.com/dl7etn5bx/image/upload/v1759900966/site_settings/1759900964446-813487393_mfauee.svg	https://res.cloudinary.com/dl7etn5bx/image/upload/v1759900966/site_settings/1759900964446-813487393_mfauee.svg	image	image/svg+xml	101885	\N	\N	\N	\N	\N	\N	2025-10-08 05:22:48.925896	2025-10-08 05:22:48.925896
370	site_settings/1759901040515-846974136_v1os1i	Homebackgroundfirst.mp4	https://res.cloudinary.com/dl7etn5bx/video/upload/v1759901052/site_settings/1759901040515-846974136_v1os1i.mp4	https://res.cloudinary.com/dl7etn5bx/video/upload/v1759901052/site_settings/1759901040515-846974136_v1os1i.mp4	video	video/mp4	27088449	\N	\N	\N	\N	\N	\N	2025-10-08 05:24:16.413009	2025-10-08 05:24:16.413009
371	site_settings/1759901067871-662160233_uttaup	Ramaiah_second_banner.png	https://res.cloudinary.com/dl7etn5bx/image/upload/v1759901070/site_settings/1759901067871-662160233_uttaup.png	https://res.cloudinary.com/dl7etn5bx/image/upload/v1759901070/site_settings/1759901067871-662160233_uttaup.png	image	image/png	460407	\N	\N	\N	\N	\N	\N	2025-10-08 05:24:32.917115	2025-10-08 05:24:32.917115
372	site_settings/1759901084522-453025700_sot58p	Ramaiah_second_banner.png	https://res.cloudinary.com/dl7etn5bx/image/upload/v1759901087/site_settings/1759901084522-453025700_sot58p.png	https://res.cloudinary.com/dl7etn5bx/image/upload/v1759901087/site_settings/1759901084522-453025700_sot58p.png	image	image/png	460407	\N	\N	\N	\N	\N	\N	2025-10-08 05:24:50.244799	2025-10-08 05:24:50.244799
373	site_settings/1759901098190-474678474_qzn2ez	smallbaner.mp4	https://res.cloudinary.com/dl7etn5bx/video/upload/v1759901110/site_settings/1759901098190-474678474_qzn2ez.mp4	https://res.cloudinary.com/dl7etn5bx/video/upload/v1759901110/site_settings/1759901098190-474678474_qzn2ez.mp4	video	video/mp4	27088449	\N	\N	\N	\N	\N	\N	2025-10-08 05:25:14.33711	2025-10-08 05:25:14.33711
374	site_settings/1759901157803-472353631_lnvfxs	QuickLinks_first.png	https://res.cloudinary.com/dl7etn5bx/image/upload/v1759901159/site_settings/1759901157803-472353631_lnvfxs.png	https://res.cloudinary.com/dl7etn5bx/image/upload/v1759901159/site_settings/1759901157803-472353631_lnvfxs.png	image	image/png	4867	\N	\N	\N	\N	\N	\N	2025-10-08 05:26:01.393457	2025-10-08 05:26:01.393457
375	site_settings/1759901168825-930530421_nwdvvw	QuickLinks_secpnd.png	https://res.cloudinary.com/dl7etn5bx/image/upload/v1759901169/site_settings/1759901168825-930530421_nwdvvw.png	https://res.cloudinary.com/dl7etn5bx/image/upload/v1759901169/site_settings/1759901168825-930530421_nwdvvw.png	image	image/png	5135	\N	\N	\N	\N	\N	\N	2025-10-08 05:26:10.690758	2025-10-08 05:26:10.690758
376	site_settings/1759901178936-884981567_snj8wg	QuickLinks_third.png	https://res.cloudinary.com/dl7etn5bx/image/upload/v1759901179/site_settings/1759901178936-884981567_snj8wg.png	https://res.cloudinary.com/dl7etn5bx/image/upload/v1759901179/site_settings/1759901178936-884981567_snj8wg.png	image	image/png	4966	\N	\N	\N	\N	\N	\N	2025-10-08 05:26:20.499822	2025-10-08 05:26:20.499822
377	site_settings/1759901190008-647428949_dldvgt	QuickLinks_fourth.png	https://res.cloudinary.com/dl7etn5bx/image/upload/v1759901191/site_settings/1759901190008-647428949_dldvgt.png	https://res.cloudinary.com/dl7etn5bx/image/upload/v1759901191/site_settings/1759901190008-647428949_dldvgt.png	image	image/png	5381	\N	\N	\N	\N	\N	\N	2025-10-08 05:26:34.023884	2025-10-08 05:26:34.023884
378	site_settings/1759901216331-196046645_oal3qi	QuickLinks_fifth.png	https://res.cloudinary.com/dl7etn5bx/image/upload/v1759901217/site_settings/1759901216331-196046645_oal3qi.png	https://res.cloudinary.com/dl7etn5bx/image/upload/v1759901217/site_settings/1759901216331-196046645_oal3qi.png	image	image/png	4695	\N	\N	\N	\N	\N	\N	2025-10-08 05:26:59.702462	2025-10-08 05:26:59.702462
379	site_settings/1759901227491-356505132_dbkn6x	QuickLinks_sixth.png	https://res.cloudinary.com/dl7etn5bx/image/upload/v1759901228/site_settings/1759901227491-356505132_dbkn6x.png	https://res.cloudinary.com/dl7etn5bx/image/upload/v1759901228/site_settings/1759901227491-356505132_dbkn6x.png	image	image/png	3655	\N	\N	\N	\N	\N	\N	2025-10-08 05:27:09.427658	2025-10-08 05:27:09.427658
380	site_settings/1759901252982-179854188_fo9rus	DoctorSpeak.mp4	https://res.cloudinary.com/dl7etn5bx/video/upload/v1759901277/site_settings/1759901252982-179854188_fo9rus.mp4	https://res.cloudinary.com/dl7etn5bx/video/upload/v1759901277/site_settings/1759901252982-179854188_fo9rus.mp4	video	video/mp4	71064671	\N	\N	\N	\N	\N	\N	2025-10-08 05:28:01.940295	2025-10-08 05:28:01.940295
381	site_settings/1759901300734-199248943_d2yocj	Patient Speak.mp4	https://res.cloudinary.com/dl7etn5bx/video/upload/v1759901322/site_settings/1759901300734-199248943_d2yocj.mp4	https://res.cloudinary.com/dl7etn5bx/video/upload/v1759901322/site_settings/1759901300734-199248943_d2yocj.mp4	video	video/mp4	62321649	\N	\N	\N	\N	\N	\N	2025-10-08 05:28:47.100086	2025-10-08 05:28:47.100086
382	site_settings/1759901350461-652178613_jvmcdt	ourstoryiconone.png	https://res.cloudinary.com/dl7etn5bx/image/upload/v1759901351/site_settings/1759901350461-652178613_jvmcdt.png	https://res.cloudinary.com/dl7etn5bx/image/upload/v1759901351/site_settings/1759901350461-652178613_jvmcdt.png	image	image/png	4152	\N	\N	\N	\N	\N	\N	2025-10-08 05:29:13.656794	2025-10-08 05:29:13.656794
383	site_settings/1759901364355-629322077_yzhenw	ourstoryiconsecond.png	https://res.cloudinary.com/dl7etn5bx/image/upload/v1759901365/site_settings/1759901364355-629322077_yzhenw.png	https://res.cloudinary.com/dl7etn5bx/image/upload/v1759901365/site_settings/1759901364355-629322077_yzhenw.png	image	image/png	4418	\N	\N	\N	\N	\N	\N	2025-10-08 05:29:27.56579	2025-10-08 05:29:27.56579
384	site_settings/1759901379968-83490261_dve9ct	ourstoryiconthird.png	https://res.cloudinary.com/dl7etn5bx/image/upload/v1759901381/site_settings/1759901379968-83490261_dve9ct.png	https://res.cloudinary.com/dl7etn5bx/image/upload/v1759901381/site_settings/1759901379968-83490261_dve9ct.png	image	image/png	4500	\N	\N	\N	\N	\N	\N	2025-10-08 05:29:43.243094	2025-10-08 05:29:43.243094
385	site_settings/1759901397407-766834311_hrbios	QuickLinks_fourth.png	https://res.cloudinary.com/dl7etn5bx/image/upload/v1759901398/site_settings/1759901397407-766834311_hrbios.png	https://res.cloudinary.com/dl7etn5bx/image/upload/v1759901398/site_settings/1759901397407-766834311_hrbios.png	image	image/png	5381	\N	\N	\N	\N	\N	\N	2025-10-08 05:30:00.675768	2025-10-08 05:30:00.675768
386	site_settings/1759901415867-317759812_gf5if8	ourstoryiconsix.png	https://res.cloudinary.com/dl7etn5bx/image/upload/v1759901416/site_settings/1759901415867-317759812_gf5if8.png	https://res.cloudinary.com/dl7etn5bx/image/upload/v1759901416/site_settings/1759901415867-317759812_gf5if8.png	image	image/png	4198	\N	\N	\N	\N	\N	\N	2025-10-08 05:30:19.175181	2025-10-08 05:30:19.175181
387	site_settings/1759901425506-378226395_bcdzqk	ourstoryiconseven.png	https://res.cloudinary.com/dl7etn5bx/image/upload/v1759901426/site_settings/1759901425506-378226395_bcdzqk.png	https://res.cloudinary.com/dl7etn5bx/image/upload/v1759901426/site_settings/1759901425506-378226395_bcdzqk.png	image	image/png	3964	\N	\N	\N	\N	\N	\N	2025-10-08 05:30:27.171695	2025-10-08 05:30:27.171695
388	site_settings/1759901431156-94435830_bpbhtj	ourstoryiconeight.png	https://res.cloudinary.com/dl7etn5bx/image/upload/v1759901430/site_settings/1759901431156-94435830_bpbhtj.png	https://res.cloudinary.com/dl7etn5bx/image/upload/v1759901430/site_settings/1759901431156-94435830_bpbhtj.png	image	image/png	4296	\N	\N	\N	\N	\N	\N	2025-10-08 05:30:31.425519	2025-10-08 05:30:31.425519
389	site_settings/1759901445162-904849127_obqzkj	ourstoryiconnine.png	https://res.cloudinary.com/dl7etn5bx/image/upload/v1759901446/site_settings/1759901445162-904849127_obqzkj.png	https://res.cloudinary.com/dl7etn5bx/image/upload/v1759901446/site_settings/1759901445162-904849127_obqzkj.png	image	image/png	4613	\N	\N	\N	\N	\N	\N	2025-10-08 05:30:48.994598	2025-10-08 05:30:48.994598
390	site_settings/1759901502844-877212420_dx85hi	jointcommissioninternationals.png	https://res.cloudinary.com/dl7etn5bx/image/upload/v1759901504/site_settings/1759901502844-877212420_dx85hi.png	https://res.cloudinary.com/dl7etn5bx/image/upload/v1759901504/site_settings/1759901502844-877212420_dx85hi.png	image	image/png	29545	\N	\N	\N	\N	\N	\N	2025-10-08 05:31:46.681982	2025-10-08 05:31:46.681982
391	site_settings/1759901513731-773051710_riby5r	AmericanHearAssociation.png	https://res.cloudinary.com/dl7etn5bx/image/upload/v1759901515/site_settings/1759901513731-773051710_riby5r.png	https://res.cloudinary.com/dl7etn5bx/image/upload/v1759901515/site_settings/1759901513731-773051710_riby5r.png	image	image/png	18508	\N	\N	\N	\N	\N	\N	2025-10-08 05:31:55.764725	2025-10-08 05:31:55.764725
392	site_settings/1759901518272-223804010_pufyqg	AmericanStrokeAssociation.png	https://res.cloudinary.com/dl7etn5bx/image/upload/v1759901517/site_settings/1759901518272-223804010_pufyqg.png	https://res.cloudinary.com/dl7etn5bx/image/upload/v1759901517/site_settings/1759901518272-223804010_pufyqg.png	image	image/png	17868	\N	\N	\N	\N	\N	\N	2025-10-08 05:31:58.618617	2025-10-08 05:31:58.618617
393	site_settings/1759901523326-205020402_orolja	JCIAccredited.png	https://res.cloudinary.com/dl7etn5bx/image/upload/v1759901522/site_settings/1759901523326-205020402_orolja.png	https://res.cloudinary.com/dl7etn5bx/image/upload/v1759901522/site_settings/1759901523326-205020402_orolja.png	image	image/png	19770	\N	\N	\N	\N	\N	\N	2025-10-08 05:32:03.747646	2025-10-08 05:32:03.747646
394	site_settings/1759901527483-739775025_eo8aqq	JCI.png	https://res.cloudinary.com/dl7etn5bx/image/upload/v1759901527/site_settings/1759901527483-739775025_eo8aqq.png	https://res.cloudinary.com/dl7etn5bx/image/upload/v1759901527/site_settings/1759901527483-739775025_eo8aqq.png	image	image/png	23802	\N	\N	\N	\N	\N	\N	2025-10-08 05:32:07.820318	2025-10-08 05:32:07.820318
395	site_settings/1759901532610-942948636_pnbu0r	JCIsix.png	https://res.cloudinary.com/dl7etn5bx/image/upload/v1759901532/site_settings/1759901532610-942948636_pnbu0r.png	https://res.cloudinary.com/dl7etn5bx/image/upload/v1759901532/site_settings/1759901532610-942948636_pnbu0r.png	image	image/png	20343	\N	\N	\N	\N	\N	\N	2025-10-08 05:32:12.734438	2025-10-08 05:32:12.734438
396	site_settings/1759901548233-399241467_o8yxje	Legacy & Clinical Excellence.mp4	https://res.cloudinary.com/dl7etn5bx/video/upload/v1759901562/site_settings/1759901548233-399241467_o8yxje.mp4	https://res.cloudinary.com/dl7etn5bx/video/upload/v1759901562/site_settings/1759901548233-399241467_o8yxje.mp4	video	video/mp4	35187564	\N	\N	\N	\N	\N	\N	2025-10-08 05:32:46.049667	2025-10-08 05:32:46.049667
397	site_settings/1759901707459-34158304_bqtft9	ourjourny.png	https://res.cloudinary.com/dl7etn5bx/image/upload/v1759901710/site_settings/1759901707459-34158304_bqtft9.png	https://res.cloudinary.com/dl7etn5bx/image/upload/v1759901710/site_settings/1759901707459-34158304_bqtft9.png	image	image/png	336087	\N	\N	\N	\N	\N	\N	2025-10-08 05:35:13.655823	2025-10-08 05:35:13.655823
398	site_settings/1759901860196-566274165_jp34fk	Ramaiah_second_banner.png	https://res.cloudinary.com/dl7etn5bx/image/upload/v1759901862/site_settings/1759901860196-566274165_jp34fk.png	https://res.cloudinary.com/dl7etn5bx/image/upload/v1759901862/site_settings/1759901860196-566274165_jp34fk.png	image	image/png	460407	\N	\N	\N	\N	\N	\N	2025-10-08 05:37:45.693293	2025-10-08 05:37:45.693293
399	site_settings/1759901895444-1402330_qjsame	Ramaiah_second_banner.png	https://res.cloudinary.com/dl7etn5bx/image/upload/v1759901898/site_settings/1759901895444-1402330_qjsame.png	https://res.cloudinary.com/dl7etn5bx/image/upload/v1759901898/site_settings/1759901895444-1402330_qjsame.png	image	image/png	460407	\N	\N	\N	\N	\N	\N	2025-10-08 05:38:20.978391	2025-10-08 05:38:20.978391
400	site_settings/1759901951234-912678656_h6wpth	ourjourny.png	https://res.cloudinary.com/dl7etn5bx/image/upload/v1759901954/site_settings/1759901951234-912678656_h6wpth.png	https://res.cloudinary.com/dl7etn5bx/image/upload/v1759901954/site_settings/1759901951234-912678656_h6wpth.png	image	image/png	336087	\N	\N	\N	\N	\N	\N	2025-10-08 05:39:16.519715	2025-10-08 05:39:16.519715
401	site_settings/1759901966939-683180246_crxial	JCI.png	https://res.cloudinary.com/dl7etn5bx/image/upload/v1759901968/site_settings/1759901966939-683180246_crxial.png	https://res.cloudinary.com/dl7etn5bx/image/upload/v1759901968/site_settings/1759901966939-683180246_crxial.png	image	image/png	23802	\N	\N	\N	\N	\N	\N	2025-10-08 05:39:30.277627	2025-10-08 05:39:30.277627
402	site_settings/1759902529755-811125223_nuljlt	Patient Speak.mp4	https://res.cloudinary.com/dl7etn5bx/video/upload/v1759902551/site_settings/1759902529755-811125223_nuljlt.mp4	https://res.cloudinary.com/dl7etn5bx/video/upload/v1759902551/site_settings/1759902529755-811125223_nuljlt.mp4	video	video/mp4	62321649	\N	\N	\N	\N	\N	\N	2025-10-08 05:49:16.6383	2025-10-08 05:49:16.6383
403	site_settings/1759902563348-689370730_c8ik6r	DoctorSpeak.mp4	https://res.cloudinary.com/dl7etn5bx/video/upload/v1759902586/site_settings/1759902563348-689370730_c8ik6r.mp4	https://res.cloudinary.com/dl7etn5bx/video/upload/v1759902586/site_settings/1759902563348-689370730_c8ik6r.mp4	video	video/mp4	71064671	\N	\N	\N	\N	\N	\N	2025-10-08 05:49:51.43914	2025-10-08 05:49:51.43914
404	site_settings/1759902648089-476540211_m8upr8	ourjourny.png	https://res.cloudinary.com/dl7etn5bx/image/upload/v1759902650/site_settings/1759902648089-476540211_m8upr8.png	https://res.cloudinary.com/dl7etn5bx/image/upload/v1759902650/site_settings/1759902648089-476540211_m8upr8.png	image	image/png	336087	\N	\N	\N	\N	\N	\N	2025-10-08 05:50:52.573658	2025-10-08 05:50:52.573658
405	site_settings/1759902658713-465814202_ph7qg3	JCI.png	https://res.cloudinary.com/dl7etn5bx/image/upload/v1759902659/site_settings/1759902658713-465814202_ph7qg3.png	https://res.cloudinary.com/dl7etn5bx/image/upload/v1759902659/site_settings/1759902658713-465814202_ph7qg3.png	image	image/png	23802	\N	\N	\N	\N	\N	\N	2025-10-08 05:51:00.79435	2025-10-08 05:51:00.79435
406	site_settings/1759902961040-659076768_mp00ye	Certification1..svg	https://res.cloudinary.com/dl7etn5bx/image/upload/v1759902963/site_settings/1759902961040-659076768_mp00ye.svg	https://res.cloudinary.com/dl7etn5bx/image/upload/v1759902963/site_settings/1759902961040-659076768_mp00ye.svg	image	image/svg+xml	358004	\N	\N	\N	\N	\N	\N	2025-10-08 05:56:05.939382	2025-10-08 05:56:05.939382
407	site_settings/1759902971152-619790227_td32lt	Certification2.svg	https://res.cloudinary.com/dl7etn5bx/image/upload/v1759902972/site_settings/1759902971152-619790227_td32lt.svg	https://res.cloudinary.com/dl7etn5bx/image/upload/v1759902972/site_settings/1759902971152-619790227_td32lt.svg	image	image/svg+xml	33665	\N	\N	\N	\N	\N	\N	2025-10-08 05:56:13.013595	2025-10-08 05:56:13.013595
408	site_settings/1759902978065-498383675_hxji9f	Certification3.svg	https://res.cloudinary.com/dl7etn5bx/image/upload/v1759902977/site_settings/1759902978065-498383675_hxji9f.svg	https://res.cloudinary.com/dl7etn5bx/image/upload/v1759902977/site_settings/1759902978065-498383675_hxji9f.svg	image	image/svg+xml	34574	\N	\N	\N	\N	\N	\N	2025-10-08 05:56:18.871609	2025-10-08 05:56:18.871609
409	site_settings/1759902984135-51004997_fudgfa	Certification4.svg	https://res.cloudinary.com/dl7etn5bx/image/upload/v1759902983/site_settings/1759902984135-51004997_fudgfa.svg	https://res.cloudinary.com/dl7etn5bx/image/upload/v1759902983/site_settings/1759902984135-51004997_fudgfa.svg	image	image/svg+xml	37554	\N	\N	\N	\N	\N	\N	2025-10-08 05:56:24.370167	2025-10-08 05:56:24.370167
410	site_settings/1759902990055-989232369_it1qju	Certification5.svg	https://res.cloudinary.com/dl7etn5bx/image/upload/v1759902989/site_settings/1759902990055-989232369_it1qju.svg	https://res.cloudinary.com/dl7etn5bx/image/upload/v1759902989/site_settings/1759902990055-989232369_it1qju.svg	image	image/svg+xml	146322	\N	\N	\N	\N	\N	\N	2025-10-08 05:56:30.396828	2025-10-08 05:56:30.396828
411	site_settings/1759902995064-986518389_rrvjih	Certification6.svg	https://res.cloudinary.com/dl7etn5bx/image/upload/v1759902994/site_settings/1759902995064-986518389_rrvjih.svg	https://res.cloudinary.com/dl7etn5bx/image/upload/v1759902994/site_settings/1759902995064-986518389_rrvjih.svg	image	image/svg+xml	101885	\N	\N	\N	\N	\N	\N	2025-10-08 05:56:35.468192	2025-10-08 05:56:35.468192
412	site_settings/1759903172637-504592002_kiu8nw	Certification5.svg	https://res.cloudinary.com/dl7etn5bx/image/upload/v1759903174/site_settings/1759903172637-504592002_kiu8nw.svg	https://res.cloudinary.com/dl7etn5bx/image/upload/v1759903174/site_settings/1759903172637-504592002_kiu8nw.svg	image	image/svg+xml	146322	\N	\N	\N	\N	\N	\N	2025-10-08 05:59:36.992495	2025-10-08 05:59:36.992495
413	site_settings/1759903245493-931396359_y8dsm2	Certification1..svg	https://res.cloudinary.com/dl7etn5bx/image/upload/v1759903247/site_settings/1759903245493-931396359_y8dsm2.svg	https://res.cloudinary.com/dl7etn5bx/image/upload/v1759903247/site_settings/1759903245493-931396359_y8dsm2.svg	image	image/svg+xml	358004	\N	\N	\N	\N	\N	\N	2025-10-08 06:00:50.331931	2025-10-08 06:00:50.331931
414	site_settings/1759903728088-876478546_hhbsuq	facebook_footer_icon.svg	https://res.cloudinary.com/dl7etn5bx/image/upload/v1759903729/site_settings/1759903728088-876478546_hhbsuq.svg	https://res.cloudinary.com/dl7etn5bx/image/upload/v1759903729/site_settings/1759903728088-876478546_hhbsuq.svg	image	image/svg+xml	30923	\N	\N	\N	\N	\N	\N	2025-10-08 06:08:51.751004	2025-10-08 06:08:51.751004
415	site_settings/1759903805422-60079743_td28ba	Instagram_footer_icon.svg	https://res.cloudinary.com/dl7etn5bx/image/upload/v1759903807/site_settings/1759903805422-60079743_td28ba.svg	https://res.cloudinary.com/dl7etn5bx/image/upload/v1759903807/site_settings/1759903805422-60079743_td28ba.svg	image	image/svg+xml	193082	\N	\N	\N	\N	\N	\N	2025-10-08 06:10:09.8688	2025-10-08 06:10:09.8688
416	site_settings/1759903883489-7429473_eawco3	linkedin_footer_icon.svg	https://res.cloudinary.com/dl7etn5bx/image/upload/v1759903885/site_settings/1759903883489-7429473_eawco3.svg	https://res.cloudinary.com/dl7etn5bx/image/upload/v1759903885/site_settings/1759903883489-7429473_eawco3.svg	image	image/svg+xml	31291	\N	\N	\N	\N	\N	\N	2025-10-08 06:11:27.746867	2025-10-08 06:11:27.746867
417	site_settings/1759903935723-116479048_ptv0vt	twitter_footer_icon.svg	https://res.cloudinary.com/dl7etn5bx/image/upload/v1759903936/site_settings/1759903935723-116479048_ptv0vt.svg	https://res.cloudinary.com/dl7etn5bx/image/upload/v1759903936/site_settings/1759903935723-116479048_ptv0vt.svg	image	image/svg+xml	44303	\N	\N	\N	\N	\N	\N	2025-10-08 06:12:18.976594	2025-10-08 06:12:18.976594
418	site_settings/1759903986186-730346042_waqns9	youtube_footer_icon.svg	https://res.cloudinary.com/dl7etn5bx/image/upload/v1759903987/site_settings/1759903986186-730346042_waqns9.svg	https://res.cloudinary.com/dl7etn5bx/image/upload/v1759903987/site_settings/1759903986186-730346042_waqns9.svg	image	image/svg+xml	23115	\N	\N	\N	\N	\N	\N	2025-10-08 06:13:09.846852	2025-10-08 06:13:09.846852
419	site_settings/1759903987164-161378927_nfmsir	Certification6.svg	https://res.cloudinary.com/dl7etn5bx/image/upload/v1759903989/site_settings/1759903987164-161378927_nfmsir.svg	https://res.cloudinary.com/dl7etn5bx/image/upload/v1759903989/site_settings/1759903987164-161378927_nfmsir.svg	image	image/svg+xml	101885	\N	\N	\N	\N	\N	\N	2025-10-08 06:13:11.287006	2025-10-08 06:13:11.287006
420	site_settings/1759904235383-909361062_kutdbo	Ramaiah_second_banner.png	https://res.cloudinary.com/dl7etn5bx/image/upload/v1759904237/site_settings/1759904235383-909361062_kutdbo.png	https://res.cloudinary.com/dl7etn5bx/image/upload/v1759904237/site_settings/1759904235383-909361062_kutdbo.png	image	image/png	460407	\N	\N	\N	\N	\N	\N	2025-10-08 06:17:20.370882	2025-10-08 06:17:20.370882
421	site_settings/1759904289363-503134877_nh9bo2	Ramaiah_second_banner.png	https://res.cloudinary.com/dl7etn5bx/image/upload/v1759904291/site_settings/1759904289363-503134877_nh9bo2.png	https://res.cloudinary.com/dl7etn5bx/image/upload/v1759904291/site_settings/1759904289363-503134877_nh9bo2.png	image	image/png	460407	\N	\N	\N	\N	\N	\N	2025-10-08 06:18:14.251031	2025-10-08 06:18:14.251031
422	site_settings/1759905396257-974757262_rqqvju	Certification6.svg	https://res.cloudinary.com/dl7etn5bx/image/upload/v1759905398/site_settings/1759905396257-974757262_rqqvju.svg	https://res.cloudinary.com/dl7etn5bx/image/upload/v1759905398/site_settings/1759905396257-974757262_rqqvju.svg	image	image/svg+xml	101885	\N	\N	\N	\N	\N	\N	2025-10-08 06:36:41.280568	2025-10-08 06:36:41.280568
423	site_settings/1759905533124-210285342_yb7yuq	Certification5.svg	https://res.cloudinary.com/dl7etn5bx/image/upload/v1759905535/site_settings/1759905533124-210285342_yb7yuq.svg	https://res.cloudinary.com/dl7etn5bx/image/upload/v1759905535/site_settings/1759905533124-210285342_yb7yuq.svg	image	image/svg+xml	146322	\N	\N	\N	\N	\N	\N	2025-10-08 06:38:57.431962	2025-10-08 06:38:57.431962
424	site_settings/1759905583023-380217752_kjya4n	thumbnail_2X2.25 (1).svg	https://res.cloudinary.com/dl7etn5bx/image/upload/v1759905584/site_settings/1759905583023-380217752_kjya4n.svg	https://res.cloudinary.com/dl7etn5bx/image/upload/v1759905584/site_settings/1759905583023-380217752_kjya4n.svg	image	image/svg+xml	101860	\N	\N	\N	\N	\N	\N	2025-10-08 06:39:46.832771	2025-10-08 06:39:46.832771
425	site_settings/1759905641992-477956317_urs0l1	Certification5.svg	https://res.cloudinary.com/dl7etn5bx/image/upload/v1759905644/site_settings/1759905641992-477956317_urs0l1.svg	https://res.cloudinary.com/dl7etn5bx/image/upload/v1759905644/site_settings/1759905641992-477956317_urs0l1.svg	image	image/svg+xml	146322	\N	\N	\N	\N	\N	\N	2025-10-08 06:40:46.874213	2025-10-08 06:40:46.874213
426	site_settings/1759906236878-621956768_szzeue	93fab81efcc46c784809a2e409dea173c4c56678.png	https://res.cloudinary.com/dl7etn5bx/image/upload/v1759906239/site_settings/1759906236878-621956768_szzeue.png	https://res.cloudinary.com/dl7etn5bx/image/upload/v1759906239/site_settings/1759906236878-621956768_szzeue.png	image	image/png	39319	\N	\N	\N	\N	\N	\N	2025-10-08 06:50:42.812656	2025-10-08 06:50:42.812656
427	site_settings/1759907041052-643267543_b3ggvq	sardarrahmaih.svg	https://res.cloudinary.com/dl7etn5bx/image/upload/v1759907045/site_settings/1759907041052-643267543_b3ggvq.svg	https://res.cloudinary.com/dl7etn5bx/image/upload/v1759907045/site_settings/1759907041052-643267543_b3ggvq.svg	image	image/svg+xml	1579099	\N	\N	\N	\N	\N	\N	2025-10-08 07:04:08.022674	2025-10-08 07:04:08.022674
428	site_settings/1759907227870-546911325_wfwoqq	American Heart Association PNG (1) (1).svg	https://res.cloudinary.com/dl7etn5bx/image/upload/v1759907229/site_settings/1759907227870-546911325_wfwoqq.svg	https://res.cloudinary.com/dl7etn5bx/image/upload/v1759907229/site_settings/1759907227870-546911325_wfwoqq.svg	image	image/svg+xml	33665	\N	\N	\N	\N	\N	\N	2025-10-08 07:07:11.391797	2025-10-08 07:07:11.391797
429	site_settings/1759985354832-313570198_xtyotv	ourstoryiconfourth.png	https://res.cloudinary.com/dl7etn5bx/image/upload/v1759985355/site_settings/1759985354832-313570198_xtyotv.png	https://res.cloudinary.com/dl7etn5bx/image/upload/v1759985355/site_settings/1759985354832-313570198_xtyotv.png	image	image/png	4091	\N	\N	\N	\N	\N	\N	2025-10-09 04:49:15.983306	2025-10-09 04:49:15.983306
430	site_settings/1759985400100-417994191_gmznur	ourjourny.png	https://res.cloudinary.com/dl7etn5bx/image/upload/v1759985401/site_settings/1759985400100-417994191_gmznur.png	https://res.cloudinary.com/dl7etn5bx/image/upload/v1759985401/site_settings/1759985400100-417994191_gmznur.png	image	image/png	336087	\N	\N	\N	\N	\N	\N	2025-10-09 04:50:02.705585	2025-10-09 04:50:02.705585
431	site_settings/1759985444444-286163860_idthaj	Certification4.svg	https://res.cloudinary.com/dl7etn5bx/image/upload/v1759985444/site_settings/1759985444444-286163860_idthaj.svg	https://res.cloudinary.com/dl7etn5bx/image/upload/v1759985444/site_settings/1759985444444-286163860_idthaj.svg	image	image/svg+xml	37554	\N	\N	\N	\N	\N	\N	2025-10-09 04:50:45.982839	2025-10-09 04:50:45.982839
432	site_settings/1759985477172-363769352_yjgya9	Certification1..svg	https://res.cloudinary.com/dl7etn5bx/image/upload/v1759985478/site_settings/1759985477172-363769352_yjgya9.svg	https://res.cloudinary.com/dl7etn5bx/image/upload/v1759985478/site_settings/1759985477172-363769352_yjgya9.svg	image	image/svg+xml	358004	\N	\N	\N	\N	\N	\N	2025-10-09 04:51:20.002856	2025-10-09 04:51:20.002856
433	site_settings/1759985557304-901075119_do4zvj	Certification2.svg	https://res.cloudinary.com/dl7etn5bx/image/upload/v1759985557/site_settings/1759985557304-901075119_do4zvj.svg	https://res.cloudinary.com/dl7etn5bx/image/upload/v1759985557/site_settings/1759985557304-901075119_do4zvj.svg	image	image/svg+xml	33665	\N	\N	\N	\N	\N	\N	2025-10-09 04:52:38.514947	2025-10-09 04:52:38.514947
434	site_settings/1759985947506-61011637_dcljil	Certification6.svg	https://res.cloudinary.com/dl7etn5bx/image/upload/v1759985948/site_settings/1759985947506-61011637_dcljil.svg	https://res.cloudinary.com/dl7etn5bx/image/upload/v1759985948/site_settings/1759985947506-61011637_dcljil.svg	image	image/svg+xml	101885	\N	\N	\N	\N	\N	\N	2025-10-09 04:59:08.95856	2025-10-09 04:59:08.95856
435	site_settings/1759985988483-470851608_lnur3u	Certification5.svg	https://res.cloudinary.com/dl7etn5bx/image/upload/v1759985989/site_settings/1759985988483-470851608_lnur3u.svg	https://res.cloudinary.com/dl7etn5bx/image/upload/v1759985989/site_settings/1759985988483-470851608_lnur3u.svg	image	image/svg+xml	146322	\N	\N	\N	\N	\N	\N	2025-10-09 04:59:50.639379	2025-10-09 04:59:50.639379
436	site_settings/1759985995930-654180266_ljlbgf	ourjourny.png	https://res.cloudinary.com/dl7etn5bx/image/upload/v1759985997/site_settings/1759985995930-654180266_ljlbgf.png	https://res.cloudinary.com/dl7etn5bx/image/upload/v1759985997/site_settings/1759985995930-654180266_ljlbgf.png	image	image/png	336087	\N	\N	\N	\N	\N	\N	2025-10-09 04:59:58.211313	2025-10-09 04:59:58.211313
437	site_settings/1759986043567-248411164_klprnj	Certification6.svg	https://res.cloudinary.com/dl7etn5bx/image/upload/v1759986044/site_settings/1759986043567-248411164_klprnj.svg	https://res.cloudinary.com/dl7etn5bx/image/upload/v1759986044/site_settings/1759986043567-248411164_klprnj.svg	image	image/svg+xml	101885	\N	\N	\N	\N	\N	\N	2025-10-09 05:00:45.205274	2025-10-09 05:00:45.205274
438	site_settings/1759999414110-545159118_i6ayrx	Certification1..svg	https://res.cloudinary.com/dl7etn5bx/image/upload/v1759999416/site_settings/1759999414110-545159118_i6ayrx.svg	https://res.cloudinary.com/dl7etn5bx/image/upload/v1759999416/site_settings/1759999414110-545159118_i6ayrx.svg	image	image/svg+xml	358004	\N	\N	\N	\N	\N	\N	2025-10-09 08:43:36.771502	2025-10-09 08:43:36.771502
439	site_settings/1760001016030-561119686_m4xdbf	pexels-pixabay-358532.jpg	https://res.cloudinary.com/dl7etn5bx/image/upload/v1760001018/site_settings/1760001016030-561119686_m4xdbf.jpg	https://res.cloudinary.com/dl7etn5bx/image/upload/v1760001018/site_settings/1760001016030-561119686_m4xdbf.jpg	image	image/jpeg	2594448	\N	\N	\N	\N	\N	\N	2025-10-09 09:10:19.791583	2025-10-09 09:10:19.791583
440	site_settings/1760001062620-991520733_gpqge0	Group 427320894.svg	https://res.cloudinary.com/dl7etn5bx/image/upload/v1760001064/site_settings/1760001062620-991520733_gpqge0.svg	https://res.cloudinary.com/dl7etn5bx/image/upload/v1760001064/site_settings/1760001062620-991520733_gpqge0.svg	image	image/svg+xml	152934	\N	\N	\N	\N	\N	\N	2025-10-09 09:11:05.939646	2025-10-09 09:11:05.939646
441	site_settings/1760001143245-682305439_zfus4e	Group 427320894.svg	https://res.cloudinary.com/dl7etn5bx/image/upload/v1760001144/site_settings/1760001143245-682305439_zfus4e.svg	https://res.cloudinary.com/dl7etn5bx/image/upload/v1760001144/site_settings/1760001143245-682305439_zfus4e.svg	image	image/svg+xml	152934	\N	\N	\N	\N	\N	\N	2025-10-09 09:12:25.072865	2025-10-09 09:12:25.072865
442	site_settings/1760001393503-368175751_g1im52	image 9 (1).png	https://res.cloudinary.com/dl7etn5bx/image/upload/v1760001393/site_settings/1760001393503-368175751_g1im52.png	https://res.cloudinary.com/dl7etn5bx/image/upload/v1760001393/site_settings/1760001393503-368175751_g1im52.png	image	image/png	2655	\N	\N	\N	\N	\N	\N	2025-10-09 09:16:34.377026	2025-10-09 09:16:34.377026
443	site_settings/1760001472651-228406643_tuqrh4	image 9 (1).png	https://res.cloudinary.com/dl7etn5bx/image/upload/v1760001472/site_settings/1760001472651-228406643_tuqrh4.png	https://res.cloudinary.com/dl7etn5bx/image/upload/v1760001472/site_settings/1760001472651-228406643_tuqrh4.png	image	image/png	2655	\N	\N	\N	\N	\N	\N	2025-10-09 09:17:53.469835	2025-10-09 09:17:53.469835
444	site_settings/1760001514377-347093014_hs49y5	Ramaiah_Memorial_Hospital_logo.svg	https://res.cloudinary.com/dl7etn5bx/image/upload/v1760001515/site_settings/1760001514377-347093014_hs49y5.svg	https://res.cloudinary.com/dl7etn5bx/image/upload/v1760001515/site_settings/1760001514377-347093014_hs49y5.svg	image	image/svg+xml	168627	\N	\N	\N	\N	\N	\N	2025-10-09 09:18:36.448257	2025-10-09 09:18:36.448257
445	site_settings/1760001654798-929507799_u2g0if	In-affiliation-with.svg	https://res.cloudinary.com/dl7etn5bx/image/upload/v1760001656/site_settings/1760001654798-929507799_u2g0if.svg	https://res.cloudinary.com/dl7etn5bx/image/upload/v1760001656/site_settings/1760001654798-929507799_u2g0if.svg	image	image/svg+xml	202019	\N	\N	\N	\N	\N	\N	2025-10-09 09:20:56.711997	2025-10-09 09:20:56.711997
446	site_settings/1760002324504-609752555_snqsi8	Search.svg	https://res.cloudinary.com/dl7etn5bx/image/upload/v1760002324/site_settings/1760002324504-609752555_snqsi8.svg	https://res.cloudinary.com/dl7etn5bx/image/upload/v1760002324/site_settings/1760002324504-609752555_snqsi8.svg	image	image/svg+xml	841	\N	\N	\N	\N	\N	\N	2025-10-09 09:32:06.27165	2025-10-09 09:32:06.27165
447	site_settings/1760002357604-996498174_y2xoz0	Certification1..svg	https://res.cloudinary.com/dl7etn5bx/image/upload/v1760002359/site_settings/1760002357604-996498174_y2xoz0.svg	https://res.cloudinary.com/dl7etn5bx/image/upload/v1760002359/site_settings/1760002357604-996498174_y2xoz0.svg	image	image/svg+xml	358004	\N	\N	\N	\N	\N	\N	2025-10-09 09:32:39.776834	2025-10-09 09:32:39.776834
448	site_settings/1760012195224-381373654_p8focj	5805929_Coll_wavebreak_Neurology_3840x2160.svg	https://res.cloudinary.com/dl7etn5bx/image/upload/v1760012200/site_settings/1760012195224-381373654_p8focj.svg	https://res.cloudinary.com/dl7etn5bx/image/upload/v1760012200/site_settings/1760012195224-381373654_p8focj.svg	image	image/svg+xml	6551851	\N	\N	\N	\N	\N	\N	2025-10-09 12:16:44.603011	2025-10-09 12:16:44.603011
449	site_settings/1760071422811-656619699_n4ctyz	Dr.svg	https://res.cloudinary.com/dl7etn5bx/image/upload/v1760071427/site_settings/1760071422811-656619699_n4ctyz.svg	https://res.cloudinary.com/dl7etn5bx/image/upload/v1760071427/site_settings/1760071422811-656619699_n4ctyz.svg	image	image/svg+xml	2324293	\N	\N	\N	\N	\N	\N	2025-10-10 04:43:50.215476	2025-10-10 04:43:50.215476
450	site_settings/1760073319784-551633008_lpnqqk	Group 33882.svg	https://res.cloudinary.com/dl7etn5bx/image/upload/v1760073322/site_settings/1760073319784-551633008_lpnqqk.svg	https://res.cloudinary.com/dl7etn5bx/image/upload/v1760073322/site_settings/1760073319784-551633008_lpnqqk.svg	image	image/svg+xml	25974	\N	\N	\N	\N	\N	\N	2025-10-10 05:15:24.610727	2025-10-10 05:15:24.610727
451	site_settings/1760074259175-235568276_saztsi	Group 33882 (1).svg	https://res.cloudinary.com/dl7etn5bx/image/upload/v1760074262/site_settings/1760074259175-235568276_saztsi.svg	https://res.cloudinary.com/dl7etn5bx/image/upload/v1760074262/site_settings/1760074259175-235568276_saztsi.svg	image	image/svg+xml	45930	\N	\N	\N	\N	\N	\N	2025-10-10 05:31:06.053959	2025-10-10 05:31:06.053959
452	site_settings/1760077326253-684493261_em2sfu	Group 33882 (2).svg	https://res.cloudinary.com/dl7etn5bx/image/upload/v1760077328/site_settings/1760077326253-684493261_em2sfu.svg	https://res.cloudinary.com/dl7etn5bx/image/upload/v1760077328/site_settings/1760077326253-684493261_em2sfu.svg	image	image/svg+xml	30596	\N	\N	\N	\N	\N	\N	2025-10-10 06:22:10.986867	2025-10-10 06:22:10.986867
453	site_settings/1760077406495-500372103_gcrtvs	Group 33882 (3).svg	https://res.cloudinary.com/dl7etn5bx/image/upload/v1760077408/site_settings/1760077406495-500372103_gcrtvs.svg	https://res.cloudinary.com/dl7etn5bx/image/upload/v1760077408/site_settings/1760077406495-500372103_gcrtvs.svg	image	image/svg+xml	26969	\N	\N	\N	\N	\N	\N	2025-10-10 06:23:30.806452	2025-10-10 06:23:30.806452
454	site_settings/1760099773436-167553198_ajgozo	Certification6.svg	https://res.cloudinary.com/dl7etn5bx/image/upload/v1760099774/site_settings/1760099773436-167553198_ajgozo.svg	https://res.cloudinary.com/dl7etn5bx/image/upload/v1760099774/site_settings/1760099773436-167553198_ajgozo.svg	image	image/svg+xml	101885	\N	\N	\N	\N	\N	\N	2025-10-10 12:36:15.151667	2025-10-10 12:36:15.151667
455	site_settings/1760099790806-544060511_vtnaj5	Certification3.svg	https://res.cloudinary.com/dl7etn5bx/image/upload/v1760099791/site_settings/1760099790806-544060511_vtnaj5.svg	https://res.cloudinary.com/dl7etn5bx/image/upload/v1760099791/site_settings/1760099790806-544060511_vtnaj5.svg	image	image/svg+xml	34574	\N	\N	\N	\N	\N	\N	2025-10-10 12:36:31.892799	2025-10-10 12:36:31.892799
456	site_settings/1760099993093-519693514_oa0liq	In-affiliation-with.svg	https://res.cloudinary.com/dl7etn5bx/image/upload/v1760099994/site_settings/1760099993093-519693514_oa0liq.svg	https://res.cloudinary.com/dl7etn5bx/image/upload/v1760099994/site_settings/1760099993093-519693514_oa0liq.svg	image	image/svg+xml	202019	\N	\N	\N	\N	\N	\N	2025-10-10 12:39:54.847088	2025-10-10 12:39:54.847088
457	site_settings/1760100008822-892061441_zp6jnc	Certification4.svg	https://res.cloudinary.com/dl7etn5bx/image/upload/v1760100009/site_settings/1760100008822-892061441_zp6jnc.svg	https://res.cloudinary.com/dl7etn5bx/image/upload/v1760100009/site_settings/1760100008822-892061441_zp6jnc.svg	image	image/svg+xml	37554	\N	\N	\N	\N	\N	\N	2025-10-10 12:40:10.211728	2025-10-10 12:40:10.211728
458	site_settings/1760330609888-457099930_vhtmsj	Rectangle 23818.svg	https://res.cloudinary.com/dl7etn5bx/image/upload/v1760330612/site_settings/1760330609888-457099930_vhtmsj.svg	https://res.cloudinary.com/dl7etn5bx/image/upload/v1760330612/site_settings/1760330609888-457099930_vhtmsj.svg	image	image/svg+xml	109524	\N	\N	\N	\N	\N	\N	2025-10-13 04:43:35.78078	2025-10-13 04:43:35.78078
459	site_settings/1760330854942-124798555_s3nwyb	Rectangle 23818 (1).svg	https://res.cloudinary.com/dl7etn5bx/image/upload/v1760330858/site_settings/1760330854942-124798555_s3nwyb.svg	https://res.cloudinary.com/dl7etn5bx/image/upload/v1760330858/site_settings/1760330854942-124798555_s3nwyb.svg	image	image/svg+xml	131828	\N	\N	\N	\N	\N	\N	2025-10-13 04:47:41.190631	2025-10-13 04:47:41.190631
460	site_settings/1760330973302-77554640_sg9efh	Rectangle 23818 (2).svg	https://res.cloudinary.com/dl7etn5bx/image/upload/v1760330976/site_settings/1760330973302-77554640_sg9efh.svg	https://res.cloudinary.com/dl7etn5bx/image/upload/v1760330976/site_settings/1760330973302-77554640_sg9efh.svg	image	image/svg+xml	92288	\N	\N	\N	\N	\N	\N	2025-10-13 04:49:38.495611	2025-10-13 04:49:38.495611
461	site_settings/1760331054019-333205146_szobph	Rectangle 23818 (3).svg	https://res.cloudinary.com/dl7etn5bx/image/upload/v1760331057/site_settings/1760331054019-333205146_szobph.svg	https://res.cloudinary.com/dl7etn5bx/image/upload/v1760331057/site_settings/1760331054019-333205146_szobph.svg	image	image/svg+xml	111104	\N	\N	\N	\N	\N	\N	2025-10-13 04:50:59.4583	2025-10-13 04:50:59.4583
462	site_settings/1760331226354-188378628_vcngsw	Rectangle 23818 (4).svg	https://res.cloudinary.com/dl7etn5bx/image/upload/v1760331229/site_settings/1760331226354-188378628_vcngsw.svg	https://res.cloudinary.com/dl7etn5bx/image/upload/v1760331229/site_settings/1760331226354-188378628_vcngsw.svg	image	image/svg+xml	90708	\N	\N	\N	\N	\N	\N	2025-10-13 04:53:51.816814	2025-10-13 04:53:51.816814
463	site_settings/1760347658477-643318698_stxrbx	4488804-uhd_3840_2160_25fps.mp4	https://res.cloudinary.com/dl7etn5bx/video/upload/v1760347661/site_settings/1760347658477-643318698_stxrbx.mp4	https://res.cloudinary.com/dl7etn5bx/video/upload/v1760347661/site_settings/1760347658477-643318698_stxrbx.mp4	video	video/mp4	23743976	\N	\N	\N	\N	\N	\N	2025-10-13 09:27:43.79846	2025-10-13 09:27:43.79846
464	site_settings/1760349746901-909111220_whcbft	michael-dam-mEZ3PoFGs_k-unsplash.jpg	https://res.cloudinary.com/dl7etn5bx/image/upload/v1760349748/site_settings/1760349746901-909111220_whcbft.jpg	https://res.cloudinary.com/dl7etn5bx/image/upload/v1760349748/site_settings/1760349746901-909111220_whcbft.jpg	image	image/jpeg	1716739	\N	\N	\N	\N	\N	\N	2025-10-13 10:02:30.550658	2025-10-13 10:02:30.550658
465	site_settings/1760350706497-802228196_qib9l4	3735731-hd_1920_1080_25fps.mp4	https://res.cloudinary.com/dl7etn5bx/video/upload/v1760350708/site_settings/1760350706497-802228196_qib9l4.mp4	https://res.cloudinary.com/dl7etn5bx/video/upload/v1760350708/site_settings/1760350706497-802228196_qib9l4.mp4	video	video/mp4	2524047	\N	\N	\N	\N	\N	\N	2025-10-13 10:18:29.517726	2025-10-13 10:18:29.517726
466	site_settings/1760350743410-334434204_b4ji7g	Screenrecorder-2025-09-18-10-58-10-600.mp4	https://res.cloudinary.com/dl7etn5bx/video/upload/v1760350746/site_settings/1760350743410-334434204_b4ji7g.mp4	https://res.cloudinary.com/dl7etn5bx/video/upload/v1760350746/site_settings/1760350743410-334434204_b4ji7g.mp4	video	video/mp4	31933736	\N	\N	\N	\N	\N	\N	2025-10-13 10:19:09.064592	2025-10-13 10:19:09.064592
467	site_settings/1760356044933-541923020_kj36ll	icons8-test-64.png	https://res.cloudinary.com/dl7etn5bx/image/upload/v1760356045/site_settings/1760356044933-541923020_kj36ll.png	https://res.cloudinary.com/dl7etn5bx/image/upload/v1760356045/site_settings/1760356044933-541923020_kj36ll.png	image	image/png	1094	\N	\N	\N	\N	\N	\N	2025-10-13 11:47:26.2566	2025-10-13 11:47:26.2566
468	site_settings/1760356107554-206397746_qlbemw	icons8-test-100.png	https://res.cloudinary.com/dl7etn5bx/image/upload/v1760356107/site_settings/1760356107554-206397746_qlbemw.png	https://res.cloudinary.com/dl7etn5bx/image/upload/v1760356107/site_settings/1760356107554-206397746_qlbemw.png	image	image/png	2278	\N	\N	\N	\N	\N	\N	2025-10-13 11:48:28.86601	2025-10-13 11:48:28.86601
469	site_settings/1760356128998-159725736_fiqcky	icons8-test-48.png	https://res.cloudinary.com/dl7etn5bx/image/upload/v1760356129/site_settings/1760356128998-159725736_fiqcky.png	https://res.cloudinary.com/dl7etn5bx/image/upload/v1760356129/site_settings/1760356128998-159725736_fiqcky.png	image	image/png	1112	\N	\N	\N	\N	\N	\N	2025-10-13 11:48:49.78979	2025-10-13 11:48:49.78979
470	site_settings/1760356144617-732799131_qc0enf	icons8-test-100.png	https://res.cloudinary.com/dl7etn5bx/image/upload/v1760356145/site_settings/1760356144617-732799131_qc0enf.png	https://res.cloudinary.com/dl7etn5bx/image/upload/v1760356145/site_settings/1760356144617-732799131_qc0enf.png	image	image/png	2278	\N	\N	\N	\N	\N	\N	2025-10-13 11:49:06.073724	2025-10-13 11:49:06.073724
471	site_settings/1760356178124-134152256_b3irgd	icons8-test-64.png	https://res.cloudinary.com/dl7etn5bx/image/upload/v1760356178/site_settings/1760356178124-134152256_b3irgd.png	https://res.cloudinary.com/dl7etn5bx/image/upload/v1760356178/site_settings/1760356178124-134152256_b3irgd.png	image	image/png	1094	\N	\N	\N	\N	\N	\N	2025-10-13 11:49:40.500165	2025-10-13 11:49:40.500165
472	site_settings/1760356263608-843341864_csrpbn	image 9 (1).png	https://res.cloudinary.com/dl7etn5bx/image/upload/v1760356263/site_settings/1760356263608-843341864_csrpbn.png	https://res.cloudinary.com/dl7etn5bx/image/upload/v1760356263/site_settings/1760356263608-843341864_csrpbn.png	image	image/png	2655	\N	\N	\N	\N	\N	\N	2025-10-13 11:51:04.736945	2025-10-13 11:51:04.736945
473	site_settings/1760356793897-259110894_r4etk2	icons8-test-64.png	https://res.cloudinary.com/dl7etn5bx/image/upload/v1760356794/site_settings/1760356793897-259110894_r4etk2.png	https://res.cloudinary.com/dl7etn5bx/image/upload/v1760356794/site_settings/1760356793897-259110894_r4etk2.png	image	image/png	1094	\N	\N	\N	\N	\N	\N	2025-10-13 11:59:55.820649	2025-10-13 11:59:55.820649
474	site_settings/1760356833656-60041977_fvgxw6	icons8-test-100.png	https://res.cloudinary.com/dl7etn5bx/image/upload/v1760356833/site_settings/1760356833656-60041977_fvgxw6.png	https://res.cloudinary.com/dl7etn5bx/image/upload/v1760356833/site_settings/1760356833656-60041977_fvgxw6.png	image	image/png	2278	\N	\N	\N	\N	\N	\N	2025-10-13 12:00:34.345063	2025-10-13 12:00:34.345063
475	site_settings/1760356853000-49620063_hbh1od	icons8-test-64.png	https://res.cloudinary.com/dl7etn5bx/image/upload/v1760356853/site_settings/1760356853000-49620063_hbh1od.png	https://res.cloudinary.com/dl7etn5bx/image/upload/v1760356853/site_settings/1760356853000-49620063_hbh1od.png	image	image/png	1094	\N	\N	\N	\N	\N	\N	2025-10-13 12:00:54.917432	2025-10-13 12:00:54.917432
476	site_settings/1760356929206-9077550_nadkic	icons8-test-64.png	https://res.cloudinary.com/dl7etn5bx/image/upload/v1760356929/site_settings/1760356929206-9077550_nadkic.png	https://res.cloudinary.com/dl7etn5bx/image/upload/v1760356929/site_settings/1760356929206-9077550_nadkic.png	image	image/png	1094	\N	\N	\N	\N	\N	\N	2025-10-13 12:02:10.315972	2025-10-13 12:02:10.315972
477	site_settings/1760358940722-479361588_gcfbrm	Ramaiah_second_banner.png	https://res.cloudinary.com/dl7etn5bx/image/upload/v1760358942/site_settings/1760358940722-479361588_gcfbrm.png	https://res.cloudinary.com/dl7etn5bx/image/upload/v1760358942/site_settings/1760358940722-479361588_gcfbrm.png	image	image/png	460407	\N	\N	\N	\N	\N	\N	2025-10-13 12:35:43.287979	2025-10-13 12:35:43.287979
478	site_settings/1760358952285-422980557_ijaklo	Ramaiah_second_banner.png	https://res.cloudinary.com/dl7etn5bx/image/upload/v1760358953/site_settings/1760358952285-422980557_ijaklo.png	https://res.cloudinary.com/dl7etn5bx/image/upload/v1760358953/site_settings/1760358952285-422980557_ijaklo.png	image	image/png	460407	\N	\N	\N	\N	\N	\N	2025-10-13 12:35:54.450596	2025-10-13 12:35:54.450596
479	site_settings/1760359185396-944004167_wejdhv	Legacy & Clinical Excellence.mp4	https://res.cloudinary.com/dl7etn5bx/video/upload/v1760359197/site_settings/1760359185396-944004167_wejdhv.mp4	https://res.cloudinary.com/dl7etn5bx/video/upload/v1760359197/site_settings/1760359185396-944004167_wejdhv.mp4	video	video/mp4	35187564	\N	\N	\N	\N	\N	\N	2025-10-13 12:40:00.183612	2025-10-13 12:40:00.183612
480	site_settings/1760359456785-132864445_m2pboz	sardarImage.svg	https://res.cloudinary.com/dl7etn5bx/image/upload/v1760359459/site_settings/1760359456785-132864445_m2pboz.svg	https://res.cloudinary.com/dl7etn5bx/image/upload/v1760359459/site_settings/1760359456785-132864445_m2pboz.svg	image	image/svg+xml	1579078	\N	\N	\N	\N	\N	\N	2025-10-13 12:44:20.431617	2025-10-13 12:44:20.431617
481	site_settings/1760360041865-642058071_ebzrrm	Legacy & Clinical Excellence.mp4	https://res.cloudinary.com/dl7etn5bx/video/upload/v1760360054/site_settings/1760360041865-642058071_ebzrrm.mp4	https://res.cloudinary.com/dl7etn5bx/video/upload/v1760360054/site_settings/1760360041865-642058071_ebzrrm.mp4	video	video/mp4	35187564	\N	\N	\N	\N	\N	\N	2025-10-13 12:54:17.043266	2025-10-13 12:54:17.043266
482	site_settings/1760360087397-261794063_yabhp6	DoctorSpeak.mp4	https://res.cloudinary.com/dl7etn5bx/video/upload/v1760360093/site_settings/1760360087397-261794063_yabhp6.mp4	https://res.cloudinary.com/dl7etn5bx/video/upload/v1760360093/site_settings/1760360087397-261794063_yabhp6.mp4	video	video/mp4	71064671	\N	\N	\N	\N	\N	\N	2025-10-13 12:54:57.250889	2025-10-13 12:54:57.250889
483	site_settings/1760360204001-96414208_hcjqsb	Homebaneerbackgroundfirst.mp4	https://res.cloudinary.com/dl7etn5bx/video/upload/v1760360214/site_settings/1760360204001-96414208_hcjqsb.mp4	https://res.cloudinary.com/dl7etn5bx/video/upload/v1760360214/site_settings/1760360204001-96414208_hcjqsb.mp4	video	video/mp4	27088449	\N	\N	\N	\N	\N	\N	2025-10-13 12:56:56.769168	2025-10-13 12:56:56.769168
484	site_settings/1760360349911-757151556_x7p2hi	ramaiah-logo.svg	https://res.cloudinary.com/dl7etn5bx/image/upload/v1760360350/site_settings/1760360349911-757151556_x7p2hi.svg	https://res.cloudinary.com/dl7etn5bx/image/upload/v1760360350/site_settings/1760360349911-757151556_x7p2hi.svg	image	image/svg+xml	168627	\N	\N	\N	\N	\N	\N	2025-10-13 12:59:12.21352	2025-10-13 12:59:12.21352
485	site_settings/1760361426137-103073449_jzd5sb	Ramaiah_second_banner.png	https://res.cloudinary.com/dl7etn5bx/image/upload/v1760361428/site_settings/1760361426137-103073449_jzd5sb.png	https://res.cloudinary.com/dl7etn5bx/image/upload/v1760361428/site_settings/1760361426137-103073449_jzd5sb.png	image	image/png	460407	\N	\N	\N	\N	\N	\N	2025-10-13 13:17:09.306171	2025-10-13 13:17:09.306171
486	site_settings/1760362202568-421487294_wyoimr	sardarImage.svg	https://res.cloudinary.com/dl7etn5bx/image/upload/v1760362204/site_settings/1760362202568-421487294_wyoimr.svg	https://res.cloudinary.com/dl7etn5bx/image/upload/v1760362204/site_settings/1760362202568-421487294_wyoimr.svg	image	image/svg+xml	1579078	\N	\N	\N	\N	\N	\N	2025-10-13 13:30:05.256338	2025-10-13 13:30:05.256338
487	site_settings/1760418241402-636473699_z16kun	Legacy & Clinical Excellence.mp4	https://res.cloudinary.com/dl7etn5bx/video/upload/v1760418245/site_settings/1760418241402-636473699_z16kun.mp4	https://res.cloudinary.com/dl7etn5bx/video/upload/v1760418245/site_settings/1760418241402-636473699_z16kun.mp4	video	video/mp4	35187564	\N	\N	\N	\N	\N	\N	2025-10-14 05:04:07.399007	2025-10-14 05:04:07.399007
488	site_settings/1760418572547-929495399_nl7l3b	Legacy & Clinical Excellence.mp4	https://res.cloudinary.com/dl7etn5bx/video/upload/v1760418577/site_settings/1760418572547-929495399_nl7l3b.mp4	https://res.cloudinary.com/dl7etn5bx/video/upload/v1760418577/site_settings/1760418572547-929495399_nl7l3b.mp4	video	video/mp4	35187564	\N	\N	\N	\N	\N	\N	2025-10-14 05:09:39.768612	2025-10-14 05:09:39.768612
489	site_settings/1760419143800-794646464_osfhvx	Homebackgroundfirst.mp4	https://res.cloudinary.com/dl7etn5bx/video/upload/v1760419153/site_settings/1760419143800-794646464_osfhvx.mp4	https://res.cloudinary.com/dl7etn5bx/video/upload/v1760419153/site_settings/1760419143800-794646464_osfhvx.mp4	video	video/mp4	27088449	\N	\N	\N	\N	\N	\N	2025-10-14 05:19:14.57264	2025-10-14 05:19:14.57264
490	site_settings/1760419677736-471281930_l12qvx	smallbaner.mp4	https://res.cloudinary.com/dl7etn5bx/video/upload/v1760419687/site_settings/1760419677736-471281930_l12qvx.mp4	https://res.cloudinary.com/dl7etn5bx/video/upload/v1760419687/site_settings/1760419677736-471281930_l12qvx.mp4	video	video/mp4	27088449	\N	\N	\N	\N	\N	\N	2025-10-14 05:28:10.000409	2025-10-14 05:28:10.000409
491	site_settings/1760420035172-77409342_whhsuq	Legacy & Clinical Excellence.mp4	https://res.cloudinary.com/dl7etn5bx/video/upload/v1760420040/site_settings/1760420035172-77409342_whhsuq.mp4	https://res.cloudinary.com/dl7etn5bx/video/upload/v1760420040/site_settings/1760420035172-77409342_whhsuq.mp4	video	video/mp4	35187564	\N	\N	\N	\N	\N	\N	2025-10-14 05:34:02.536292	2025-10-14 05:34:02.536292
492	site_settings/1760420215745-925064746_hzbyrn	Patient Speak.mp4	https://res.cloudinary.com/dl7etn5bx/video/upload/v1760420237/site_settings/1760420215745-925064746_hzbyrn.mp4	https://res.cloudinary.com/dl7etn5bx/video/upload/v1760420237/site_settings/1760420215745-925064746_hzbyrn.mp4	video	video/mp4	62321649	\N	\N	\N	\N	\N	\N	2025-10-14 05:37:20.266621	2025-10-14 05:37:20.266621
493	site_settings/1760420816779-194391585_to7rk8	Legacy & Clinical Excellence.mp4	https://res.cloudinary.com/dl7etn5bx/video/upload/v1760420830/site_settings/1760420816779-194391585_to7rk8.mp4	https://res.cloudinary.com/dl7etn5bx/video/upload/v1760420830/site_settings/1760420816779-194391585_to7rk8.mp4	video	video/mp4	35187564	\N	\N	\N	\N	\N	\N	2025-10-14 05:47:13.211193	2025-10-14 05:47:13.211193
494	site_settings/1760433545059-709041423_xljnye	Group 34580.svg	https://res.cloudinary.com/dl7etn5bx/image/upload/v1760433548/site_settings/1760433545059-709041423_xljnye.svg	https://res.cloudinary.com/dl7etn5bx/image/upload/v1760433548/site_settings/1760433545059-709041423_xljnye.svg	image	image/svg+xml	2499	\N	\N	\N	\N	\N	\N	2025-10-14 09:19:10.392425	2025-10-14 09:19:10.392425
495	site_settings/1760433635050-374227113_prjszx	Group 34580 (1).svg	https://res.cloudinary.com/dl7etn5bx/image/upload/v1760433637/site_settings/1760433635050-374227113_prjszx.svg	https://res.cloudinary.com/dl7etn5bx/image/upload/v1760433637/site_settings/1760433635050-374227113_prjszx.svg	image	image/svg+xml	1662	\N	\N	\N	\N	\N	\N	2025-10-14 09:20:39.765434	2025-10-14 09:20:39.765434
496	site_settings/1760433705282-995258579_bq98in	Group 34580 (2).svg	https://res.cloudinary.com/dl7etn5bx/image/upload/v1760433707/site_settings/1760433705282-995258579_bq98in.svg	https://res.cloudinary.com/dl7etn5bx/image/upload/v1760433707/site_settings/1760433705282-995258579_bq98in.svg	image	image/svg+xml	1813	\N	\N	\N	\N	\N	\N	2025-10-14 09:21:49.940204	2025-10-14 09:21:49.940204
497	site_settings/1760433783453-542787096_ey3lui	Group 34580 (3).svg	https://res.cloudinary.com/dl7etn5bx/image/upload/v1760433786/site_settings/1760433783453-542787096_ey3lui.svg	https://res.cloudinary.com/dl7etn5bx/image/upload/v1760433786/site_settings/1760433783453-542787096_ey3lui.svg	image	image/svg+xml	2200	\N	\N	\N	\N	\N	\N	2025-10-14 09:23:09.221213	2025-10-14 09:23:09.221213
498	site_settings/1760433869176-935378385_j8ht4s	Group 34580 (4).svg	https://res.cloudinary.com/dl7etn5bx/image/upload/v1760433871/site_settings/1760433869176-935378385_j8ht4s.svg	https://res.cloudinary.com/dl7etn5bx/image/upload/v1760433871/site_settings/1760433869176-935378385_j8ht4s.svg	image	image/svg+xml	2096	\N	\N	\N	\N	\N	\N	2025-10-14 09:24:33.565879	2025-10-14 09:24:33.565879
499	site_settings/1760433932026-961782524_uhkway	Group 34580 (5).svg	https://res.cloudinary.com/dl7etn5bx/image/upload/v1760433934/site_settings/1760433932026-961782524_uhkway.svg	https://res.cloudinary.com/dl7etn5bx/image/upload/v1760433934/site_settings/1760433932026-961782524_uhkway.svg	image	image/svg+xml	1994	\N	\N	\N	\N	\N	\N	2025-10-14 09:25:36.708175	2025-10-14 09:25:36.708175
500	site_settings/1760434012878-120074872_kl2ya6	Group 34580 (6).svg	https://res.cloudinary.com/dl7etn5bx/image/upload/v1760434015/site_settings/1760434012878-120074872_kl2ya6.svg	https://res.cloudinary.com/dl7etn5bx/image/upload/v1760434015/site_settings/1760434012878-120074872_kl2ya6.svg	image	image/svg+xml	3118	\N	\N	\N	\N	\N	\N	2025-10-14 09:26:57.70713	2025-10-14 09:26:57.70713
501	site_settings/1760434617127-655510820_muatlp	Group 427320986.svg	https://res.cloudinary.com/dl7etn5bx/image/upload/v1760434619/site_settings/1760434617127-655510820_muatlp.svg	https://res.cloudinary.com/dl7etn5bx/image/upload/v1760434619/site_settings/1760434617127-655510820_muatlp.svg	image	image/svg+xml	26141	\N	\N	\N	\N	\N	\N	2025-10-14 09:37:02.484565	2025-10-14 09:37:02.484565
502	site_settings/1760434909850-832742384_loees3	Group 427320986.svg	https://res.cloudinary.com/dl7etn5bx/image/upload/v1760434912/site_settings/1760434909850-832742384_loees3.svg	https://res.cloudinary.com/dl7etn5bx/image/upload/v1760434912/site_settings/1760434909850-832742384_loees3.svg	image	image/svg+xml	26141	\N	\N	\N	\N	\N	\N	2025-10-14 09:41:54.818953	2025-10-14 09:41:54.818953
503	site_settings/1760435896760-709864471_g4fzjf	5805929_Coll_wavebreak_Neurology_3840x2160.png	https://res.cloudinary.com/dl7etn5bx/image/upload/v1760435902/site_settings/1760435896760-709864471_g4fzjf.png	https://res.cloudinary.com/dl7etn5bx/image/upload/v1760435902/site_settings/1760435896760-709864471_g4fzjf.png	image	image/png	1879882	\N	\N	\N	\N	\N	\N	2025-10-14 09:58:25.494454	2025-10-14 09:58:25.494454
504	site_settings/1760436266636-88005836_msqxpi	5805929_Coll_wavebreak_Neurology_3840x2160-1.png	https://res.cloudinary.com/dl7etn5bx/image/upload/v1760436270/site_settings/1760436266636-88005836_msqxpi.png	https://res.cloudinary.com/dl7etn5bx/image/upload/v1760436270/site_settings/1760436266636-88005836_msqxpi.png	image	image/png	713212	\N	\N	\N	\N	\N	\N	2025-10-14 10:04:33.152124	2025-10-14 10:04:33.152124
505	site_settings/1760437733973-718825591_rmg7qs	Group 34580 (3).svg	https://res.cloudinary.com/dl7etn5bx/image/upload/v1760437736/site_settings/1760437733973-718825591_rmg7qs.svg	https://res.cloudinary.com/dl7etn5bx/image/upload/v1760437736/site_settings/1760437733973-718825591_rmg7qs.svg	image	image/svg+xml	2200	\N	\N	\N	\N	\N	\N	2025-10-14 10:28:58.944779	2025-10-14 10:28:58.944779
506	site_settings/1760439518460-23541648_fm7lng	Dr (1).svg	https://res.cloudinary.com/dl7etn5bx/image/upload/v1760439524/site_settings/1760439518460-23541648_fm7lng.svg	https://res.cloudinary.com/dl7etn5bx/image/upload/v1760439524/site_settings/1760439518460-23541648_fm7lng.svg	image	image/svg+xml	1503508	\N	\N	\N	\N	\N	\N	2025-10-14 10:58:47.060225	2025-10-14 10:58:47.060225
507	site_settings/1760441352595-731353178_pfgc7g	Image-3.png.png	https://res.cloudinary.com/dl7etn5bx/image/upload/v1760441355/site_settings/1760441352595-731353178_pfgc7g.png	https://res.cloudinary.com/dl7etn5bx/image/upload/v1760441355/site_settings/1760441352595-731353178_pfgc7g.png	image	image/png	30435	\N	\N	\N	\N	\N	\N	2025-10-14 11:29:18.803436	2025-10-14 11:29:18.803436
508	site_settings/1760442080105-151618286_uioezz	Image-3.png (1).png	https://res.cloudinary.com/dl7etn5bx/image/upload/v1760442082/site_settings/1760442080105-151618286_uioezz.png	https://res.cloudinary.com/dl7etn5bx/image/upload/v1760442082/site_settings/1760442080105-151618286_uioezz.png	image	image/png	29321	\N	\N	\N	\N	\N	\N	2025-10-14 11:41:24.909326	2025-10-14 11:41:24.909326
509	site_settings/1760444573481-774774719_pzwra8	Group 33882.png	https://res.cloudinary.com/dl7etn5bx/image/upload/v1760444575/site_settings/1760444573481-774774719_pzwra8.png	https://res.cloudinary.com/dl7etn5bx/image/upload/v1760444575/site_settings/1760444573481-774774719_pzwra8.png	image	image/png	4152	\N	\N	\N	\N	\N	\N	2025-10-14 12:22:57.149654	2025-10-14 12:22:57.149654
510	site_settings/1760509552018-478036210_wi1gdw	smallbaner.mp4	https://res.cloudinary.com/dl7etn5bx/video/upload/v1760509562/site_settings/1760509552018-478036210_wi1gdw.mp4	https://res.cloudinary.com/dl7etn5bx/video/upload/v1760509562/site_settings/1760509552018-478036210_wi1gdw.mp4	video	video/mp4	27088449	\N	\N	\N	\N	\N	\N	2025-10-15 06:26:04.301864	2025-10-15 06:26:04.301864
511	site_settings/1760515968730-951514127_ct38c5	ourjourny.png	https://res.cloudinary.com/dl7etn5bx/image/upload/v1760515970/site_settings/1760515968730-951514127_ct38c5.png	https://res.cloudinary.com/dl7etn5bx/image/upload/v1760515970/site_settings/1760515968730-951514127_ct38c5.png	image	image/png	336087	\N	\N	\N	\N	\N	\N	2025-10-15 08:12:51.274848	2025-10-15 08:12:51.274848
512	site_settings/1760516006192-500232465_hannlu	ourjourny.png	https://res.cloudinary.com/dl7etn5bx/image/upload/v1760516007/site_settings/1760516006192-500232465_hannlu.png	https://res.cloudinary.com/dl7etn5bx/image/upload/v1760516007/site_settings/1760516006192-500232465_hannlu.png	image	image/png	336087	\N	\N	\N	\N	\N	\N	2025-10-15 08:13:27.664613	2025-10-15 08:13:27.664613
513	site_settings/1760516308634-352186818_w5zywa	Ramaiah_Oncosciences_smaller_baner.svg	https://res.cloudinary.com/dl7etn5bx/image/upload/v1760516310/site_settings/1760516308634-352186818_w5zywa.svg	https://res.cloudinary.com/dl7etn5bx/image/upload/v1760516310/site_settings/1760516308634-352186818_w5zywa.svg	image	image/svg+xml	4758061	\N	\N	\N	\N	\N	\N	2025-10-15 08:18:31.545161	2025-10-15 08:18:31.545161
514	site_settings/1760516318959-321432177_xif9ne	Ramaiah_Oncosciences_background_baner.svg.svg	https://res.cloudinary.com/dl7etn5bx/image/upload/v1760516321/site_settings/1760516318959-321432177_xif9ne.svg	https://res.cloudinary.com/dl7etn5bx/image/upload/v1760516321/site_settings/1760516318959-321432177_xif9ne.svg	image	image/svg+xml	4758090	\N	\N	\N	\N	\N	\N	2025-10-15 08:18:43.538188	2025-10-15 08:18:43.538188
515	site_settings/1760517192735-659593657_dsjw1c	Ramaiah_Oncosciences_background_baner.svg.svg	https://res.cloudinary.com/dl7etn5bx/image/upload/v1760517194/site_settings/1760517192735-659593657_dsjw1c.svg	https://res.cloudinary.com/dl7etn5bx/image/upload/v1760517194/site_settings/1760517192735-659593657_dsjw1c.svg	image	image/svg+xml	4758090	\N	\N	\N	\N	\N	\N	2025-10-15 08:33:16.399285	2025-10-15 08:33:16.399285
516	site_settings/1760521654727-614838472_gmciw8	Ramaiah_Oncosciences_smaller_baner.svg	https://res.cloudinary.com/dl7etn5bx/image/upload/v1760521656/site_settings/1760521654727-614838472_gmciw8.svg	https://res.cloudinary.com/dl7etn5bx/image/upload/v1760521656/site_settings/1760521654727-614838472_gmciw8.svg	image	image/svg+xml	4758061	\N	\N	\N	\N	\N	\N	2025-10-15 09:47:38.174289	2025-10-15 09:47:38.174289
517	site_settings/1760521784952-561895645_n2muhc	Ramaiah_Oncosciences_smaller_baner.svg	https://res.cloudinary.com/dl7etn5bx/image/upload/v1760521788/site_settings/1760521784952-561895645_n2muhc.svg	https://res.cloudinary.com/dl7etn5bx/image/upload/v1760521788/site_settings/1760521784952-561895645_n2muhc.svg	image	image/svg+xml	4758061	\N	\N	\N	\N	\N	\N	2025-10-15 09:49:50.371749	2025-10-15 09:49:50.371749
518	site_settings/1760522064289-309215594_fmbszx	Dr.png	https://res.cloudinary.com/dl7etn5bx/image/upload/v1760522068/site_settings/1760522064289-309215594_fmbszx.png	https://res.cloudinary.com/dl7etn5bx/image/upload/v1760522068/site_settings/1760522064289-309215594_fmbszx.png	image	image/png	341751	\N	\N	\N	\N	\N	\N	2025-10-15 09:54:31.033852	2025-10-15 09:54:31.033852
519	site_settings/1760522394469-493382798_gawx5d	5805929_Coll_wavebreak_Neurology_3840x2160 (1).svg	https://res.cloudinary.com/dl7etn5bx/image/upload/v1760522401/site_settings/1760522394469-493382798_gawx5d.svg	https://res.cloudinary.com/dl7etn5bx/image/upload/v1760522401/site_settings/1760522394469-493382798_gawx5d.svg	image	image/svg+xml	2871697	\N	\N	\N	\N	\N	\N	2025-10-15 10:00:05.374064	2025-10-15 10:00:05.374064
520	site_settings/1760523714354-769049997_jgxeyh	5805929_Coll_wavebreak_Neurology_3840x2160 (2).svg	https://res.cloudinary.com/dl7etn5bx/image/upload/v1760523722/site_settings/1760523714354-769049997_jgxeyh.svg	https://res.cloudinary.com/dl7etn5bx/image/upload/v1760523722/site_settings/1760523714354-769049997_jgxeyh.svg	image	image/svg+xml	2980915	\N	\N	\N	\N	\N	\N	2025-10-15 10:22:05.077254	2025-10-15 10:22:05.077254
521	site_settings/1760523978719-538872266_ywslqz	Dr (2).svg	https://res.cloudinary.com/dl7etn5bx/image/upload/v1760523987/site_settings/1760523978719-538872266_ywslqz.svg	https://res.cloudinary.com/dl7etn5bx/image/upload/v1760523987/site_settings/1760523978719-538872266_ywslqz.svg	image	image/svg+xml	2282141	\N	\N	\N	\N	\N	\N	2025-10-15 10:26:29.743154	2025-10-15 10:26:29.743154
522	site_settings/1760524039614-141610767_dicwnd	Dr.svg	https://res.cloudinary.com/dl7etn5bx/image/upload/v1760524041/site_settings/1760524039614-141610767_dicwnd.svg	https://res.cloudinary.com/dl7etn5bx/image/upload/v1760524041/site_settings/1760524039614-141610767_dicwnd.svg	image	image/svg+xml	1503508	\N	\N	\N	\N	\N	\N	2025-10-15 10:27:21.896169	2025-10-15 10:27:21.896169
523	site_settings/1760524080621-173701212_njlxq3	5805929_Coll_wavebreak_Neurology_3840x2160 (3).svg	https://res.cloudinary.com/dl7etn5bx/image/upload/v1760524088/site_settings/1760524080621-173701212_njlxq3.svg	https://res.cloudinary.com/dl7etn5bx/image/upload/v1760524088/site_settings/1760524080621-173701212_njlxq3.svg	image	image/svg+xml	2980948	\N	\N	\N	\N	\N	\N	2025-10-15 10:28:10.851186	2025-10-15 10:28:10.851186
524	site_settings/1760526160148-340180753_zob3sx	Ramaiah_Oncosciences_background_baner.svg.svg	https://res.cloudinary.com/dl7etn5bx/image/upload/v1760526163/site_settings/1760526160148-340180753_zob3sx.svg	https://res.cloudinary.com/dl7etn5bx/image/upload/v1760526163/site_settings/1760526160148-340180753_zob3sx.svg	image	image/svg+xml	4758090	\N	\N	\N	\N	\N	\N	2025-10-15 11:02:44.989728	2025-10-15 11:02:44.989728
525	site_settings/1760526425885-229739819_mfqw8q	Ramaiah_Oncosciences_background_baner.svg	https://res.cloudinary.com/dl7etn5bx/image/upload/v1760526428/site_settings/1760526425885-229739819_mfqw8q.svg	https://res.cloudinary.com/dl7etn5bx/image/upload/v1760526428/site_settings/1760526425885-229739819_mfqw8q.svg	image	image/svg+xml	4758090	\N	\N	\N	\N	\N	\N	2025-10-15 11:07:11.06027	2025-10-15 11:07:11.06027
526	site_settings/1760526734583-796086150_luaoyy	Ramaiah_Oncosciences_background_baner.svg	https://res.cloudinary.com/dl7etn5bx/image/upload/v1760526738/site_settings/1760526734583-796086150_luaoyy.svg	https://res.cloudinary.com/dl7etn5bx/image/upload/v1760526738/site_settings/1760526734583-796086150_luaoyy.svg	image	image/svg+xml	4758090	\N	\N	\N	\N	\N	\N	2025-10-15 11:12:19.133078	2025-10-15 11:12:19.133078
527	site_settings/1760526762981-816131965_ungydh	Ramaiah_Oncosciences_smaller_baner.svg	https://res.cloudinary.com/dl7etn5bx/image/upload/v1760526765/site_settings/1760526762981-816131965_ungydh.svg	https://res.cloudinary.com/dl7etn5bx/image/upload/v1760526765/site_settings/1760526762981-816131965_ungydh.svg	image	image/svg+xml	4758061	\N	\N	\N	\N	\N	\N	2025-10-15 11:12:46.365597	2025-10-15 11:12:46.365597
528	site_settings/1760530499272-576510569_co4qox	5805929_Coll_wavebreak_Neurology_3840x2160 (4).svg	https://res.cloudinary.com/dl7etn5bx/image/upload/v1760530512/site_settings/1760530499272-576510569_co4qox.svg	https://res.cloudinary.com/dl7etn5bx/image/upload/v1760530512/site_settings/1760530499272-576510569_co4qox.svg	image	image/svg+xml	6551881	\N	\N	\N	\N	\N	\N	2025-10-15 12:15:16.633868	2025-10-15 12:15:16.633868
529	site_settings/1760596992786-272003717_jwptdy	Ramaiah_Oncosciences_smaller_baner.svg	https://res.cloudinary.com/dl7etn5bx/image/upload/v1760596997/site_settings/1760596992786-272003717_jwptdy.svg	https://res.cloudinary.com/dl7etn5bx/image/upload/v1760596997/site_settings/1760596992786-272003717_jwptdy.svg	image	image/svg+xml	4758061	\N	\N	\N	\N	\N	\N	2025-10-16 06:43:18.943708	2025-10-16 06:43:18.943708
530	site_settings/1760597409434-349163681_qi7jhg	Ramaiah_Oncosciences_background_baner.svg	https://res.cloudinary.com/dl7etn5bx/image/upload/v1760597411/site_settings/1760597409434-349163681_qi7jhg.svg	https://res.cloudinary.com/dl7etn5bx/image/upload/v1760597411/site_settings/1760597409434-349163681_qi7jhg.svg	image	image/svg+xml	4758090	\N	\N	\N	\N	\N	\N	2025-10-16 06:50:13.317765	2025-10-16 06:50:13.317765
531	site_settings/1760597421584-508421137_sdmfv2	Ramaiah_Oncosciences_smaller_baner.svg	https://res.cloudinary.com/dl7etn5bx/image/upload/v1760597423/site_settings/1760597421584-508421137_sdmfv2.svg	https://res.cloudinary.com/dl7etn5bx/image/upload/v1760597423/site_settings/1760597421584-508421137_sdmfv2.svg	image	image/svg+xml	4758061	\N	\N	\N	\N	\N	\N	2025-10-16 06:50:25.066191	2025-10-16 06:50:25.066191
532	site_settings/1760597719859-592581904_ll57he	MedicaloncologyDr.svg	https://res.cloudinary.com/dl7etn5bx/image/upload/v1760597721/site_settings/1760597719859-592581904_ll57he.svg	https://res.cloudinary.com/dl7etn5bx/image/upload/v1760597721/site_settings/1760597719859-592581904_ll57he.svg	image	image/svg+xml	2508473	\N	\N	\N	\N	\N	\N	2025-10-16 06:55:22.954054	2025-10-16 06:55:22.954054
533	site_settings/1760606437715-362760147_d6ssnw	MedicaloncologyDr.svg	https://res.cloudinary.com/dl7etn5bx/image/upload/v1760606441/site_settings/1760606437715-362760147_d6ssnw.svg	https://res.cloudinary.com/dl7etn5bx/image/upload/v1760606441/site_settings/1760606437715-362760147_d6ssnw.svg	image	image/svg+xml	2508473	\N	\N	\N	\N	\N	\N	2025-10-16 09:20:44.163626	2025-10-16 09:20:44.163626
534	site_settings/1760606463646-854225587_n8jar1	Ramaiah_Oncosciences_background_baner.svg	https://res.cloudinary.com/dl7etn5bx/image/upload/v1760606466/site_settings/1760606463646-854225587_n8jar1.svg	https://res.cloudinary.com/dl7etn5bx/image/upload/v1760606466/site_settings/1760606463646-854225587_n8jar1.svg	image	image/svg+xml	4758090	\N	\N	\N	\N	\N	\N	2025-10-16 09:21:07.421838	2025-10-16 09:21:07.421838
535	site_settings/1760606571575-76555322_biyith	medicaloncaloguy_smallerbaneer.svg	https://res.cloudinary.com/dl7etn5bx/image/upload/v1760606574/site_settings/1760606571575-76555322_biyith.svg	https://res.cloudinary.com/dl7etn5bx/image/upload/v1760606574/site_settings/1760606571575-76555322_biyith.svg	image	image/svg+xml	2871666	\N	\N	\N	\N	\N	\N	2025-10-16 09:22:56.043174	2025-10-16 09:22:56.043174
536	site_settings/1760606582489-386867960_hohuok	medicaloncalogy_bgimage.svg	https://res.cloudinary.com/dl7etn5bx/image/upload/v1760606584/site_settings/1760606582489-386867960_hohuok.svg	https://res.cloudinary.com/dl7etn5bx/image/upload/v1760606584/site_settings/1760606582489-386867960_hohuok.svg	image	image/svg+xml	2871697	\N	\N	\N	\N	\N	\N	2025-10-16 09:23:05.037648	2025-10-16 09:23:05.037648
537	site_settings/1760606805162-235276496_ftmc4o	Dr.svg	https://res.cloudinary.com/dl7etn5bx/image/upload/v1760606806/site_settings/1760606805162-235276496_ftmc4o.svg	https://res.cloudinary.com/dl7etn5bx/image/upload/v1760606806/site_settings/1760606805162-235276496_ftmc4o.svg	image	image/svg+xml	1503508	\N	\N	\N	\N	\N	\N	2025-10-16 09:26:47.640016	2025-10-16 09:26:47.640016
538	site_settings/1760606814743-887928454_g5oo4b	Ramaiah_Oncosciences_background_baner.svg	https://res.cloudinary.com/dl7etn5bx/image/upload/v1760606817/site_settings/1760606814743-887928454_g5oo4b.svg	https://res.cloudinary.com/dl7etn5bx/image/upload/v1760606817/site_settings/1760606814743-887928454_g5oo4b.svg	image	image/svg+xml	4758090	\N	\N	\N	\N	\N	\N	2025-10-16 09:26:58.922372	2025-10-16 09:26:58.922372
539	site_settings/1760606845892-248325214_y0xylp	Surgical Oncology_smaller_bener.svg	https://res.cloudinary.com/dl7etn5bx/image/upload/v1760606847/site_settings/1760606845892-248325214_y0xylp.svg	https://res.cloudinary.com/dl7etn5bx/image/upload/v1760606847/site_settings/1760606845892-248325214_y0xylp.svg	image	image/svg+xml	2980915	\N	\N	\N	\N	\N	\N	2025-10-16 09:27:28.79136	2025-10-16 09:27:28.79136
540	site_settings/1760606875584-153707502_jsxfad	Surgical Oncology_bg.svg	https://res.cloudinary.com/dl7etn5bx/image/upload/v1760606878/site_settings/1760606875584-153707502_jsxfad.svg	https://res.cloudinary.com/dl7etn5bx/image/upload/v1760606878/site_settings/1760606875584-153707502_jsxfad.svg	image	image/svg+xml	2980948	\N	\N	\N	\N	\N	\N	2025-10-16 09:28:00.535475	2025-10-16 09:28:00.535475
541	site_settings/1760614181136-810403497_q5iura	Surgical Oncology_bg.svg	https://res.cloudinary.com/dl7etn5bx/image/upload/v1760614186/site_settings/1760614181136-810403497_q5iura.svg	https://res.cloudinary.com/dl7etn5bx/image/upload/v1760614186/site_settings/1760614181136-810403497_q5iura.svg	image	image/svg+xml	2980948	\N	\N	\N	\N	\N	\N	2025-10-16 11:29:47.716667	2025-10-16 11:29:47.716667
542	site_settings/1760614184870-308018554_ih4e0o	Surgical Oncology_smaller_bener.svg	https://res.cloudinary.com/dl7etn5bx/image/upload/v1760614187/site_settings/1760614184870-308018554_ih4e0o.svg	https://res.cloudinary.com/dl7etn5bx/image/upload/v1760614187/site_settings/1760614184870-308018554_ih4e0o.svg	image	image/svg+xml	2980915	\N	\N	\N	\N	\N	\N	2025-10-16 11:29:48.09667	2025-10-16 11:29:48.09667
543	site_settings/1760614205974-117572263_u7ogj1	MedicaloncologyDr.svg	https://res.cloudinary.com/dl7etn5bx/image/upload/v1760614207/site_settings/1760614205974-117572263_u7ogj1.svg	https://res.cloudinary.com/dl7etn5bx/image/upload/v1760614207/site_settings/1760614205974-117572263_u7ogj1.svg	image	image/svg+xml	2508473	\N	\N	\N	\N	\N	\N	2025-10-16 11:30:08.799119	2025-10-16 11:30:08.799119
544	site_settings/1760614285838-592927906_sviaxe	Surgical Oncology_bg.svg	https://res.cloudinary.com/dl7etn5bx/image/upload/v1760614287/site_settings/1760614285838-592927906_sviaxe.svg	https://res.cloudinary.com/dl7etn5bx/image/upload/v1760614287/site_settings/1760614285838-592927906_sviaxe.svg	image	image/svg+xml	2980948	\N	\N	\N	\N	\N	\N	2025-10-16 11:31:28.905185	2025-10-16 11:31:28.905185
545	site_settings/1760614295290-235334243_jh6ls5	medicaloncalogy_bgimage.svg	https://res.cloudinary.com/dl7etn5bx/image/upload/v1760614297/site_settings/1760614295290-235334243_jh6ls5.svg	https://res.cloudinary.com/dl7etn5bx/image/upload/v1760614297/site_settings/1760614295290-235334243_jh6ls5.svg	image	image/svg+xml	2871697	\N	\N	\N	\N	\N	\N	2025-10-16 11:31:38.637927	2025-10-16 11:31:38.637927
546	site_settings/1760614475495-921992574_qxflw4	medicaloncaloguy_smallerbaneer.svg	https://res.cloudinary.com/dl7etn5bx/image/upload/v1760614477/site_settings/1760614475495-921992574_qxflw4.svg	https://res.cloudinary.com/dl7etn5bx/image/upload/v1760614477/site_settings/1760614475495-921992574_qxflw4.svg	image	image/svg+xml	2871666	\N	\N	\N	\N	\N	\N	2025-10-16 11:34:38.594472	2025-10-16 11:34:38.594472
547	site_settings/1760614485661-290444684_xqjui6	Surgical Oncology_bg.svg	https://res.cloudinary.com/dl7etn5bx/image/upload/v1760614488/site_settings/1760614485661-290444684_xqjui6.svg	https://res.cloudinary.com/dl7etn5bx/image/upload/v1760614488/site_settings/1760614485661-290444684_xqjui6.svg	image	image/svg+xml	2980948	\N	\N	\N	\N	\N	\N	2025-10-16 11:34:49.774081	2025-10-16 11:34:49.774081
548	site_settings/1760702559668-792852342_hanhjp	image-3.png	https://res.cloudinary.com/dl7etn5bx/image/upload/v1760702561/site_settings/1760702559668-792852342_hanhjp.png	https://res.cloudinary.com/dl7etn5bx/image/upload/v1760702561/site_settings/1760702559668-792852342_hanhjp.png	image	image/png	157986	\N	\N	\N	\N	\N	\N	2025-10-17 12:02:44.114837	2025-10-17 12:02:44.114837
549	site_settings/1760703109877-927955791_jkhjfc	image-13.png	https://res.cloudinary.com/dl7etn5bx/image/upload/v1760703110/site_settings/1760703109877-927955791_jkhjfc.png	https://res.cloudinary.com/dl7etn5bx/image/upload/v1760703110/site_settings/1760703109877-927955791_jkhjfc.png	image	image/png	133982	\N	\N	\N	\N	\N	\N	2025-10-17 12:11:52.826615	2025-10-17 12:11:52.826615
550	site_settings/1760703196520-94298154_ebhz0g	image-12.png	https://res.cloudinary.com/dl7etn5bx/image/upload/v1760703197/site_settings/1760703196520-94298154_ebhz0g.png	https://res.cloudinary.com/dl7etn5bx/image/upload/v1760703197/site_settings/1760703196520-94298154_ebhz0g.png	image	image/png	86143	\N	\N	\N	\N	\N	\N	2025-10-17 12:13:19.669931	2025-10-17 12:13:19.669931
551	site_settings/1760703675384-890583287_mnel0u	image-11.png	https://res.cloudinary.com/dl7etn5bx/image/upload/v1760703677/site_settings/1760703675384-890583287_mnel0u.png	https://res.cloudinary.com/dl7etn5bx/image/upload/v1760703677/site_settings/1760703675384-890583287_mnel0u.png	image	image/png	154453	\N	\N	\N	\N	\N	\N	2025-10-17 12:21:19.910348	2025-10-17 12:21:19.910348
552	site_settings/1760703753217-961073763_g2wcwy	image-9.png	https://res.cloudinary.com/dl7etn5bx/image/upload/v1760703754/site_settings/1760703753217-961073763_g2wcwy.png	https://res.cloudinary.com/dl7etn5bx/image/upload/v1760703754/site_settings/1760703753217-961073763_g2wcwy.png	image	image/png	161771	\N	\N	\N	\N	\N	\N	2025-10-17 12:22:36.337475	2025-10-17 12:22:36.337475
553	site_settings/1760703820749-340647371_iyev4y	image-10.png	https://res.cloudinary.com/dl7etn5bx/image/upload/v1760703821/site_settings/1760703820749-340647371_iyev4y.png	https://res.cloudinary.com/dl7etn5bx/image/upload/v1760703821/site_settings/1760703820749-340647371_iyev4y.png	image	image/png	147067	\N	\N	\N	\N	\N	\N	2025-10-17 12:23:43.774903	2025-10-17 12:23:43.774903
554	site_settings/1760704222800-294177403_rjfdgl	image-7.png	https://res.cloudinary.com/dl7etn5bx/image/upload/v1760704224/site_settings/1760704222800-294177403_rjfdgl.png	https://res.cloudinary.com/dl7etn5bx/image/upload/v1760704224/site_settings/1760704222800-294177403_rjfdgl.png	image	image/png	127426	\N	\N	\N	\N	\N	\N	2025-10-17 12:30:26.490605	2025-10-17 12:30:26.490605
555	site_settings/1760704279680-920028921_qsyotr	image-6.png	https://res.cloudinary.com/dl7etn5bx/image/upload/v1760704281/site_settings/1760704279680-920028921_qsyotr.png	https://res.cloudinary.com/dl7etn5bx/image/upload/v1760704281/site_settings/1760704279680-920028921_qsyotr.png	image	image/png	177231	\N	\N	\N	\N	\N	\N	2025-10-17 12:31:23.091955	2025-10-17 12:31:23.091955
556	site_settings/1760704344573-738878979_vm48at	image-5.png	https://res.cloudinary.com/dl7etn5bx/image/upload/v1760704345/site_settings/1760704344573-738878979_vm48at.png	https://res.cloudinary.com/dl7etn5bx/image/upload/v1760704345/site_settings/1760704344573-738878979_vm48at.png	image	image/png	117115	\N	\N	\N	\N	\N	\N	2025-10-17 12:32:27.851686	2025-10-17 12:32:27.851686
557	site_settings/1760704390282-792550279_ppqb2z	image-4.png	https://res.cloudinary.com/dl7etn5bx/image/upload/v1760704391/site_settings/1760704390282-792550279_ppqb2z.png	https://res.cloudinary.com/dl7etn5bx/image/upload/v1760704391/site_settings/1760704390282-792550279_ppqb2z.png	image	image/png	109740	\N	\N	\N	\N	\N	\N	2025-10-17 12:33:13.501247	2025-10-17 12:33:13.501247
558	site_settings/1760704448007-809459653_v0iec1	image-1.png	https://res.cloudinary.com/dl7etn5bx/image/upload/v1760704449/site_settings/1760704448007-809459653_v0iec1.png	https://res.cloudinary.com/dl7etn5bx/image/upload/v1760704449/site_settings/1760704448007-809459653_v0iec1.png	image	image/png	161201	\N	\N	\N	\N	\N	\N	2025-10-17 12:34:11.577908	2025-10-17 12:34:11.577908
559	site_settings/1760704502283-208132766_ybsxp2	image.png	https://res.cloudinary.com/dl7etn5bx/image/upload/v1760704503/site_settings/1760704502283-208132766_ybsxp2.png	https://res.cloudinary.com/dl7etn5bx/image/upload/v1760704503/site_settings/1760704502283-208132766_ybsxp2.png	image	image/png	152881	\N	\N	\N	\N	\N	\N	2025-10-17 12:35:05.373907	2025-10-17 12:35:05.373907
560	site_settings/1761556977205-8978866_nqtsi1	In-affiliation-with.svg	https://res.cloudinary.com/dl7etn5bx/image/upload/v1761556978/site_settings/1761556977205-8978866_nqtsi1.svg	https://res.cloudinary.com/dl7etn5bx/image/upload/v1761556978/site_settings/1761556977205-8978866_nqtsi1.svg	image	image/svg+xml	202019	\N	\N	\N	\N	\N	\N	2025-10-27 09:23:00.216117	2025-10-27 09:23:00.216117
561	site_settings/1761564233300-597988241_lxasyz	pexels-dreamypixel-547115.jpg	https://res.cloudinary.com/dl7etn5bx/image/upload/v1761564236/site_settings/1761564233300-597988241_lxasyz.jpg	https://res.cloudinary.com/dl7etn5bx/image/upload/v1761564236/site_settings/1761564233300-597988241_lxasyz.jpg	image	image/jpeg	1360143	\N	\N	\N	\N	\N	\N	2025-10-27 11:23:56.971804	2025-10-27 11:23:56.971804
562	site_settings/1761564244169-57375967_omqwjz	pexels-asadphoto-1450360.jpg	https://res.cloudinary.com/dl7etn5bx/image/upload/v1761564246/site_settings/1761564244169-57375967_omqwjz.jpg	https://res.cloudinary.com/dl7etn5bx/image/upload/v1761564246/site_settings/1761564244169-57375967_omqwjz.jpg	image	image/jpeg	4335903	\N	\N	\N	\N	\N	\N	2025-10-27 11:24:07.080121	2025-10-27 11:24:07.080121
563	site_settings/1761649419212-838591799_n9ilmv	Search.svg	https://res.cloudinary.com/dl7etn5bx/image/upload/v1761649419/site_settings/1761649419212-838591799_n9ilmv.svg	https://res.cloudinary.com/dl7etn5bx/image/upload/v1761649419/site_settings/1761649419212-838591799_n9ilmv.svg	image	image/svg+xml	841	\N	\N	\N	\N	\N	\N	2025-10-28 11:03:40.428462	2025-10-28 11:03:40.428462
564	site_settings/1761652030009-458291912_ur8ul1	Search.svg	https://res.cloudinary.com/dl7etn5bx/image/upload/v1761652030/site_settings/1761652030009-458291912_ur8ul1.svg	https://res.cloudinary.com/dl7etn5bx/image/upload/v1761652030/site_settings/1761652030009-458291912_ur8ul1.svg	image	image/svg+xml	841	\N	\N	\N	\N	\N	\N	2025-10-28 11:47:11.440614	2025-10-28 11:47:11.440614
565	site_settings/1761652048091-798744969_i1noem	Ramaiah_Memorial_Hospital_logo.svg	https://res.cloudinary.com/dl7etn5bx/image/upload/v1761652049/site_settings/1761652048091-798744969_i1noem.svg	https://res.cloudinary.com/dl7etn5bx/image/upload/v1761652049/site_settings/1761652048091-798744969_i1noem.svg	image	image/svg+xml	168627	\N	\N	\N	\N	\N	\N	2025-10-28 11:47:29.811343	2025-10-28 11:47:29.811343
566	site_settings/1761652730339-173783253_ffalch	Search.svg	https://res.cloudinary.com/dl7etn5bx/image/upload/v1761652731/site_settings/1761652730339-173783253_ffalch.svg	https://res.cloudinary.com/dl7etn5bx/image/upload/v1761652731/site_settings/1761652730339-173783253_ffalch.svg	image	image/svg+xml	841	\N	\N	\N	\N	\N	\N	2025-10-28 11:58:51.97853	2025-10-28 11:58:51.97853
567	site_settings/1761830387270-502833199_iw52du	Dr.png	https://res.cloudinary.com/dl7etn5bx/image/upload/v1761830390/site_settings/1761830387270-502833199_iw52du.png	https://res.cloudinary.com/dl7etn5bx/image/upload/v1761830390/site_settings/1761830387270-502833199_iw52du.png	image	image/png	496089	\N	\N	\N	\N	\N	\N	2025-10-30 13:19:53.137105	2025-10-30 13:19:53.137105
568	site_settings/1761830440397-650357294_u24ror	b54502fed67707755bc2b6087b68daca88f7aedc.png	https://res.cloudinary.com/dl7etn5bx/image/upload/v1761830443/site_settings/1761830440397-650357294_u24ror.png	https://res.cloudinary.com/dl7etn5bx/image/upload/v1761830443/site_settings/1761830440397-650357294_u24ror.png	image	image/png	1306754	\N	\N	\N	\N	\N	\N	2025-10-30 13:20:46.53558	2025-10-30 13:20:46.53558
569	site_settings/1761830440397-650357294_u24ror	NuclearMedicine.png	https://res.cloudinary.com/dl7etn5bx/image/upload/v1761830443/site_settings/1761830440397-650357294_u24ror.png	https://res.cloudinary.com/dl7etn5bx/image/upload/v1761830443/site_settings/1761830440397-650357294_u24ror.png	image	image/svg+xml	2508473	\N	\N	\N	\N	\N	\N	2025-10-16 06:55:22.954054	2025-10-30 13:26:46.521085
570	site_settings/1760597719859-592581904_ll57he	HometoOncology.png	https://res.cloudinary.com/dl7etn5bx/image/upload/v1761830390/site_settings/1761830387270-502833199_iw52du.png 	https://res.cloudinary.com/dl7etn5bx/image/upload/v1761830390/site_settings/1761830387270-502833199_iw52du.png 	image	image/svg+xml	2508473	\N	\N	\N	\N	\N	\N	2025-10-16 06:55:22.954054	2025-10-30 13:26:46.521085
602	site_settings/1762424768497-431663794_khqgsg	5805929_Coll_wavebreak_Neurology_3840x2160 (6).png	https://res.cloudinary.com/dl7etn5bx/image/upload/v1762424773/site_settings/1762424768497-431663794_khqgsg.png	https://res.cloudinary.com/dl7etn5bx/image/upload/v1762424773/site_settings/1762424768497-431663794_khqgsg.png	image	image/png	465766	\N	\N	\N	\N	\N	\N	2025-11-06 10:26:16.369277	2025-11-06 10:26:16.369277
603	site_settings/1762425013364-34869620_tzubuv	Radiation_Back.png	https://res.cloudinary.com/dl7etn5bx/image/upload/v1762425018/site_settings/1762425013364-34869620_tzubuv.png	https://res.cloudinary.com/dl7etn5bx/image/upload/v1762425018/site_settings/1762425013364-34869620_tzubuv.png	image	image/png	1392993	\N	\N	\N	\N	\N	\N	2025-11-06 10:30:21.247266	2025-11-06 10:30:21.247266
604	site_settings/1762425329556-575086231_fdvx7r	DRRR.png	https://res.cloudinary.com/dl7etn5bx/image/upload/v1762425334/site_settings/1762425329556-575086231_fdvx7r.png	https://res.cloudinary.com/dl7etn5bx/image/upload/v1762425334/site_settings/1762425329556-575086231_fdvx7r.png	image	image/png	523806	\N	\N	\N	\N	\N	\N	2025-11-06 10:35:37.208382	2025-11-06 10:35:37.208382
605	site_settings/1762426833866-264489394_h83hvm	image.png	https://res.cloudinary.com/dl7etn5bx/image/upload/v1762426838/site_settings/1762426833866-264489394_h83hvm.png	https://res.cloudinary.com/dl7etn5bx/image/upload/v1762426838/site_settings/1762426833866-264489394_h83hvm.png	image	image/png	254169	\N	\N	\N	\N	\N	\N	2025-11-06 11:00:41.656975	2025-11-06 11:00:41.656975
606	site_settings/1762432782019-197636298_eqhrpx	image_lady_doc.png	https://res.cloudinary.com/dl7etn5bx/image/upload/v1762432786/site_settings/1762432782019-197636298_eqhrpx.png	https://res.cloudinary.com/dl7etn5bx/image/upload/v1762432786/site_settings/1762432782019-197636298_eqhrpx.png	image	image/png	378730	\N	\N	\N	\N	\N	\N	2025-11-06 12:39:49.298501	2025-11-06 12:39:49.298501
\.


--
-- TOC entry 5358 (class 0 OID 17167)
-- Dependencies: 247
-- Data for Name: navigation_item_pages; Type: TABLE DATA; Schema: public; Owner: postgres
--

COPY public.navigation_item_pages (id, navigation_item_id, page_id, display_order, created_at, updated_at) FROM stdin;
3	50	11	1	2025-09-19 06:52:53	2025-09-19 07:19:23
\.


--
-- TOC entry 5360 (class 0 OID 17173)
-- Dependencies: 249
-- Data for Name: navigation_items; Type: TABLE DATA; Schema: public; Owner: postgres
--

COPY public.navigation_items (id, menu_id, parent_id, title, slug, page_id, specialty_id, target, icon_class, display_order, is_active, status, created_at, updated_at) FROM stdin;
1	1	\N	Home	home	1	\N	_self	\N	1	t	t	2025-09-11 06:44:07	2025-09-23 07:09:12
2	1	\N	About Us	about	2	\N	_self	\N	2	t	t	2025-09-11 06:44:07	2025-09-23 07:08:50
3	1	\N	Our Specialties	specialties	7	\N	_self	\N	3	t	t	2025-09-11 06:44:07	2025-09-23 07:09:08
4	1	\N	International Patient Care	international-patient-care	4	\N	_self	\N	4	t	t	2025-09-11 06:44:07	2025-09-23 07:09:35
5	1	\N	Careers	careers	5	\N	_self	\N	5	t	t	2025-09-11 06:44:07	2025-09-23 07:09:41
6	1	\N	Contact Us	contact	3	\N	_self	\N	7	t	t	2025-09-11 06:44:07	2025-09-23 07:10:05
34	1	5	Send Your Resume	send-your-resume	\N	\N	_self	\N	0	t	t	2025-09-18 13:26:51	2025-09-23 07:10:59
35	1	5	Work With US	work-with-us	\N	\N	_self	\N	0	t	t	2025-09-18 13:29:29	2025-09-23 07:11:14
36	1	5	Advance Learning Center (ALC)	advance-learning-center	\N	\N	_self	\N	0	t	t	2025-09-19 04:28:53	2025-09-19 04:28:53
37	1	5	Fellowship Programme	fellowship-programme	\N	\N	_self	\N	0	t	t	2025-09-19 04:29:30	2025-09-19 04:29:30
50	1	3	Centers of Excellence	centers-of-excellence	\N	\N	_self	\N	1	t	t	2025-09-19 06:50:22	2025-09-23 07:12:05
54	1	3	Other Super Specialties	other-super-specialties	\N	\N	_self	\N	2	t	t	2025-09-19 07:14:36	2025-09-23 07:12:25
55	1	3	Broad Specialties	broad-specialties	\N	\N	_self	\N	3	t	t	2025-09-19 07:14:54	2025-09-23 07:12:38
59	1	2	About Hospital	about-hospital	\N	\N	_self	\N	0	t	t	2025-09-19 09:01:55	2025-09-23 07:13:01
60	1	2	About Group	about-group	\N	\N	_self	\N	0	t	t	2025-09-19 09:02:09	2025-09-23 07:13:21
7	1	\N	#What's New	whatsnew	6	\N	_self	\N	6	t	t	2025-09-11 06:44:07	2025-10-30 11:02:07.604312
66	1	54	Radiology and Interventional Radiology	radiology-and-interventional-radiology	\N	\N	_self	\N	8	t	t	2025-09-19 09:06:20	2025-10-08 10:19:44.515129
67	1	54	Plastic, Aesthetic & Reconstructive Sciences	plastic-surgery	\N	\N	_self	\N	7	t	t	2025-09-19 09:06:32	2025-10-08 10:19:44.515129
68	1	54	Ramaiah Center for Robotic Surgery	ramaiah-center-for-robotic-surgery	\N	\N	_self	\N	6	t	t	2025-09-19 09:06:42	2025-10-08 10:19:44.515129
69	1	54	Rheumatology & Clinical Immunology	rheumatology-clinical-immunology	\N	\N	_self	\N	5	t	t	2025-09-19 09:06:53	2025-10-08 10:19:44.515129
70	1	54	Vascular & Endovascular Surgery	vascular-endovascular-surgery	\N	\N	_self	\N	4	t	t	2025-09-19 09:07:51	2025-10-08 10:19:44.515129
74	1	55	Accident & Emergency	accident-emergency	\N	\N	_self	\N	1	t	t	2025-09-19 09:10:59	2025-10-08 10:23:47.40046
75	1	55	Dental Surgery	dental-surgery	\N	\N	_self	\N	2	t	t	2025-09-19 09:11:11	2025-10-08 10:23:47.40046
76	1	55	General Surgery	general-surgery	\N	\N	_self	\N	3	t	t	2025-09-19 09:11:23	2025-10-08 10:23:47.40046
77	1	55	Paediatrics	paediatrics	\N	\N	_self	\N	4	t	t	2025-09-19 09:11:33	2025-10-08 10:23:47.40046
78	1	55	Anaesthesiology	anaesthesiology	\N	\N	_self	\N	5	t	t	2025-09-19 09:11:42	2025-10-08 10:23:47.40046
79	1	55	Dermatology & Cosmetology	dermatology-cosmetology	\N	\N	_self	\N	6	t	t	2025-09-19 09:11:52	2025-10-08 10:23:47.40046
80	1	55	Obstetrics & Gynecology	obstetrics-gynecology	\N	\N	_self	\N	7	t	t	2025-09-19 09:12:01	2025-10-08 10:23:47.40046
81	1	55	Pain and Palliative care	pain-palliative-care	\N	\N	_self	\N	8	t	t	2025-09-19 09:12:11	2025-10-08 10:23:47.40046
82	1	55	Center For Rehabilitation	center-for-rehabilitation	\N	\N	_self	\N	9	t	t	2025-09-19 09:12:23	2025-10-08 10:23:47.40046
95	1	65	Cardiology	cardiology	\N	\N	_self	\N	1	t	t	2025-09-19 09:20:09	2025-10-08 10:26:37.29999
96	1	65	Cardiovascular & Thoracic Surgery	cardiothoracic-surgery	\N	\N	_self	\N	2	t	t	2025-09-19 09:20:18	2025-10-08 10:26:37.29999
97	1	65	Heart & Lungs Transplantation	heart-failure-clinic	\N	\N	_self	\N	3	t	t	2025-09-19 09:20:30	2025-10-08 10:26:37.29999
98	1	95	Pacemaker Clinic	pacemaker-clinic	\N	\N	_self	\N	1	t	t	2025-09-19 09:20:52	2025-10-08 10:27:04.449036
99	1	95	Arrhythmia Clinic	arrhythmia-clinic	\N	\N	_self	\N	2	t	t	2025-09-19 09:21:06	2025-10-08 10:27:04.449036
100	1	95	Heart Failure Clinic	heart-failure-clinic	\N	\N	_self	\N	3	t	t	2025-09-19 09:21:15	2025-10-08 10:27:04.449036
101	1	63	Neurology	neurology	\N	\N	_self	\N	1	t	t	2025-09-19 09:25:37	2025-10-08 10:27:42.150119
102	1	63	Neurosurgery	neurosurgery	\N	\N	_self	\N	2	t	t	2025-09-19 09:25:56	2025-10-08 10:27:42.150119
103	1	101	Stroke Management	stroke-management	\N	\N	_self	\N	1	t	t	2025-09-19 09:26:41	2025-10-08 10:28:51.034828
104	1	101	Dementia Clinic	dementia-clinic	\N	\N	_self	\N	2	t	t	2025-09-19 09:26:50	2025-10-08 10:28:51.034828
105	1	101	Epilepsy Clinic	epilepsy-clinic	\N	\N	_self	\N	3	t	t	2025-09-19 09:26:59	2025-10-08 10:28:51.034828
106	1	101	Movement Disorders Clinic	movement-disorders-clinic	\N	\N	_self	\N	4	t	t	2025-09-19 09:27:10	2025-10-08 10:28:51.034828
107	1	102	Brain Tumors	brain-tumors	\N	\N	_self	\N	1	t	t	2025-09-19 09:27:45	2025-10-08 10:30:48.984451
108	1	102	Epilepsy Surgery	epilepsy-surgery	\N	\N	_self	\N	2	t	t	2025-09-19 09:27:54	2025-10-08 10:30:48.984451
109	1	102	Neurospine Surgery	neurospine-surgery	\N	\N	_self	\N	3	t	t	2025-09-19 09:28:02	2025-10-08 10:30:48.984451
110	1	102	DBS Surgery for Parkinson\\'s Disease	dbs-surgery-for-parkinsons-disease	\N	\N	_self	\N	4	t	t	2025-09-19 09:28:11	2025-10-08 10:31:10.058627
111	1	62	Urology	urology	\N	\N	_self	\N	1	t	t	2025-09-19 09:30:32	2025-10-08 10:32:17.301895
90	1	64	Medical Oncology	medical-oncology	9	\N	_self	\N	1	t	t	2025-09-19 09:16:35	2025-10-14 09:12:36.584291
91	1	64	Surgical Oncology	surgical-oncology	21	\N	_self	\N	2	t	t	2025-09-19 09:16:43	2025-10-15 09:18:56.287654
92	1	64	Radiation Oncology	radiation-oncology	22	\N	_self	\N	3	t	t	2025-09-19 09:16:52	2025-10-15 09:20:47.548761
93	1	64	Hematooncology & BMT	hemato-oncology	23	\N	_self	\N	4	t	t	2025-09-19 09:17:04	2025-10-15 09:20:47.548761
94	1	64	Nuclear Medicine	nuclear-medicine	24	\N	_self	\N	5	t	t	2025-09-19 09:17:16	2025-10-15 09:20:47.548761
61	1	50	Ramaiah Institute of Gastro Enteric Sciences	ramaiah-institute-gastro-enteric-sciences	\N	\N	_self	\N	5	t	t	2025-09-19 09:03:55	2025-10-08 10:13:53.929918
62	1	50	Ramaiah Institute of Nephro-Uro Sciences	ramaiah-institute-nephro-uro-sciences	\N	\N	_self	\N	4	t	t	2025-09-19 09:04:10	2025-10-08 10:13:53.929918
63	1	50	Ramaiah Institute of Neuro Sciences	ramaiah-institute-neuro-sciences	\N	\N	_self	\N	3	t	t	2025-09-19 09:04:24	2025-10-08 10:13:53.929918
64	1	50	Ramaiah Institute of Oncosciences	ramaiah-institute-oncosciences	8	\N	_self	\N	2	t	t	2025-09-19 09:04:36	2025-10-08 10:13:53.929918
65	1	50	Ramaiah Institute of Cardiac Sciences	cardiac-sciences	\N	\N	_self	\N	1	t	t	2025-09-19 09:04:56	2025-10-08 10:13:53.929918
71	1	54	Paediatric Surgery	paediatric-surgery	\N	\N	_self	\N	3	t	t	2025-09-19 09:09:18	2025-10-08 10:19:44.515129
72	1	54	Neonatology	neonatology	\N	\N	_self	\N	2	t	t	2025-09-19 09:09:28	2025-10-08 10:19:44.515129
73	1	54	Endocrinology	endocrinology	\N	\N	_self	\N	1	t	t	2025-09-19 09:09:41	2025-10-08 10:19:44.515129
83	1	55	ENT	ent	\N	\N	_self	\N	10	t	t	2025-09-19 09:12:32	2025-10-08 10:23:47.40046
84	1	55	Ophthalmology	ophthalmology	\N	\N	_self	\N	11	t	t	2025-09-19 09:13:21	2025-10-08 10:23:47.40046
85	1	55	Psychiatry	psychiatry	\N	\N	_self	\N	12	t	t	2025-09-19 09:14:13	2025-10-08 10:23:47.40046
86	1	55	Critical Care Medicine	critical-care-medicine	\N	\N	_self	\N	13	t	t	2025-09-19 09:14:27	2025-10-08 10:23:47.40046
87	1	55	General Medicine	general-medicine	\N	\N	_self	\N	14	t	t	2025-09-19 09:14:38	2025-10-08 10:23:47.40046
88	1	55	Orthopaedics	orthopaedics	\N	\N	_self	\N	15	t	t	2025-09-19 09:14:49	2025-10-08 10:23:47.40046
89	1	55	Pulmonary & Critical Care	pulmonary-critical-care	\N	\N	_self	\N	16	t	t	2025-09-19 09:15:03	2025-10-08 10:23:47.40046
112	1	62	Andrology	andrology	\N	\N	_self	\N	2	t	t	2025-09-19 09:30:40	2025-10-08 10:32:17.301895
113	1	62	Nephrology	nephrology	\N	\N	_self	\N	3	t	t	2025-09-19 09:30:50	2025-10-08 10:32:17.301895
114	1	62	Kidney Transplantation	kidney-transplantation	\N	\N	_self	\N	4	t	t	2025-09-19 09:30:59	2025-10-08 10:32:17.301895
115	1	61	Medical Gastroenterology	medical-gastroenterology	\N	\N	_self	\N	1	t	t	2025-09-19 09:32:40	2025-10-08 10:32:53.228349
116	1	61	Surgical Gastroenterology	surgical-gastroenterology	\N	\N	_self	\N	2	t	t	2025-09-19 09:32:50	2025-10-08 10:32:53.228349
117	1	61	Liver Transplantation	liver-transplantation	\N	\N	_self	\N	3	t	t	2025-09-19 09:33:01	2025-10-08 10:32:53.228349
118	1	7	RMH Events	rmh-events	\N	\N	_self	\N	1	t	t	2025-09-19 09:35:54	2025-10-08 10:33:34.601606
119	1	7	Press Releases	press-releases	\N	\N	_self	\N	2	t	t	2025-09-19 09:36:04	2025-10-08 10:33:34.601606
120	1	7	Media Gallery	media-gallery	\N	\N	_self	\N	3	t	t	2025-09-19 09:36:14	2025-10-08 10:33:34.601606
121	1	7	Blogs	blogs	\N	\N	_self	\N	4	t	t	2025-09-19 09:36:23	2025-10-08 10:33:34.601606
\.


--
-- TOC entry 5362 (class 0 OID 17186)
-- Dependencies: 251
-- Data for Name: navigation_menus; Type: TABLE DATA; Schema: public; Owner: postgres
--

COPY public.navigation_menus (id, name, slug, location, is_active, created_at, updated_at) FROM stdin;
1	Main Header Menu	main-header-menu	header	t	2025-09-08 09:52:30	2025-09-19 11:08:05
2	Footer Quick Links	footer-quick-links	footer	t	2025-09-08 09:52:30	2025-09-19 11:08:14
3	Footer Specialties	footer-specialities	footer	t	2025-09-08 09:52:30	2025-09-19 11:08:40
4	Footer Patient Care	footer-patient-care	footer	t	2025-09-08 09:52:30	2025-09-19 11:08:50
5	Footer Information	footer-information	footer	t	2025-09-08 09:52:30	2025-09-19 11:08:58
\.


--
-- TOC entry 5364 (class 0 OID 17194)
-- Dependencies: 253
-- Data for Name: pages; Type: TABLE DATA; Schema: public; Owner: postgres
--

COPY public.pages (id, slug, title, meta_title, meta_description, meta_keywords, page_type, is_active, is_published, published_at, created_by, created_at, updated_at) FROM stdin;
1	home	Home Page	Ramaiah Hospital - Home	Welcome to Ramaiah Hospital - Your trusted healthcare partner	\N	home	t	t	2025-09-08 09:52:30	\N	2025-09-08 09:52:30	2025-09-08 09:52:30
2	about	About Us	About Ramaiah Hospital	Learn about our legacy and commitment to healthcare excellence	\N	about	t	f	\N	\N	2025-09-08 09:52:30	2025-09-08 09:52:30
3	contact	Contact Us	Contact Ramaiah Hospital	Get in touch with us for appointments and inquiries	\N	contact	t	f	\N	\N	2025-09-08 09:52:30	2025-09-08 09:52:30
4	international-patient-care	International Patient Care	international-patient-care	\N	\N	custom	t	f	\N	1	2025-09-17 11:02:47	2025-09-17 11:02:47
5	careers	Careers	Careers	\N	\N	custom	t	f	\N	1	2025-09-17 11:04:48	2025-09-17 11:04:48
6	whats-new	#What\\'s New	#What\\'s New	\N	\N	custom	t	f	\N	1	2025-09-17 11:06:05	2025-09-17 11:06:05
7	our-specialist	Our Specialist	Our Specialist	\N	\N	custom	t	f	\N	1	2025-09-17 11:11:20	2025-09-17 11:11:20
8	ramaiah-institute-oncosciences	Ramaiah Institute of Oncosciences	Ramaiah Institute of Oncosciences	\N	\N	custom	t	f	\N	1	2025-09-17 11:32:53	2025-09-17 11:32:53
9	medical-oncology	Medical Oncology	Medical Oncology	\N	\N	custom	t	f	\N	1	2025-09-17 11:44:28	2025-09-17 11:44:28
10	cardiac-sciences	Ramaiah Institute of Cardiac Sciences	Ramaiah Institute of Cardiac Sciences	\N	\N	custom	t	f	\N	1	2025-09-18 10:26:49	2025-09-18 10:26:49
11	ramaiah-institute-neuro-sciences	Ramaiah Institute of Neuro Sciences	Ramaiah Institute of Neuro Sciences	\N	\N	custom	t	f	\N	1	2025-09-18 10:27:34	2025-09-18 10:27:34
12	ramaiah-institute-nephro-uro-sciences	Ramaiah Institute of Nephro-Uro Sciences	Ramaiah Institute of Nephro-Uro Sciences	\N	\N	custom	t	f	\N	1	2025-09-18 10:28:38	2025-09-18 10:28:38
13	ramaiah-institute-gastro-enteric-sciences	Ramaiah Institute of Gastro Enteric Sciences	Ramaiah Institute of Gastro Enteric Sciences	\N	\N	custom	t	f	\N	1	2025-09-18 10:29:25	2025-09-18 10:29:25
14	endocrinology	Endocrinology	Endocrinology	\N	\N	custom	t	f	\N	1	2025-09-18 10:30:27	2025-09-18 10:30:27
15	neonatology	Neonatology	Neonatology	\N	\N	custom	t	f	\N	1	2025-09-18 10:30:54	2025-09-18 10:30:54
16	paediatric-surgery	Paediatric Surgery	Paediatric Surgery	\N	\N	custom	t	f	\N	1	2025-09-18 10:31:22	2025-09-18 10:31:22
17	vascular-endovascular-surgery	Vascular & Endovascular Surgery	Vascular & Endovascular Surgery	\N	\N	custom	t	f	\N	1	2025-09-18 10:31:59	2025-09-18 10:31:59
18	rheumatology-clinical-immunology	Rheumatology & Clinical Immunology	Rheumatology & Clinical Immunology	\N	\N	custom	t	f	\N	1	2025-09-18 10:32:49	2025-09-18 10:32:49
19	ramaiah-center-for-robotic-surgery	Ramaiah Center for Robotic Surgery	Ramaiah Center for Robotic Surgery	\N	\N	custom	t	f	\N	1	2025-09-18 10:33:29	2025-09-18 10:33:29
20	plastic-surgery	Plastic, Aesthetic & Reconstructive Sciences	Plastic, Aesthetic & Reconstructive Sciences	\N	\N	custom	t	f	\N	1	2025-09-18 10:34:44	2025-09-18 10:34:44
21	surgical-oncology	Surgical Oncology	Surgical Oncology	\N	\N	custom	t	f	\N	1	2025-10-15 09:17:46.343902	2025-10-15 09:17:46.343902
22	radiation-oncology	Radiation Oncology	Radiation Oncology	\N	\N	custom	t	f	\N	1	2025-10-15 09:19:34.03059	2025-10-15 09:19:34.03059
23	hemato-oncology	Hematooncology & BMT	Hematooncology & BMT	\N	\N	custom	t	f	\N	1	2025-10-15 09:20:09.683344	2025-10-15 09:20:09.683344
24	nuclear-medicine	Nuclear Medicine	Nuclear Medicine	\N	\N	custom	t	f	\N	1	2025-10-15 09:20:39.923798	2025-10-15 09:20:39.923798
26	test-page-combined	Test Page Combined	Test Page Combined	Test Description	test	custom	t	f	\N	1	2025-10-24 11:33:57.046689	2025-10-24 11:33:57.046689
27	test-page-combined-2	Test Page Combined 2	Test Page Combined 2	Test Description	test	custom	t	f	\N	1	2025-10-24 11:34:06.713742	2025-10-24 11:34:06.713742
\.


--
-- TOC entry 5366 (class 0 OID 17206)
-- Dependencies: 255
-- Data for Name: sections; Type: TABLE DATA; Schema: public; Owner: postgres
--

COPY public.sections (id, page_id, name, title, subtitle, description, section_type, display_order, is_active, background_color, text_color, padding_top, padding_bottom, margin_top, margin_bottom, custom_css, created_at, updated_at) FROM stdin;
1	1	Hero Section	Hero Section	Leading Healthcare Excellence Since 1990	Experience world-class healthcare with cutting-edge technology and compassionate care	hero	1	t	#FFFFFF	#000000	0	0	0	0	\N	2025-09-11 04:09:36	2025-09-19 10:49:44
2	1	Quick Links Section	Quick Links Section	\N	\N	cta	2	t	#F8F9FA	#000000	0	0	0	0	\N	2025-09-11 04:09:36	2025-09-18 08:35:07
4	1	Our Story Section	Our Story Section	Numbers that speak for themselves	\N	statistics	4	t	#F8F9FA	#000000	0	0	0	0	\N	2025-09-11 04:09:36	2025-09-17 12:54:22
5	1	Accreditations Section	Accreditations Section	Quality standards we maintain	\N	accreditations	5	t	#FFFFFF	#000000	0	0	0	0	\N	2025-09-11 04:09:36	2025-09-25 05:26:52
6	1	Middle Section	Middle Section	Building Trust Through Excellence	For over two decades, we have been at the forefront of medical innovation, providing exceptional healthcare services to millions of patients. Our commitment to clinical excellence and patient care has made us a trusted name in healthcare.	legacy	6	t	#F8F9FA	#000000	0	0	0	0	\N	2025-09-11 04:09:36	2025-09-25 09:19:41
7	1	Our Journey Content Section	Our Journey Content Section	From Humble Beginnings to Healthcare Excellence	Our journey began with a simple vision: to provide world-class healthcare accessible to all. Today, we stand as a testament to that vision, having touched millions of lives through our comprehensive healthcare services.	journey	7	t	#FFFFFF	#000000	0	0	0	0	\N	2025-09-11 04:09:36	2025-09-18 13:41:15
19	8	hero	Hero	\N	\N	hero	1	t	#FFFFFF	#000000	0	0	0	0	\N	2025-09-18 06:43:16	2025-09-18 07:26:41
24	9	hero	Hero	\N	\N	hero	1	t	#FFFFFF	#000000	0	0	0	0	\N	2025-09-23 11:49:45	2025-09-23 11:49:45
25	9	overview	Overview	\N	\N	overview	2	t	#FFFFFF	#000000	0	0	0	0	\N	2025-09-23 11:50:13	2025-09-23 11:50:13
26	9	service & facilities	Service & Facilities	\N	\N	facilities	3	t	#FFFFFF	#000000	0	0	0	0	\N	2025-09-23 11:51:24	2025-09-23 11:51:24
3	1	Doctor Speak Section	Doctor Speak Section	Real experiences from our healthcare community	\N	testimonials	3	t	#FFFFFF	#000000	0	0	0	0	\N	2025-09-11 04:09:36	2025-10-08 05:49:54.98565
29	4	International Patient Service	International Patient Service	\N	\N	overview	2	t	#FFFFFF	#000000	0	0	0	0	\N	2025-10-10 04:24:16.420022	2025-10-10 04:24:16.420022
30	4	Why Choose RMH	Why Choose RMH	\N	\N	custom	3	t	#FFFFFF	#000000	0	0	0	0	\N	2025-10-10 04:24:53.159731	2025-10-10 04:24:53.159731
33	4	Travel & Accommodation	Travel & Accommodation	\N	\N	custom	6	t	#FFFFFF	#000000	0	0	0	0	\N	2025-10-10 04:29:31.530375	2025-10-10 04:29:31.530375
34	4	Contact Details	Contact Details	\N	\N	custom	7	t	#FFFFFF	#000000	0	0	0	0	\N	2025-10-10 04:30:31.945501	2025-10-10 04:30:31.945501
35	4	Ramaiah Memorial Hospital, Bengaluru	Ramaiah Memorial Hospital, Bengaluru	\N	\N	statistics	8	t	#FFFFFF	#000000	0	0	0	0	\N	2025-10-10 04:31:40.350378	2025-10-10 04:31:40.350378
31	4	Exclusive Services For Our International Patients	Exclusive Services For Our International Patients	\N	\N	custom	4	t	#FFFFFF	#000000	0	0	0	0	\N	2025-10-10 04:27:16.02734	2025-10-10 04:33:35.13981
32	4	Pre-Departure Services	Pre-Departure Services	\N	\N	custom	5	t	#FFFFFF	#000000	0	0	0	0	\N	2025-10-10 04:27:44.629744	2025-10-10 04:34:01.824642
20	8	overview	Overview	\N	\N	overview	2	t	#FFFFFF	#000000	0	0	0	0	\N	2025-09-18 06:47:11	2025-10-14 10:02:10.426832
21	8	our specialities	Our Specialities	\N	\N	specialities	3	t	#FFFFFF	#000000	0	0	0	0	\N	2025-09-18 06:50:26	2025-10-14 10:02:10.426832
22	8	service & facilities	Service & Facilities	\N	\N	facilities	4	t	#FFFFFF	#000000	0	0	0	0	\N	2025-09-18 06:51:50	2025-10-14 10:02:10.426832
23	8	our experts	Our Experts	\N	\N	experts	5	t	#FFFFFF	#000000	0	0	0	0	\N	2025-09-18 06:54:20	2025-10-14 10:02:10.426832
38	21	Our Foucs Areas	Our Foucs Areas	\N	\N	statistics	3	t	#FFFFFF	#000000	0	0	0	0	\N	2025-10-15 09:27:06.386914	2025-10-15 09:27:56.219636
40	21	Our Experts	Our Experts	\N	\N	experts	5	t	#FFFFFF	#000000	0	0	0	0	\N	2025-10-15 09:29:20.607249	2025-10-15 09:29:20.607249
49	24	hero	hero	\N	\N	hero	1	t	#FFFFFF	#000000	0	0	0	0	\N	2025-10-15 09:36:32.484043	2025-10-15 09:36:32.484043
52	24	Our Experts	Our Experts	\N	\N	experts	4	t	#FFFFFF	#000000	0	0	0	0	\N	2025-10-15 09:37:57.197615	2025-10-15 09:37:57.197615
28	4	hero	Hero	\N	\N	hero	1	t	#FFFFFF	#000000	0	0	0	0	\N	2025-10-09 11:21:52.255616	2025-10-15 12:05:45.664956
36	21	hero	Hero	\N	\N	hero	1	t	#FFFFFF	#000000	0	0	0	0	\N	2025-10-15 09:25:10.712922	2025-10-15 11:43:49.076981
37	21	overview	Overview	\N	\N	overview	2	t	#FFFFFF	#000000	0	0	0	0	\N	2025-10-15 09:26:02.358929	2025-10-15 11:43:49.076981
62	27	Test Section	Test Section Title	\N	\N	hero	1	t	#FFFFFF	#000000	0	0	0	0	\N	2025-10-24 11:34:14.957617	2025-10-24 11:34:14.957617
27	9	our experts	Our Experts	\N	\N	experts	4	t	#FFFFFF	#000000	0	0	0	0	\N	2025-09-23 11:51:54	2025-10-30 09:30:45.32722
39	21	service & facilities	Service & Facilities	\N	\N	facilities	4	t	#FFFFFF	#000000	0	0	0	0	\N	2025-10-15 09:28:40.096945	2025-10-30 12:57:28.436608
47	23	service & facilities	Service & Facilities	\N	\N	facilities	3	t	#FFFFFF	#000000	0	0	0	0	\N	2025-10-15 09:34:55.947612	2025-10-30 12:59:59.924554
48	23	our experts	Our Experts	\N	\N	experts	4	t	#FFFFFF	#000000	0	0	0	0	\N	2025-10-15 09:35:32.174492	2025-10-30 12:59:59.924554
46	23	overview	Overview	\N	\N	overview	2	t	#FFFFFF	#000000	0	0	0	0	\N	2025-10-15 09:34:15.034639	2025-10-30 13:00:15.210335
45	23	hero	Hero	\N	\N	hero	1	t	#FFFFFF	#000000	0	0	0	0	\N	2025-10-15 09:33:54.947674	2025-10-30 13:00:59.421801
50	24	overview	Overview	\N	\N	overview	2	t	#FFFFFF	#000000	0	0	0	0	\N	2025-10-15 09:36:52.038987	2025-10-30 13:01:53.892243
41	22	hero	Hero	\N	\N	hero	1	t	#FFFFFF	#000000	0	0	0	0	\N	2025-10-15 09:30:41.397158	2025-10-30 13:32:57.257115
51	24	service & facilities	Service & Facilities	\N	\N	facilities	3	t	#FFFFFF	#000000	0	0	0	0	\N	2025-10-15 09:37:32.872619	2025-10-30 13:03:38.730355
42	22	overview	Overview	\N	\N	overview	2	t	#FFFFFF	#000000	0	0	0	0	\N	2025-10-15 09:31:10.250317	2025-10-30 13:38:38.812422
43	22	service & facilities	Service & Facilities	\N	\N	facilities	3	t	#FFFFFF	#000000	0	0	0	0	\N	2025-10-15 09:32:16.226726	2025-11-06 12:27:02.946241
44	22	our experts	Our Experts	\N	\N	experts	4	t	#FFFFFF	#000000	0	0	0	0	\N	2025-10-15 09:32:46.130594	2025-11-06 12:27:02.946241
\.


--
-- TOC entry 5368 (class 0 OID 17223)
-- Dependencies: 257
-- Data for Name: site_settings; Type: TABLE DATA; Schema: public; Owner: postgres
--

COPY public.site_settings (id, setting_key, setting_value, setting_type, description, is_public, header_level, status, created_at, updated_at, deleted_at) FROM stdin;
1	site_name	Ramaiah Memorial Hospital	text	text	t	level_two	t	2025-09-08 09:52:30	2025-09-10 07:28:59	\N
4	contact_phone	+91-1234567890	text	Contact phone number	t		\N	2025-09-08 09:52:30	2025-09-08 09:52:30	\N
5	contact_email	info@ramaiah.com	text	Contact email address	t		\N	2025-09-08 09:52:30	2025-09-08 09:52:30	\N
6	contact_address	Ramaiah Hospital, Bangalore, Karnataka, India	text	Hospital address	t		\N	2025-09-08 09:52:30	2025-09-08 09:52:30	\N
7	social_facebook	https://facebook.com/ramaiahhospital	text	Facebook page URL	t		\N	2025-09-08 09:52:30	2025-09-08 09:52:30	\N
8	social_twitter	https://twitter.com/ramaiahhospital	text	Twitter profile URL	t		\N	2025-09-08 09:52:30	2025-09-08 09:52:30	\N
9	social_instagram	https://instagram.com/ramaiahhospital	text	Instagram profile URL	t		\N	2025-09-08 09:52:30	2025-09-08 09:52:30	\N
10	social_linkedin	https://linkedin.com/company/ramaiahhospital	text	LinkedIn company page URL	t		\N	2025-09-08 09:52:30	2025-09-08 09:52:30	\N
11	social_youtube	https://youtube.com/ramaiahhospital	text	YouTube channel URL	t		\N	2025-09-08 09:52:30	2025-09-08 09:52:30	\N
13	booking_url	/book-appointment	text	Appointment booking page URL	t		\N	2025-09-08 09:52:30	2025-09-08 09:52:30	\N
14	doctor_finder_url	/find-doctor	text	Doctor finder page URL	t		\N	2025-09-08 09:52:30	2025-09-08 09:52:30	\N
17	in_affiliation_with	https://res.cloudinary.com/dl7etn5bx/image/upload/v1761556978/site_settings/1761556977205-8978866_nqtsi1.svg	file	image	t	level_two	\N	2025-09-09 09:49:43	2025-10-27 09:23:02.83827	\N
23	certification_four	1759900931804-9038359_eiqmc8.svg	file	image	t	level_two	\N	2025-09-09 09:58:08	2025-10-08 07:07:23.230988	\N
24	certification_five	1759900948122-44074543_b4stlb.svg	file	image	t	level_two	\N	2025-09-09 09:58:27	2025-10-08 07:07:24.738469	\N
25	certification_six	1759900964446-813487393_mfauee.svg	file	image	t	level_two	\N	2025-09-09 09:59:04	2025-10-08 07:07:26.233594	\N
21	certification_two	1759907227870-546911325_wfwoqq.svg	file	image	t	level_two	\N	2025-09-09 09:57:13	2025-10-09 09:05:16.095405	\N
2	site_tagline	#LifeGetsBetter	text	text	t	level_two	\N	2025-09-08 09:52:30	2025-10-09 09:05:33.728149	\N
3	site_logo	https://res.cloudinary.com/dl7etn5bx/image/upload/v1760360350/site_settings/1760360349911-757151556_x7p2hi.svg	file	image	t	level_two	\N	2025-09-08 09:52:30	2025-10-13 12:59:19.719518	\N
20	certification_one	1760002357604-996498174_y2xoz0.svg	file	image	t	level_two	\N	2025-09-09 09:56:46	2025-10-13 12:59:19.998939	\N
15	general_enquiries	+91 80 6215 3300	text	general_enquiries	t	level_one	\N	2025-09-09 09:19:55	2025-10-27 09:21:48.933565	\N
18	content_search_icon	1758188307668-399929418.png	file	image	t	level_two	\N	2025-09-09 09:52:04	2025-10-08 04:50:36.856584	\N
19	ambulance_logo	1758001116487-641817277.png	file	image	t	level_two	\N	2025-09-09 09:53:00	2025-10-08 04:50:38.398073	\N
22	certification_three	1759900918496-24937543_ypwlt3.svg	file	image	t	level_two	\N	2025-09-09 09:57:37	2025-10-08 07:07:21.764738	\N
12	emergency_number	1800 123 1133	text	Emergency contact number	t	level_one	\N	2025-09-08 09:52:30	2025-10-27 09:21:49.081923	\N
16	pre_book_your_appointments	+91 80 6215 3400	text	pre_book_your_appointments	t	level_one	\N	2025-09-09 09:23:35	2025-10-27 09:21:49.233401	\N
\.


--
-- TOC entry 5370 (class 0 OID 17235)
-- Dependencies: 259
-- Data for Name: specialties; Type: TABLE DATA; Schema: public; Owner: postgres
--

COPY public.specialties (id, content_block_id, name, slug, short_name, description, overview, icon_class, color, is_active, display_order, created_at, updated_at) FROM stdin;
1	46	Medical Oncology	medical-oncology	oncology	medical oncology descryption	medical oncology descryption	fas fa-heartbeat	#DC3545	t	1	2025-09-08 09:52:30	2025-09-22 05:34:17
2	46	Surgical Oncology	surgical-oncology	Oncology	Surgical Oncology description	Surgical Oncology description	fas fa-bone	#FD7E14	t	2	2025-09-08 09:52:30	2025-09-22 05:34:21
3	46	Radiation Oncology	radiation-oncology	Radiation Oncology	Radiation Oncology description	Radiation Oncology description	fas fa-brain	#6F42C1	t	3	2025-09-08 09:52:30	2025-09-22 05:34:25
4	46	Hemato-Oncology & BMT	Hemato-oncology-bmt_1	Hemato-Oncology & BMT	Hemato-Oncology & BMT descriptions	Multidisciplinary approach to cancer care with personalized treatment plans.	fas fa-microscope	#E83E8C	t	4	2025-09-08 09:52:30	2025-09-22 05:34:27
5	46	Nuclear Medicine	nuclear-medicine	Nuclear Medicine description	Nuclear Medicine description	Nuclear Medicine description	fas fa-baby	#20C997	t	5	2025-09-08 09:52:30	2025-09-22 05:34:30
\.


--
-- TOC entry 5372 (class 0 OID 17246)
-- Dependencies: 261
-- Data for Name: specialty_media; Type: TABLE DATA; Schema: public; Owner: postgres
--

COPY public.specialty_media (id, specialty_id, media_file_id, media_type, display_order, created_at) FROM stdin;
\.


--
-- TOC entry 5374 (class 0 OID 17254)
-- Dependencies: 263
-- Data for Name: specialty_pages; Type: TABLE DATA; Schema: public; Owner: postgres
--

COPY public.specialty_pages (id, page_id, specialty_id, hero_title, hero_subtitle, hero_description, overview_title, overview_content, why_choose_title, why_choose_content, facilities_title, facilities_content, treatments_title, treatments_content, doctors_title, doctors_content, testimonials_title, testimonials_content, faq_title, faq_content, cta_title, cta_content, created_at, updated_at) FROM stdin;
\.


--
-- TOC entry 5376 (class 0 OID 17262)
-- Dependencies: 265
-- Data for Name: statistics; Type: TABLE DATA; Schema: public; Owner: postgres
--

COPY public.statistics (id, content_block_id, number, label, suffix, icon_class, color, animation_delay, statistic_text, created_at, updated_at, statistics_image) FROM stdin;
5	13	2.5	Lives Touched	M	fas fa-heart	#6F42C1	400	\N	2025-09-11 06:15:03	2025-09-11 06:15:03	\N
6	14	1.5	Consultations	M	fas fa-stethoscope	#17A2B8	500	\N	2025-09-11 06:15:03	2025-09-11 06:15:03	\N
7	15	6	Centers		fas fa-hospital	#FD7E14	600	\N	2025-09-11 06:15:03	2025-09-11 06:15:03	\N
8	16	30	Years of Experience	+	fas fa-award	#20C997	700	Beds	2025-09-11 06:15:03	2025-09-25 05:22:56	\N
10	17	\N	\N	\N	\N	#007BFF	0	ICU Beds	2025-09-25 05:22:02	2025-09-25 05:22:02	\N
11	18	\N	\N	\N	\N	#007BFF	0	Consultant	2025-09-25 05:22:56	2025-09-25 05:22:56	\N
12	19	\N	\N	\N	\N	#007BFF	0	Nursing Staff	2025-09-25 05:25:11	2025-09-25 05:25:11	\N
13	20	\N	\N	\N	\N	#007BFF	0	Patients Treated	2025-09-25 05:25:11	2025-09-25 05:25:11	\N
14	21	\N	\N	\N	\N	#007BFF	0	Procedures	2025-09-25 05:25:11	2025-09-25 05:25:11	\N
15	22	\N	\N	\N	\N	#007BFF	0	Centers Of Excellence	2025-09-25 05:25:11	2025-09-25 05:25:11	\N
16	23	\N	\N	\N	\N	#007BFF	0	Specialities	2025-09-25 05:25:11	2025-09-25 05:25:11	\N
19	10	\N	\N	\N	\N	#007BFF	0	https://msrmh.com/appointment/booking.php	2025-09-25 11:06:02	2025-09-25 11:06:02	\N
20	11	\N	\N	\N	\N	#007BFF	0	https://msrmh.com/appointment/booking.php	2025-09-25 11:09:00	2025-09-25 11:09:00	\N
21	12	\N	\N	\N	\N	#007BFF	0	https://msrmh.com/appointment/booking.php	2025-09-25 11:09:00	2025-09-25 11:09:00	\N
23	106	\N	\N	\N	\N	#007BFF	0	+9199996 49688	2025-10-14 09:39:02.205331	2025-10-14 09:39:02.205331	\N
24	106	\N	\N	\N	\N	#007BFF	0	Anoop.kurnar@ramaiahgroup.org	2025-10-14 09:39:03.027415	2025-10-14 09:39:03.027415	\N
25	107	\N	Call Now	\N	\N	#007BFF	0	+9177953 05596	2025-10-14 09:42:16.755357	2025-10-14 09:42:16.755357	\N
26	107	\N	Send Mail	\N	\N	#007BFF	0	anilkumar.b@msrmh.com	2025-10-14 09:42:17.5844	2025-10-14 09:42:17.5844	\N
27	111	550	Beds	+	\N	#007BFF	0	\N	2025-10-15 04:01:56.093117	2025-10-15 04:01:56.093117	https://res.cloudinary.com/dl7etn5bx/image/upload/v1760444575/site_settings/1760444573481-774774719_pzwra8.png
28	111	110	ICU Beds	+	\N	#007BFF	0	\N	2025-10-15 04:01:56.900221	2025-10-15 04:01:56.900221	https://res.cloudinary.com/dl7etn5bx/image/upload/v1760444575/site_settings/1760444573481-774774719_pzwra8.png
29	111	300	Consultant	+	\N	#007BFF	0	\N	2025-10-15 04:01:57.830045	2025-10-15 04:01:57.830045	https://res.cloudinary.com/dl7etn5bx/image/upload/v1760444575/site_settings/1760444573481-774774719_pzwra8.png
30	111	600	Nursing Staff	+	\N	#007BFF	0	\N	2025-10-15 04:01:58.752287	2025-10-15 04:01:58.752287	https://res.cloudinary.com/dl7etn5bx/image/upload/v1760444575/site_settings/1760444573481-774774719_pzwra8.png
31	111	\N	Accredited	+	\N	#007BFF	0	NABH & NABL	2025-10-15 04:01:59.672768	2025-10-15 04:01:59.672768	https://res.cloudinary.com/dl7etn5bx/image/upload/v1760444575/site_settings/1760444573481-774774719_pzwra8.png
32	111	2.5	Patients	M	\N	#007BFF	0	\N	2025-10-15 04:02:00.59485	2025-10-15 04:02:00.59485	https://res.cloudinary.com/dl7etn5bx/image/upload/v1760444575/site_settings/1760444573481-774774719_pzwra8.png
33	111	1.5	Procedures	M	\N	#007BFF	0	\N	2025-10-15 04:02:01.3958	2025-10-15 04:02:01.3958	https://res.cloudinary.com/dl7etn5bx/image/upload/v1760444575/site_settings/1760444573481-774774719_pzwra8.png
34	111	30	Specialities	+	\N	#007BFF	0	\N	2025-10-15 04:02:02.337026	2025-10-15 04:02:02.337026	https://res.cloudinary.com/dl7etn5bx/image/upload/v1760444575/site_settings/1760444573481-774774719_pzwra8.png
43	126	\N	\N	\N	\N	#007BFF	0	Biopsy or Diagnostic Surgery	2025-10-16 12:02:54.48468	2025-10-16 12:02:54.48468	\N
44	126	\N	\N	\N	\N	#007BFF	0	aDebulking Surgery	2025-10-16 12:02:54.574851	2025-10-16 12:02:54.574851	\N
39	125	\N	\N	\N	\N	#007BFF	0	Preventive Surgery	2025-10-15 12:04:59.317388	2025-10-28 04:52:26.249424	\N
40	125	\N	\N	\N	\N	#007BFF	0	Palliative Surgery	2025-10-15 12:04:59.317388	2025-10-28 04:52:26.397135	\N
41	125	\N	\N	\N	\N	#007BFF	0	Staging Surgery	2025-10-15 12:04:59.317388	2025-10-28 04:52:26.583775	\N
36	125	\N	\N	\N	\N	#007BFF	0	Debulking Surgery	2025-10-15 12:01:16.435814	2025-10-28 04:52:26.79257	\N
35	125	\N	\N	\N	\N	#007BFF	0	Biopsy or Diagnostic Surgery	2025-10-15 12:01:15.54517	2025-10-28 04:52:26.937792	\N
37	125	\N	\N	\N	\N	#007BFF	0	Reconstructive Surgery	2025-10-15 12:04:59.317388	2025-10-28 04:52:27.080292	\N
38	125	\N	\N	\N	\N	#007BFF	0	Curative Surgery	2025-10-15 12:04:59.317388	2025-10-28 05:46:48.518575	\N
42	125	\N	\N	\N	\N	#007BFF	0	Supportive Surgery	2025-10-15 12:04:59.317388	2025-10-27 11:46:27.117799	\N
\.


--
-- TOC entry 5378 (class 0 OID 17272)
-- Dependencies: 267
-- Data for Name: testimonials; Type: TABLE DATA; Schema: public; Owner: postgres
--

COPY public.testimonials (id, content_block_id, name, designation, company, testimonial_text, rating, is_featured, created_at, updated_at) FROM stdin;
\.


--
-- TOC entry 5380 (class 0 OID 17281)
-- Dependencies: 269
-- Data for Name: treatment_specialties; Type: TABLE DATA; Schema: public; Owner: postgres
--

COPY public.treatment_specialties (id, treatment_id, specialty_id, created_at) FROM stdin;
\.


--
-- TOC entry 5382 (class 0 OID 17286)
-- Dependencies: 271
-- Data for Name: treatments; Type: TABLE DATA; Schema: public; Owner: postgres
--

COPY public.treatments (id, name, slug, description, overview, procedure, recovery_time, cost_range, duration, is_active, is_featured, display_order, created_at, updated_at) FROM stdin;
\.


--
-- TOC entry 5384 (class 0 OID 17297)
-- Dependencies: 273
-- Data for Name: users; Type: TABLE DATA; Schema: public; Owner: postgres
--

COPY public.users (id, username, email, password_hash, first_name, last_name, role, is_active, last_login, created_at, updated_at) FROM stdin;
1	admin	admin@ramaiah.com	$2b$10$LBsAbZVI1SNB6UXhXeCeyefa6l8b4sYVD.1.B0EO13NIrY77hE1KS	Admin	User	super_admin	t	\N	2025-09-08 09:52:30	2025-09-09 04:47:02
2	vishvadatt	vishvadatt@yopmail.com	$2b$10$LBsAbZVI1SNB6UXhXeCeyefa6l8b4sYVD.1.B0EO13NIrY77hE1KS	Vishvadatt	Raulji	editor	t	\N	2025-09-09 04:30:02	2025-09-09 04:30:02
\.


--
-- TOC entry 5392 (class 0 OID 0)
-- Dependencies: 218
-- Name: accreditations_id_seq; Type: SEQUENCE SET; Schema: public; Owner: postgres
--

SELECT pg_catalog.setval('public.accreditations_id_seq', 4, true);


--
-- TOC entry 5393 (class 0 OID 0)
-- Dependencies: 220
-- Name: buttons_id_seq; Type: SEQUENCE SET; Schema: public; Owner: postgres
--

SELECT pg_catalog.setval('public.buttons_id_seq', 1, false);


--
-- TOC entry 5394 (class 0 OID 0)
-- Dependencies: 222
-- Name: content_block_experts_id_seq; Type: SEQUENCE SET; Schema: public; Owner: postgres
--

SELECT pg_catalog.setval('public.content_block_experts_id_seq', 35, true);


--
-- TOC entry 5395 (class 0 OID 0)
-- Dependencies: 224
-- Name: content_block_media_id_seq; Type: SEQUENCE SET; Schema: public; Owner: postgres
--

SELECT pg_catalog.setval('public.content_block_media_id_seq', 169, true);


--
-- TOC entry 5396 (class 0 OID 0)
-- Dependencies: 226
-- Name: content_blocks_id_seq; Type: SEQUENCE SET; Schema: public; Owner: postgres
--

SELECT pg_catalog.setval('public.content_blocks_id_seq', 155, true);


--
-- TOC entry 5397 (class 0 OID 0)
-- Dependencies: 228
-- Name: content_history_id_seq; Type: SEQUENCE SET; Schema: public; Owner: postgres
--

SELECT pg_catalog.setval('public.content_history_id_seq', 169, true);


--
-- TOC entry 5398 (class 0 OID 0)
-- Dependencies: 230
-- Name: doctor_media_id_seq; Type: SEQUENCE SET; Schema: public; Owner: postgres
--

SELECT pg_catalog.setval('public.doctor_media_id_seq', 1, false);


--
-- TOC entry 5399 (class 0 OID 0)
-- Dependencies: 232
-- Name: doctor_specialties_id_seq; Type: SEQUENCE SET; Schema: public; Owner: postgres
--

SELECT pg_catalog.setval('public.doctor_specialties_id_seq', 23, true);


--
-- TOC entry 5400 (class 0 OID 0)
-- Dependencies: 234
-- Name: doctors_id_seq; Type: SEQUENCE SET; Schema: public; Owner: postgres
--

SELECT pg_catalog.setval('public.doctors_id_seq', 15, true);


--
-- TOC entry 5401 (class 0 OID 0)
-- Dependencies: 236
-- Name: facilities_id_seq; Type: SEQUENCE SET; Schema: public; Owner: postgres
--

SELECT pg_catalog.setval('public.facilities_id_seq', 51, true);


--
-- TOC entry 5402 (class 0 OID 0)
-- Dependencies: 238
-- Name: facility_specialties_id_seq; Type: SEQUENCE SET; Schema: public; Owner: postgres
--

SELECT pg_catalog.setval('public.facility_specialties_id_seq', 50, true);


--
-- TOC entry 5403 (class 0 OID 0)
-- Dependencies: 240
-- Name: faqs_id_seq; Type: SEQUENCE SET; Schema: public; Owner: postgres
--

SELECT pg_catalog.setval('public.faqs_id_seq', 1, false);


--
-- TOC entry 5404 (class 0 OID 0)
-- Dependencies: 242
-- Name: footer_category_id_seq; Type: SEQUENCE SET; Schema: public; Owner: postgres
--

SELECT pg_catalog.setval('public.footer_category_id_seq', 9, true);


--
-- TOC entry 5405 (class 0 OID 0)
-- Dependencies: 244
-- Name: footer_content_id_seq; Type: SEQUENCE SET; Schema: public; Owner: postgres
--

SELECT pg_catalog.setval('public.footer_content_id_seq', 108, true);


--
-- TOC entry 5406 (class 0 OID 0)
-- Dependencies: 246
-- Name: media_files_id_seq; Type: SEQUENCE SET; Schema: public; Owner: postgres
--

SELECT pg_catalog.setval('public.media_files_id_seq', 606, true);


--
-- TOC entry 5407 (class 0 OID 0)
-- Dependencies: 248
-- Name: navigation_item_pages_id_seq; Type: SEQUENCE SET; Schema: public; Owner: postgres
--

SELECT pg_catalog.setval('public.navigation_item_pages_id_seq', 3, true);


--
-- TOC entry 5408 (class 0 OID 0)
-- Dependencies: 250
-- Name: navigation_items_id_seq; Type: SEQUENCE SET; Schema: public; Owner: postgres
--

SELECT pg_catalog.setval('public.navigation_items_id_seq', 121, true);


--
-- TOC entry 5409 (class 0 OID 0)
-- Dependencies: 252
-- Name: navigation_menus_id_seq; Type: SEQUENCE SET; Schema: public; Owner: postgres
--

SELECT pg_catalog.setval('public.navigation_menus_id_seq', 5, true);


--
-- TOC entry 5410 (class 0 OID 0)
-- Dependencies: 254
-- Name: pages_id_seq; Type: SEQUENCE SET; Schema: public; Owner: postgres
--

SELECT pg_catalog.setval('public.pages_id_seq', 27, true);


--
-- TOC entry 5411 (class 0 OID 0)
-- Dependencies: 256
-- Name: sections_id_seq; Type: SEQUENCE SET; Schema: public; Owner: postgres
--

SELECT pg_catalog.setval('public.sections_id_seq', 63, true);


--
-- TOC entry 5412 (class 0 OID 0)
-- Dependencies: 258
-- Name: site_settings_id_seq; Type: SEQUENCE SET; Schema: public; Owner: postgres
--

SELECT pg_catalog.setval('public.site_settings_id_seq', 25, true);


--
-- TOC entry 5413 (class 0 OID 0)
-- Dependencies: 260
-- Name: specialties_id_seq; Type: SEQUENCE SET; Schema: public; Owner: postgres
--

SELECT pg_catalog.setval('public.specialties_id_seq', 6, true);


--
-- TOC entry 5414 (class 0 OID 0)
-- Dependencies: 262
-- Name: specialty_media_id_seq; Type: SEQUENCE SET; Schema: public; Owner: postgres
--

SELECT pg_catalog.setval('public.specialty_media_id_seq', 1, false);


--
-- TOC entry 5415 (class 0 OID 0)
-- Dependencies: 264
-- Name: specialty_pages_id_seq; Type: SEQUENCE SET; Schema: public; Owner: postgres
--

SELECT pg_catalog.setval('public.specialty_pages_id_seq', 1, false);


--
-- TOC entry 5416 (class 0 OID 0)
-- Dependencies: 266
-- Name: statistics_id_seq; Type: SEQUENCE SET; Schema: public; Owner: postgres
--

SELECT pg_catalog.setval('public.statistics_id_seq', 44, true);


--
-- TOC entry 5417 (class 0 OID 0)
-- Dependencies: 268
-- Name: testimonials_id_seq; Type: SEQUENCE SET; Schema: public; Owner: postgres
--

SELECT pg_catalog.setval('public.testimonials_id_seq', 1, false);


--
-- TOC entry 5418 (class 0 OID 0)
-- Dependencies: 270
-- Name: treatment_specialties_id_seq; Type: SEQUENCE SET; Schema: public; Owner: postgres
--

SELECT pg_catalog.setval('public.treatment_specialties_id_seq', 1, false);


--
-- TOC entry 5419 (class 0 OID 0)
-- Dependencies: 272
-- Name: treatments_id_seq; Type: SEQUENCE SET; Schema: public; Owner: postgres
--

SELECT pg_catalog.setval('public.treatments_id_seq', 1, false);


--
-- TOC entry 5420 (class 0 OID 0)
-- Dependencies: 274
-- Name: users_id_seq; Type: SEQUENCE SET; Schema: public; Owner: postgres
--

SELECT pg_catalog.setval('public.users_id_seq', 2, true);


--
-- TOC entry 4971 (class 2606 OID 17327)
-- Name: accreditations accreditations_pkey; Type: CONSTRAINT; Schema: public; Owner: postgres
--

ALTER TABLE ONLY public.accreditations
    ADD CONSTRAINT accreditations_pkey PRIMARY KEY (id);


--
-- TOC entry 4975 (class 2606 OID 17329)
-- Name: buttons buttons_pkey; Type: CONSTRAINT; Schema: public; Owner: postgres
--

ALTER TABLE ONLY public.buttons
    ADD CONSTRAINT buttons_pkey PRIMARY KEY (id);


--
-- TOC entry 4978 (class 2606 OID 17331)
-- Name: content_block_experts content_block_experts_pkey; Type: CONSTRAINT; Schema: public; Owner: postgres
--

ALTER TABLE ONLY public.content_block_experts
    ADD CONSTRAINT content_block_experts_pkey PRIMARY KEY (id);


--
-- TOC entry 4982 (class 2606 OID 17333)
-- Name: content_block_media content_block_media_pkey; Type: CONSTRAINT; Schema: public; Owner: postgres
--

ALTER TABLE ONLY public.content_block_media
    ADD CONSTRAINT content_block_media_pkey PRIMARY KEY (id);


--
-- TOC entry 4987 (class 2606 OID 17335)
-- Name: content_blocks content_blocks_pkey; Type: CONSTRAINT; Schema: public; Owner: postgres
--

ALTER TABLE ONLY public.content_blocks
    ADD CONSTRAINT content_blocks_pkey PRIMARY KEY (id);


--
-- TOC entry 4994 (class 2606 OID 17337)
-- Name: content_history content_history_pkey; Type: CONSTRAINT; Schema: public; Owner: postgres
--

ALTER TABLE ONLY public.content_history
    ADD CONSTRAINT content_history_pkey PRIMARY KEY (id);


--
-- TOC entry 4999 (class 2606 OID 17339)
-- Name: doctor_media doctor_media_pkey; Type: CONSTRAINT; Schema: public; Owner: postgres
--

ALTER TABLE ONLY public.doctor_media
    ADD CONSTRAINT doctor_media_pkey PRIMARY KEY (id);


--
-- TOC entry 5004 (class 2606 OID 17341)
-- Name: doctor_specialties doctor_specialties_pkey; Type: CONSTRAINT; Schema: public; Owner: postgres
--

ALTER TABLE ONLY public.doctor_specialties
    ADD CONSTRAINT doctor_specialties_pkey PRIMARY KEY (id);


--
-- TOC entry 5010 (class 2606 OID 17343)
-- Name: doctors doctors_pkey; Type: CONSTRAINT; Schema: public; Owner: postgres
--

ALTER TABLE ONLY public.doctors
    ADD CONSTRAINT doctors_pkey PRIMARY KEY (id);


--
-- TOC entry 5017 (class 2606 OID 17345)
-- Name: facilities facilities_pkey; Type: CONSTRAINT; Schema: public; Owner: postgres
--

ALTER TABLE ONLY public.facilities
    ADD CONSTRAINT facilities_pkey PRIMARY KEY (id);


--
-- TOC entry 5023 (class 2606 OID 17347)
-- Name: facility_specialties facility_specialties_pkey; Type: CONSTRAINT; Schema: public; Owner: postgres
--

ALTER TABLE ONLY public.facility_specialties
    ADD CONSTRAINT facility_specialties_pkey PRIMARY KEY (id);


--
-- TOC entry 5029 (class 2606 OID 17349)
-- Name: faqs faqs_pkey; Type: CONSTRAINT; Schema: public; Owner: postgres
--

ALTER TABLE ONLY public.faqs
    ADD CONSTRAINT faqs_pkey PRIMARY KEY (id);


--
-- TOC entry 5035 (class 2606 OID 17351)
-- Name: footer_category footer_category_pkey; Type: CONSTRAINT; Schema: public; Owner: postgres
--

ALTER TABLE ONLY public.footer_category
    ADD CONSTRAINT footer_category_pkey PRIMARY KEY (id);


--
-- TOC entry 5037 (class 2606 OID 17353)
-- Name: footer_content footer_content_pkey; Type: CONSTRAINT; Schema: public; Owner: postgres
--

ALTER TABLE ONLY public.footer_content
    ADD CONSTRAINT footer_content_pkey PRIMARY KEY (id);


--
-- TOC entry 5044 (class 2606 OID 17355)
-- Name: media_files media_files_pkey; Type: CONSTRAINT; Schema: public; Owner: postgres
--

ALTER TABLE ONLY public.media_files
    ADD CONSTRAINT media_files_pkey PRIMARY KEY (id);


--
-- TOC entry 5048 (class 2606 OID 17357)
-- Name: navigation_item_pages navigation_item_pages_pkey; Type: CONSTRAINT; Schema: public; Owner: postgres
--

ALTER TABLE ONLY public.navigation_item_pages
    ADD CONSTRAINT navigation_item_pages_pkey PRIMARY KEY (id);


--
-- TOC entry 5057 (class 2606 OID 17359)
-- Name: navigation_items navigation_items_pkey; Type: CONSTRAINT; Schema: public; Owner: postgres
--

ALTER TABLE ONLY public.navigation_items
    ADD CONSTRAINT navigation_items_pkey PRIMARY KEY (id);


--
-- TOC entry 5061 (class 2606 OID 17361)
-- Name: navigation_menus navigation_menus_pkey; Type: CONSTRAINT; Schema: public; Owner: postgres
--

ALTER TABLE ONLY public.navigation_menus
    ADD CONSTRAINT navigation_menus_pkey PRIMARY KEY (id);


--
-- TOC entry 5068 (class 2606 OID 17363)
-- Name: pages pages_pkey; Type: CONSTRAINT; Schema: public; Owner: postgres
--

ALTER TABLE ONLY public.pages
    ADD CONSTRAINT pages_pkey PRIMARY KEY (id);


--
-- TOC entry 5076 (class 2606 OID 17365)
-- Name: sections sections_pkey; Type: CONSTRAINT; Schema: public; Owner: postgres
--

ALTER TABLE ONLY public.sections
    ADD CONSTRAINT sections_pkey PRIMARY KEY (id);


--
-- TOC entry 5080 (class 2606 OID 17367)
-- Name: site_settings site_settings_pkey; Type: CONSTRAINT; Schema: public; Owner: postgres
--

ALTER TABLE ONLY public.site_settings
    ADD CONSTRAINT site_settings_pkey PRIMARY KEY (id);


--
-- TOC entry 5086 (class 2606 OID 17369)
-- Name: specialties specialties_pkey; Type: CONSTRAINT; Schema: public; Owner: postgres
--

ALTER TABLE ONLY public.specialties
    ADD CONSTRAINT specialties_pkey PRIMARY KEY (id);


--
-- TOC entry 5091 (class 2606 OID 17371)
-- Name: specialty_media specialty_media_pkey; Type: CONSTRAINT; Schema: public; Owner: postgres
--

ALTER TABLE ONLY public.specialty_media
    ADD CONSTRAINT specialty_media_pkey PRIMARY KEY (id);


--
-- TOC entry 5096 (class 2606 OID 17373)
-- Name: specialty_pages specialty_pages_pkey; Type: CONSTRAINT; Schema: public; Owner: postgres
--

ALTER TABLE ONLY public.specialty_pages
    ADD CONSTRAINT specialty_pages_pkey PRIMARY KEY (id);


--
-- TOC entry 5100 (class 2606 OID 17375)
-- Name: statistics statistics_pkey; Type: CONSTRAINT; Schema: public; Owner: postgres
--

ALTER TABLE ONLY public.statistics
    ADD CONSTRAINT statistics_pkey PRIMARY KEY (id);


--
-- TOC entry 5104 (class 2606 OID 17377)
-- Name: testimonials testimonials_pkey; Type: CONSTRAINT; Schema: public; Owner: postgres
--

ALTER TABLE ONLY public.testimonials
    ADD CONSTRAINT testimonials_pkey PRIMARY KEY (id);


--
-- TOC entry 5109 (class 2606 OID 17379)
-- Name: treatment_specialties treatment_specialties_pkey; Type: CONSTRAINT; Schema: public; Owner: postgres
--

ALTER TABLE ONLY public.treatment_specialties
    ADD CONSTRAINT treatment_specialties_pkey PRIMARY KEY (id);


--
-- TOC entry 5116 (class 2606 OID 17381)
-- Name: treatments treatments_pkey; Type: CONSTRAINT; Schema: public; Owner: postgres
--

ALTER TABLE ONLY public.treatments
    ADD CONSTRAINT treatments_pkey PRIMARY KEY (id);


--
-- TOC entry 5122 (class 2606 OID 17383)
-- Name: users users_pkey; Type: CONSTRAINT; Schema: public; Owner: postgres
--

ALTER TABLE ONLY public.users
    ADD CONSTRAINT users_pkey PRIMARY KEY (id);


--
-- TOC entry 4979 (class 1259 OID 17384)
-- Name: fk_content_block_content_block_experts; Type: INDEX; Schema: public; Owner: postgres
--

CREATE INDEX fk_content_block_content_block_experts ON public.content_block_experts USING btree (content_block_id);


--
-- TOC entry 4980 (class 1259 OID 17385)
-- Name: fk_doctor_specialty_content_block_experts; Type: INDEX; Schema: public; Owner: postgres
--

CREATE INDEX fk_doctor_specialty_content_block_experts ON public.content_block_experts USING btree (doctor_specialty_id);


--
-- TOC entry 5045 (class 1259 OID 17386)
-- Name: fk_navigation_item_navitempages; Type: INDEX; Schema: public; Owner: postgres
--

CREATE INDEX fk_navigation_item_navitempages ON public.navigation_item_pages USING btree (navigation_item_id);


--
-- TOC entry 5046 (class 1259 OID 17387)
-- Name: fk_page_navitempages; Type: INDEX; Schema: public; Owner: postgres
--

CREATE INDEX fk_page_navitempages ON public.navigation_item_pages USING btree (page_id);


--
-- TOC entry 4988 (class 1259 OID 17388)
-- Name: idx_block_type_content_blocks; Type: INDEX; Schema: public; Owner: postgres
--

CREATE INDEX idx_block_type_content_blocks ON public.content_blocks USING btree (block_type);


--
-- TOC entry 5030 (class 1259 OID 17389)
-- Name: idx_category_faqs; Type: INDEX; Schema: public; Owner: postgres
--

CREATE INDEX idx_category_faqs ON public.faqs USING btree (category);


--
-- TOC entry 4995 (class 1259 OID 17390)
-- Name: idx_changed_at_content_history; Type: INDEX; Schema: public; Owner: postgres
--

CREATE INDEX idx_changed_at_content_history ON public.content_history USING btree (changed_at);


--
-- TOC entry 4996 (class 1259 OID 17391)
-- Name: idx_changed_by_content_history; Type: INDEX; Schema: public; Owner: postgres
--

CREATE INDEX idx_changed_by_content_history ON public.content_history USING btree (changed_by);


--
-- TOC entry 4972 (class 1259 OID 17392)
-- Name: idx_content_block_id_accreditations; Type: INDEX; Schema: public; Owner: postgres
--

CREATE INDEX idx_content_block_id_accreditations ON public.accreditations USING btree (content_block_id);


--
-- TOC entry 4976 (class 1259 OID 17393)
-- Name: idx_content_block_id_buttons; Type: INDEX; Schema: public; Owner: postgres
--

CREATE INDEX idx_content_block_id_buttons ON public.buttons USING btree (content_block_id);


--
-- TOC entry 4983 (class 1259 OID 17394)
-- Name: idx_content_block_id_content_block_media; Type: INDEX; Schema: public; Owner: postgres
--

CREATE INDEX idx_content_block_id_content_block_media ON public.content_block_media USING btree (content_block_id);


--
-- TOC entry 5031 (class 1259 OID 17395)
-- Name: idx_content_block_id_faqs; Type: INDEX; Schema: public; Owner: postgres
--

CREATE INDEX idx_content_block_id_faqs ON public.faqs USING btree (content_block_id);


--
-- TOC entry 5098 (class 1259 OID 17396)
-- Name: idx_content_block_id_statistics; Type: INDEX; Schema: public; Owner: postgres
--

CREATE INDEX idx_content_block_id_statistics ON public.statistics USING btree (content_block_id);


--
-- TOC entry 5101 (class 1259 OID 17397)
-- Name: idx_content_block_id_testimonials; Type: INDEX; Schema: public; Owner: postgres
--

CREATE INDEX idx_content_block_id_testimonials ON public.testimonials USING btree (content_block_id);


--
-- TOC entry 4989 (class 1259 OID 17398)
-- Name: idx_content_blocks_section_type; Type: INDEX; Schema: public; Owner: postgres
--

CREATE INDEX idx_content_blocks_section_type ON public.content_blocks USING btree (section_id, block_type);


--
-- TOC entry 5039 (class 1259 OID 17399)
-- Name: idx_created_at_media_files; Type: INDEX; Schema: public; Owner: postgres
--

CREATE INDEX idx_created_at_media_files ON public.media_files USING btree (created_at);


--
-- TOC entry 5062 (class 1259 OID 17400)
-- Name: idx_created_by_pages; Type: INDEX; Schema: public; Owner: postgres
--

CREATE INDEX idx_created_by_pages ON public.pages USING btree (created_by);


--
-- TOC entry 4990 (class 1259 OID 17401)
-- Name: idx_display_order_content_blocks; Type: INDEX; Schema: public; Owner: postgres
--

CREATE INDEX idx_display_order_content_blocks ON public.content_blocks USING btree (display_order);


--
-- TOC entry 5011 (class 1259 OID 17402)
-- Name: idx_display_order_doctors; Type: INDEX; Schema: public; Owner: postgres
--

CREATE INDEX idx_display_order_doctors ON public.doctors USING btree (display_order);


--
-- TOC entry 5018 (class 1259 OID 17403)
-- Name: idx_display_order_facilities; Type: INDEX; Schema: public; Owner: postgres
--

CREATE INDEX idx_display_order_facilities ON public.facilities USING btree (display_order);


--
-- TOC entry 5032 (class 1259 OID 17404)
-- Name: idx_display_order_faqs; Type: INDEX; Schema: public; Owner: postgres
--

CREATE INDEX idx_display_order_faqs ON public.faqs USING btree (display_order);


--
-- TOC entry 5049 (class 1259 OID 17405)
-- Name: idx_display_order_navigation_items; Type: INDEX; Schema: public; Owner: postgres
--

CREATE INDEX idx_display_order_navigation_items ON public.navigation_items USING btree (display_order);


--
-- TOC entry 5070 (class 1259 OID 17406)
-- Name: idx_display_order_sections; Type: INDEX; Schema: public; Owner: postgres
--

CREATE INDEX idx_display_order_sections ON public.sections USING btree (display_order);


--
-- TOC entry 5082 (class 1259 OID 17407)
-- Name: idx_display_order_specialties; Type: INDEX; Schema: public; Owner: postgres
--

CREATE INDEX idx_display_order_specialties ON public.specialties USING btree (display_order);


--
-- TOC entry 5111 (class 1259 OID 17408)
-- Name: idx_display_order_treatments; Type: INDEX; Schema: public; Owner: postgres
--

CREATE INDEX idx_display_order_treatments ON public.treatments USING btree (display_order);


--
-- TOC entry 5000 (class 1259 OID 17409)
-- Name: idx_doctor_id_doctor_media; Type: INDEX; Schema: public; Owner: postgres
--

CREATE INDEX idx_doctor_id_doctor_media ON public.doctor_media USING btree (doctor_id);


--
-- TOC entry 5005 (class 1259 OID 17410)
-- Name: idx_doctor_id_doctor_specialties; Type: INDEX; Schema: public; Owner: postgres
--

CREATE INDEX idx_doctor_id_doctor_specialties ON public.doctor_specialties USING btree (doctor_id);


--
-- TOC entry 5006 (class 1259 OID 17411)
-- Name: idx_doctors_specialty; Type: INDEX; Schema: public; Owner: postgres
--

CREATE INDEX idx_doctors_specialty ON public.doctor_specialties USING btree (doctor_id, specialty_id);


--
-- TOC entry 5118 (class 1259 OID 17412)
-- Name: idx_email_users; Type: INDEX; Schema: public; Owner: postgres
--

CREATE INDEX idx_email_users ON public.users USING btree (email);


--
-- TOC entry 5024 (class 1259 OID 17413)
-- Name: idx_facilities_specialty; Type: INDEX; Schema: public; Owner: postgres
--

CREATE INDEX idx_facilities_specialty ON public.facility_specialties USING btree (facility_id, specialty_id);


--
-- TOC entry 5025 (class 1259 OID 17414)
-- Name: idx_facility_id_facility_specialties; Type: INDEX; Schema: public; Owner: postgres
--

CREATE INDEX idx_facility_id_facility_specialties ON public.facility_specialties USING btree (facility_id);


--
-- TOC entry 5040 (class 1259 OID 17415)
-- Name: idx_file_type_media_files; Type: INDEX; Schema: public; Owner: postgres
--

CREATE INDEX idx_file_type_media_files ON public.media_files USING btree (file_type);


--
-- TOC entry 5038 (class 1259 OID 17416)
-- Name: idx_footer_content_category_id; Type: INDEX; Schema: public; Owner: postgres
--

CREATE INDEX idx_footer_content_category_id ON public.footer_content USING btree (category_id);


--
-- TOC entry 4973 (class 1259 OID 17417)
-- Name: idx_is_active_accreditations; Type: INDEX; Schema: public; Owner: postgres
--

CREATE INDEX idx_is_active_accreditations ON public.accreditations USING btree (is_active);


--
-- TOC entry 4991 (class 1259 OID 17418)
-- Name: idx_is_active_content_blocks; Type: INDEX; Schema: public; Owner: postgres
--

CREATE INDEX idx_is_active_content_blocks ON public.content_blocks USING btree (is_active);


--
-- TOC entry 5012 (class 1259 OID 17419)
-- Name: idx_is_active_doctors; Type: INDEX; Schema: public; Owner: postgres
--

CREATE INDEX idx_is_active_doctors ON public.doctors USING btree (is_active);


--
-- TOC entry 5019 (class 1259 OID 17420)
-- Name: idx_is_active_facilities; Type: INDEX; Schema: public; Owner: postgres
--

CREATE INDEX idx_is_active_facilities ON public.facilities USING btree (is_active);


--
-- TOC entry 5033 (class 1259 OID 17421)
-- Name: idx_is_active_faqs; Type: INDEX; Schema: public; Owner: postgres
--

CREATE INDEX idx_is_active_faqs ON public.faqs USING btree (is_active);


--
-- TOC entry 5050 (class 1259 OID 17422)
-- Name: idx_is_active_navigation_items; Type: INDEX; Schema: public; Owner: postgres
--

CREATE INDEX idx_is_active_navigation_items ON public.navigation_items USING btree (is_active);


--
-- TOC entry 5058 (class 1259 OID 17423)
-- Name: idx_is_active_navigation_menus; Type: INDEX; Schema: public; Owner: postgres
--

CREATE INDEX idx_is_active_navigation_menus ON public.navigation_menus USING btree (is_active);


--
-- TOC entry 5063 (class 1259 OID 17424)
-- Name: idx_is_active_pages; Type: INDEX; Schema: public; Owner: postgres
--

CREATE INDEX idx_is_active_pages ON public.pages USING btree (is_active);


--
-- TOC entry 5071 (class 1259 OID 17425)
-- Name: idx_is_active_sections; Type: INDEX; Schema: public; Owner: postgres
--

CREATE INDEX idx_is_active_sections ON public.sections USING btree (is_active);


--
-- TOC entry 5083 (class 1259 OID 17426)
-- Name: idx_is_active_specialties; Type: INDEX; Schema: public; Owner: postgres
--

CREATE INDEX idx_is_active_specialties ON public.specialties USING btree (is_active);


--
-- TOC entry 5112 (class 1259 OID 17427)
-- Name: idx_is_active_treatments; Type: INDEX; Schema: public; Owner: postgres
--

CREATE INDEX idx_is_active_treatments ON public.treatments USING btree (is_active);


--
-- TOC entry 5013 (class 1259 OID 17428)
-- Name: idx_is_featured_doctors; Type: INDEX; Schema: public; Owner: postgres
--

CREATE INDEX idx_is_featured_doctors ON public.doctors USING btree (is_featured);


--
-- TOC entry 5102 (class 1259 OID 17429)
-- Name: idx_is_featured_testimonials; Type: INDEX; Schema: public; Owner: postgres
--

CREATE INDEX idx_is_featured_testimonials ON public.testimonials USING btree (is_featured);


--
-- TOC entry 5113 (class 1259 OID 17430)
-- Name: idx_is_featured_treatments; Type: INDEX; Schema: public; Owner: postgres
--

CREATE INDEX idx_is_featured_treatments ON public.treatments USING btree (is_featured);


--
-- TOC entry 5077 (class 1259 OID 17431)
-- Name: idx_is_public_site_settings; Type: INDEX; Schema: public; Owner: postgres
--

CREATE INDEX idx_is_public_site_settings ON public.site_settings USING btree (is_public);


--
-- TOC entry 5064 (class 1259 OID 17432)
-- Name: idx_is_published_pages; Type: INDEX; Schema: public; Owner: postgres
--

CREATE INDEX idx_is_published_pages ON public.pages USING btree (is_published);


--
-- TOC entry 5059 (class 1259 OID 17433)
-- Name: idx_location_navigation_menus; Type: INDEX; Schema: public; Owner: postgres
--

CREATE INDEX idx_location_navigation_menus ON public.navigation_menus USING btree (location);


--
-- TOC entry 4984 (class 1259 OID 17434)
-- Name: idx_media_file_id_content_block_media; Type: INDEX; Schema: public; Owner: postgres
--

CREATE INDEX idx_media_file_id_content_block_media ON public.content_block_media USING btree (media_file_id);


--
-- TOC entry 5001 (class 1259 OID 17435)
-- Name: idx_media_file_id_doctor_media; Type: INDEX; Schema: public; Owner: postgres
--

CREATE INDEX idx_media_file_id_doctor_media ON public.doctor_media USING btree (media_file_id);


--
-- TOC entry 5088 (class 1259 OID 17436)
-- Name: idx_media_file_id_specialty_media; Type: INDEX; Schema: public; Owner: postgres
--

CREATE INDEX idx_media_file_id_specialty_media ON public.specialty_media USING btree (media_file_id);


--
-- TOC entry 5041 (class 1259 OID 17437)
-- Name: idx_media_files_type_created; Type: INDEX; Schema: public; Owner: postgres
--

CREATE INDEX idx_media_files_type_created ON public.media_files USING btree (file_type, created_at);


--
-- TOC entry 5051 (class 1259 OID 17438)
-- Name: idx_menu_id_navigation_items; Type: INDEX; Schema: public; Owner: postgres
--

CREATE INDEX idx_menu_id_navigation_items ON public.navigation_items USING btree (menu_id);


--
-- TOC entry 5052 (class 1259 OID 17439)
-- Name: idx_navigation_items_menu_parent; Type: INDEX; Schema: public; Owner: postgres
--

CREATE INDEX idx_navigation_items_menu_parent ON public.navigation_items USING btree (menu_id, parent_id);


--
-- TOC entry 5053 (class 1259 OID 17440)
-- Name: idx_page_id_navigation_items; Type: INDEX; Schema: public; Owner: postgres
--

CREATE INDEX idx_page_id_navigation_items ON public.navigation_items USING btree (page_id);


--
-- TOC entry 5072 (class 1259 OID 17441)
-- Name: idx_page_id_sections; Type: INDEX; Schema: public; Owner: postgres
--

CREATE INDEX idx_page_id_sections ON public.sections USING btree (page_id);


--
-- TOC entry 5093 (class 1259 OID 17442)
-- Name: idx_page_id_specialty_pages; Type: INDEX; Schema: public; Owner: postgres
--

CREATE INDEX idx_page_id_specialty_pages ON public.specialty_pages USING btree (page_id);


--
-- TOC entry 5065 (class 1259 OID 17443)
-- Name: idx_page_type_pages; Type: INDEX; Schema: public; Owner: postgres
--

CREATE INDEX idx_page_type_pages ON public.pages USING btree (page_type);


--
-- TOC entry 5054 (class 1259 OID 17444)
-- Name: idx_parent_id_navigation_items; Type: INDEX; Schema: public; Owner: postgres
--

CREATE INDEX idx_parent_id_navigation_items ON public.navigation_items USING btree (parent_id);


--
-- TOC entry 5119 (class 1259 OID 17445)
-- Name: idx_role_users; Type: INDEX; Schema: public; Owner: postgres
--

CREATE INDEX idx_role_users ON public.users USING btree (role);


--
-- TOC entry 4992 (class 1259 OID 17446)
-- Name: idx_section_id_content_blocks; Type: INDEX; Schema: public; Owner: postgres
--

CREATE INDEX idx_section_id_content_blocks ON public.content_blocks USING btree (section_id);


--
-- TOC entry 5073 (class 1259 OID 17447)
-- Name: idx_section_type_sections; Type: INDEX; Schema: public; Owner: postgres
--

CREATE INDEX idx_section_type_sections ON public.sections USING btree (section_type);


--
-- TOC entry 5074 (class 1259 OID 17448)
-- Name: idx_sections_page_type; Type: INDEX; Schema: public; Owner: postgres
--

CREATE INDEX idx_sections_page_type ON public.sections USING btree (page_id, section_type);


--
-- TOC entry 5078 (class 1259 OID 17449)
-- Name: idx_setting_key_site_settings; Type: INDEX; Schema: public; Owner: postgres
--

CREATE INDEX idx_setting_key_site_settings ON public.site_settings USING btree (setting_key);


--
-- TOC entry 5014 (class 1259 OID 17450)
-- Name: idx_slug_doctors; Type: INDEX; Schema: public; Owner: postgres
--

CREATE INDEX idx_slug_doctors ON public.doctors USING btree (slug);


--
-- TOC entry 5020 (class 1259 OID 17451)
-- Name: idx_slug_facilities; Type: INDEX; Schema: public; Owner: postgres
--

CREATE INDEX idx_slug_facilities ON public.facilities USING btree (slug);


--
-- TOC entry 5066 (class 1259 OID 17452)
-- Name: idx_slug_pages; Type: INDEX; Schema: public; Owner: postgres
--

CREATE INDEX idx_slug_pages ON public.pages USING btree (slug);


--
-- TOC entry 5084 (class 1259 OID 17453)
-- Name: idx_slug_specialties; Type: INDEX; Schema: public; Owner: postgres
--

CREATE INDEX idx_slug_specialties ON public.specialties USING btree (slug);


--
-- TOC entry 5114 (class 1259 OID 17454)
-- Name: idx_slug_treatments; Type: INDEX; Schema: public; Owner: postgres
--

CREATE INDEX idx_slug_treatments ON public.treatments USING btree (slug);


--
-- TOC entry 5007 (class 1259 OID 17455)
-- Name: idx_specialty_id_doctor_specialties; Type: INDEX; Schema: public; Owner: postgres
--

CREATE INDEX idx_specialty_id_doctor_specialties ON public.doctor_specialties USING btree (specialty_id);


--
-- TOC entry 5026 (class 1259 OID 17456)
-- Name: idx_specialty_id_facility_specialties; Type: INDEX; Schema: public; Owner: postgres
--

CREATE INDEX idx_specialty_id_facility_specialties ON public.facility_specialties USING btree (specialty_id);


--
-- TOC entry 5055 (class 1259 OID 17457)
-- Name: idx_specialty_id_navigation_items; Type: INDEX; Schema: public; Owner: postgres
--

CREATE INDEX idx_specialty_id_navigation_items ON public.navigation_items USING btree (specialty_id);


--
-- TOC entry 5089 (class 1259 OID 17458)
-- Name: idx_specialty_id_specialty_media; Type: INDEX; Schema: public; Owner: postgres
--

CREATE INDEX idx_specialty_id_specialty_media ON public.specialty_media USING btree (specialty_id);


--
-- TOC entry 5094 (class 1259 OID 17459)
-- Name: idx_specialty_id_specialty_pages; Type: INDEX; Schema: public; Owner: postgres
--

CREATE INDEX idx_specialty_id_specialty_pages ON public.specialty_pages USING btree (specialty_id);


--
-- TOC entry 5105 (class 1259 OID 17460)
-- Name: idx_specialty_id_treatment_specialties; Type: INDEX; Schema: public; Owner: postgres
--

CREATE INDEX idx_specialty_id_treatment_specialties ON public.treatment_specialties USING btree (specialty_id);


--
-- TOC entry 4997 (class 1259 OID 17461)
-- Name: idx_table_record_content_history; Type: INDEX; Schema: public; Owner: postgres
--

CREATE INDEX idx_table_record_content_history ON public.content_history USING btree (table_name, record_id);


--
-- TOC entry 5106 (class 1259 OID 17462)
-- Name: idx_treatment_id_treatment_specialties; Type: INDEX; Schema: public; Owner: postgres
--

CREATE INDEX idx_treatment_id_treatment_specialties ON public.treatment_specialties USING btree (treatment_id);


--
-- TOC entry 5107 (class 1259 OID 17463)
-- Name: idx_treatments_specialty; Type: INDEX; Schema: public; Owner: postgres
--

CREATE INDEX idx_treatments_specialty ON public.treatment_specialties USING btree (treatment_id, specialty_id);


--
-- TOC entry 5042 (class 1259 OID 17464)
-- Name: idx_uploaded_by_media_files; Type: INDEX; Schema: public; Owner: postgres
--

CREATE INDEX idx_uploaded_by_media_files ON public.media_files USING btree (uploaded_by);


--
-- TOC entry 5120 (class 1259 OID 17465)
-- Name: idx_username_users; Type: INDEX; Schema: public; Owner: postgres
--

CREATE INDEX idx_username_users ON public.users USING btree (username);


--
-- TOC entry 4985 (class 1259 OID 17466)
-- Name: unique_block_media; Type: INDEX; Schema: public; Owner: postgres
--

CREATE UNIQUE INDEX unique_block_media ON public.content_block_media USING btree (content_block_id, media_file_id, media_type);


--
-- TOC entry 5002 (class 1259 OID 17467)
-- Name: unique_doctor_media; Type: INDEX; Schema: public; Owner: postgres
--

CREATE UNIQUE INDEX unique_doctor_media ON public.doctor_media USING btree (doctor_id, media_file_id, media_type);


--
-- TOC entry 5008 (class 1259 OID 17468)
-- Name: unique_doctor_specialty; Type: INDEX; Schema: public; Owner: postgres
--

CREATE UNIQUE INDEX unique_doctor_specialty ON public.doctor_specialties USING btree (doctor_id, specialty_id);


--
-- TOC entry 5027 (class 1259 OID 17469)
-- Name: unique_facility_specialty; Type: INDEX; Schema: public; Owner: postgres
--

CREATE UNIQUE INDEX unique_facility_specialty ON public.facility_specialties USING btree (facility_id, specialty_id);


--
-- TOC entry 5092 (class 1259 OID 17470)
-- Name: unique_specialty_media; Type: INDEX; Schema: public; Owner: postgres
--

CREATE UNIQUE INDEX unique_specialty_media ON public.specialty_media USING btree (specialty_id, media_file_id, media_type);


--
-- TOC entry 5097 (class 1259 OID 17471)
-- Name: unique_specialty_page; Type: INDEX; Schema: public; Owner: postgres
--

CREATE UNIQUE INDEX unique_specialty_page ON public.specialty_pages USING btree (specialty_id);


--
-- TOC entry 5110 (class 1259 OID 17472)
-- Name: unique_treatment_specialty; Type: INDEX; Schema: public; Owner: postgres
--

CREATE UNIQUE INDEX unique_treatment_specialty ON public.treatment_specialties USING btree (treatment_id, specialty_id);


--
-- TOC entry 5015 (class 1259 OID 17473)
-- Name: ux_doctors_slug; Type: INDEX; Schema: public; Owner: postgres
--

CREATE UNIQUE INDEX ux_doctors_slug ON public.doctors USING btree (slug);


--
-- TOC entry 5021 (class 1259 OID 17474)
-- Name: ux_facilities_slug; Type: INDEX; Schema: public; Owner: postgres
--

CREATE UNIQUE INDEX ux_facilities_slug ON public.facilities USING btree (slug);


--
-- TOC entry 5069 (class 1259 OID 17475)
-- Name: ux_pages_slug; Type: INDEX; Schema: public; Owner: postgres
--

CREATE UNIQUE INDEX ux_pages_slug ON public.pages USING btree (slug);


--
-- TOC entry 5081 (class 1259 OID 17476)
-- Name: ux_site_settings_key; Type: INDEX; Schema: public; Owner: postgres
--

CREATE UNIQUE INDEX ux_site_settings_key ON public.site_settings USING btree (setting_key);


--
-- TOC entry 5087 (class 1259 OID 17477)
-- Name: ux_specialties_slug; Type: INDEX; Schema: public; Owner: postgres
--

CREATE UNIQUE INDEX ux_specialties_slug ON public.specialties USING btree (slug);


--
-- TOC entry 5117 (class 1259 OID 17478)
-- Name: ux_treatments_slug; Type: INDEX; Schema: public; Owner: postgres
--

CREATE UNIQUE INDEX ux_treatments_slug ON public.treatments USING btree (slug);


--
-- TOC entry 5123 (class 1259 OID 17479)
-- Name: ux_users_email; Type: INDEX; Schema: public; Owner: postgres
--

CREATE UNIQUE INDEX ux_users_email ON public.users USING btree (email);


--
-- TOC entry 5124 (class 1259 OID 17480)
-- Name: ux_users_username; Type: INDEX; Schema: public; Owner: postgres
--

CREATE UNIQUE INDEX ux_users_username ON public.users USING btree (username);


--
-- TOC entry 5324 (class 2618 OID 17311)
-- Name: v_content_blocks_with_media _RETURN; Type: RULE; Schema: public; Owner: postgres
--

CREATE OR REPLACE VIEW public.v_content_blocks_with_media AS
 SELECT cb.id,
    cb.section_id,
    cb.block_type,
    cb.title,
    cb.content,
    cb.subtitle,
    cb.description,
    cb.display_order,
    cb.is_active,
    cb.alignment,
    cb.width_percentage,
    COALESCE(jsonb_agg(jsonb_build_object('media_id', mf.id, 'file_url', mf.file_url, 'alt_text', mf.alt_text, 'media_type', cbm.media_type, 'display_order', cbm.display_order) ORDER BY cbm.display_order) FILTER (WHERE (mf.id IS NOT NULL)), '[]'::jsonb) AS media_files
   FROM ((public.content_blocks cb
     LEFT JOIN public.content_block_media cbm ON ((cb.id = cbm.content_block_id)))
     LEFT JOIN public.media_files mf ON ((cbm.media_file_id = mf.id)))
  GROUP BY cb.id, cb.section_id, cb.display_order;


--
-- TOC entry 5325 (class 2618 OID 17315)
-- Name: v_doctors_with_specialties _RETURN; Type: RULE; Schema: public; Owner: postgres
--

CREATE OR REPLACE VIEW public.v_doctors_with_specialties AS
 SELECT d.id,
    d.first_name,
    d.last_name,
    d.slug,
    d.designation,
    d.qualifications,
    d.experience_years,
    d.specializations,
    d.about,
    d.achievements,
    d.languages,
    d.consultation_fee,
    d.is_active,
    d.is_featured,
    d.display_order,
    COALESCE(string_agg((s.name)::text, ','::text ORDER BY ds.is_primary DESC, (s.name)::text) FILTER (WHERE (s.name IS NOT NULL)), ''::text) AS specialties,
    COALESCE(string_agg((s.slug)::text, ','::text ORDER BY ds.is_primary DESC, (s.slug)::text) FILTER (WHERE (s.slug IS NOT NULL)), ''::text) AS specialty_slugs
   FROM ((public.doctors d
     LEFT JOIN public.doctor_specialties ds ON ((d.id = ds.doctor_id)))
     LEFT JOIN public.specialties s ON ((ds.specialty_id = s.id)))
  WHERE (d.is_active = true)
  GROUP BY d.id, d.display_order, d.last_name, d.first_name
  ORDER BY d.display_order, d.last_name, d.first_name;


--
-- TOC entry 5158 (class 2620 OID 17483)
-- Name: accreditations trg_update_accreditations_updated_at; Type: TRIGGER; Schema: public; Owner: postgres
--

CREATE TRIGGER trg_update_accreditations_updated_at BEFORE UPDATE ON public.accreditations FOR EACH ROW EXECUTE FUNCTION public.update_updated_at();


--
-- TOC entry 5159 (class 2620 OID 17484)
-- Name: buttons trg_update_buttons_updated_at; Type: TRIGGER; Schema: public; Owner: postgres
--

CREATE TRIGGER trg_update_buttons_updated_at BEFORE UPDATE ON public.buttons FOR EACH ROW EXECUTE FUNCTION public.update_updated_at();


--
-- TOC entry 5160 (class 2620 OID 17485)
-- Name: content_blocks trg_update_content_blocks_updated_at; Type: TRIGGER; Schema: public; Owner: postgres
--

CREATE TRIGGER trg_update_content_blocks_updated_at BEFORE UPDATE ON public.content_blocks FOR EACH ROW EXECUTE FUNCTION public.update_updated_at();


--
-- TOC entry 5161 (class 2620 OID 17486)
-- Name: doctors trg_update_doctors_updated_at; Type: TRIGGER; Schema: public; Owner: postgres
--

CREATE TRIGGER trg_update_doctors_updated_at BEFORE UPDATE ON public.doctors FOR EACH ROW EXECUTE FUNCTION public.update_updated_at();


--
-- TOC entry 5162 (class 2620 OID 17487)
-- Name: facilities trg_update_facilities_updated_at; Type: TRIGGER; Schema: public; Owner: postgres
--

CREATE TRIGGER trg_update_facilities_updated_at BEFORE UPDATE ON public.facilities FOR EACH ROW EXECUTE FUNCTION public.update_updated_at();


--
-- TOC entry 5163 (class 2620 OID 17488)
-- Name: faqs trg_update_faqs_updated_at; Type: TRIGGER; Schema: public; Owner: postgres
--

CREATE TRIGGER trg_update_faqs_updated_at BEFORE UPDATE ON public.faqs FOR EACH ROW EXECUTE FUNCTION public.update_updated_at();


--
-- TOC entry 5164 (class 2620 OID 17489)
-- Name: footer_category trg_update_footer_category_updated_at; Type: TRIGGER; Schema: public; Owner: postgres
--

CREATE TRIGGER trg_update_footer_category_updated_at BEFORE UPDATE ON public.footer_category FOR EACH ROW EXECUTE FUNCTION public.update_updated_at();


--
-- TOC entry 5165 (class 2620 OID 17490)
-- Name: footer_content trg_update_footer_content_updated_at; Type: TRIGGER; Schema: public; Owner: postgres
--

CREATE TRIGGER trg_update_footer_content_updated_at BEFORE UPDATE ON public.footer_content FOR EACH ROW EXECUTE FUNCTION public.update_updated_at();


--
-- TOC entry 5166 (class 2620 OID 17491)
-- Name: media_files trg_update_media_files_updated_at; Type: TRIGGER; Schema: public; Owner: postgres
--

CREATE TRIGGER trg_update_media_files_updated_at BEFORE UPDATE ON public.media_files FOR EACH ROW EXECUTE FUNCTION public.update_updated_at();


--
-- TOC entry 5167 (class 2620 OID 17492)
-- Name: navigation_item_pages trg_update_navigation_item_pages_updated_at; Type: TRIGGER; Schema: public; Owner: postgres
--

CREATE TRIGGER trg_update_navigation_item_pages_updated_at BEFORE UPDATE ON public.navigation_item_pages FOR EACH ROW EXECUTE FUNCTION public.update_updated_at();


--
-- TOC entry 5168 (class 2620 OID 17493)
-- Name: navigation_items trg_update_navigation_items_updated_at; Type: TRIGGER; Schema: public; Owner: postgres
--

CREATE TRIGGER trg_update_navigation_items_updated_at BEFORE UPDATE ON public.navigation_items FOR EACH ROW EXECUTE FUNCTION public.update_updated_at();


--
-- TOC entry 5169 (class 2620 OID 17494)
-- Name: navigation_menus trg_update_navigation_menus_updated_at; Type: TRIGGER; Schema: public; Owner: postgres
--

CREATE TRIGGER trg_update_navigation_menus_updated_at BEFORE UPDATE ON public.navigation_menus FOR EACH ROW EXECUTE FUNCTION public.update_updated_at();


--
-- TOC entry 5170 (class 2620 OID 17495)
-- Name: pages trg_update_pages_updated_at; Type: TRIGGER; Schema: public; Owner: postgres
--

CREATE TRIGGER trg_update_pages_updated_at BEFORE UPDATE ON public.pages FOR EACH ROW EXECUTE FUNCTION public.update_updated_at();


--
-- TOC entry 5171 (class 2620 OID 17496)
-- Name: sections trg_update_sections_updated_at; Type: TRIGGER; Schema: public; Owner: postgres
--

CREATE TRIGGER trg_update_sections_updated_at BEFORE UPDATE ON public.sections FOR EACH ROW EXECUTE FUNCTION public.update_updated_at();


--
-- TOC entry 5172 (class 2620 OID 17497)
-- Name: site_settings trg_update_site_settings_updated_at; Type: TRIGGER; Schema: public; Owner: postgres
--

CREATE TRIGGER trg_update_site_settings_updated_at BEFORE UPDATE ON public.site_settings FOR EACH ROW EXECUTE FUNCTION public.update_updated_at();


--
-- TOC entry 5173 (class 2620 OID 17498)
-- Name: specialties trg_update_specialties_updated_at; Type: TRIGGER; Schema: public; Owner: postgres
--

CREATE TRIGGER trg_update_specialties_updated_at BEFORE UPDATE ON public.specialties FOR EACH ROW EXECUTE FUNCTION public.update_updated_at();


--
-- TOC entry 5174 (class 2620 OID 17499)
-- Name: specialty_pages trg_update_specialty_pages_updated_at; Type: TRIGGER; Schema: public; Owner: postgres
--

CREATE TRIGGER trg_update_specialty_pages_updated_at BEFORE UPDATE ON public.specialty_pages FOR EACH ROW EXECUTE FUNCTION public.update_updated_at();


--
-- TOC entry 5175 (class 2620 OID 17500)
-- Name: statistics trg_update_statistics_updated_at; Type: TRIGGER; Schema: public; Owner: postgres
--

CREATE TRIGGER trg_update_statistics_updated_at BEFORE UPDATE ON public.statistics FOR EACH ROW EXECUTE FUNCTION public.update_updated_at();


--
-- TOC entry 5176 (class 2620 OID 17501)
-- Name: testimonials trg_update_testimonials_updated_at; Type: TRIGGER; Schema: public; Owner: postgres
--

CREATE TRIGGER trg_update_testimonials_updated_at BEFORE UPDATE ON public.testimonials FOR EACH ROW EXECUTE FUNCTION public.update_updated_at();


--
-- TOC entry 5177 (class 2620 OID 17502)
-- Name: treatments trg_update_treatments_updated_at; Type: TRIGGER; Schema: public; Owner: postgres
--

CREATE TRIGGER trg_update_treatments_updated_at BEFORE UPDATE ON public.treatments FOR EACH ROW EXECUTE FUNCTION public.update_updated_at();


--
-- TOC entry 5178 (class 2620 OID 17503)
-- Name: users trg_update_users_updated_at; Type: TRIGGER; Schema: public; Owner: postgres
--

CREATE TRIGGER trg_update_users_updated_at BEFORE UPDATE ON public.users FOR EACH ROW EXECUTE FUNCTION public.update_updated_at();


--
-- TOC entry 5125 (class 2606 OID 17504)
-- Name: accreditations fk_accreditations_content_block; Type: FK CONSTRAINT; Schema: public; Owner: postgres
--

ALTER TABLE ONLY public.accreditations
    ADD CONSTRAINT fk_accreditations_content_block FOREIGN KEY (content_block_id) REFERENCES public.content_blocks(id) ON DELETE CASCADE;


--
-- TOC entry 5126 (class 2606 OID 17509)
-- Name: buttons fk_buttons_content_block; Type: FK CONSTRAINT; Schema: public; Owner: postgres
--

ALTER TABLE ONLY public.buttons
    ADD CONSTRAINT fk_buttons_content_block FOREIGN KEY (content_block_id) REFERENCES public.content_blocks(id) ON DELETE CASCADE;


--
-- TOC entry 5127 (class 2606 OID 17514)
-- Name: content_block_experts fk_cbe_content_block; Type: FK CONSTRAINT; Schema: public; Owner: postgres
--

ALTER TABLE ONLY public.content_block_experts
    ADD CONSTRAINT fk_cbe_content_block FOREIGN KEY (content_block_id) REFERENCES public.content_blocks(id) ON DELETE CASCADE;


--
-- TOC entry 5128 (class 2606 OID 17519)
-- Name: content_block_experts fk_cbe_doctor_specialty; Type: FK CONSTRAINT; Schema: public; Owner: postgres
--

ALTER TABLE ONLY public.content_block_experts
    ADD CONSTRAINT fk_cbe_doctor_specialty FOREIGN KEY (doctor_specialty_id) REFERENCES public.doctor_specialties(id) ON DELETE CASCADE;


--
-- TOC entry 5129 (class 2606 OID 17524)
-- Name: content_block_media fk_cbm_content_block; Type: FK CONSTRAINT; Schema: public; Owner: postgres
--

ALTER TABLE ONLY public.content_block_media
    ADD CONSTRAINT fk_cbm_content_block FOREIGN KEY (content_block_id) REFERENCES public.content_blocks(id) ON DELETE CASCADE;


--
-- TOC entry 5130 (class 2606 OID 17529)
-- Name: content_block_media fk_cbm_media_file; Type: FK CONSTRAINT; Schema: public; Owner: postgres
--

ALTER TABLE ONLY public.content_block_media
    ADD CONSTRAINT fk_cbm_media_file FOREIGN KEY (media_file_id) REFERENCES public.media_files(id) ON DELETE CASCADE;


--
-- TOC entry 5131 (class 2606 OID 17534)
-- Name: content_blocks fk_content_blocks_section; Type: FK CONSTRAINT; Schema: public; Owner: postgres
--

ALTER TABLE ONLY public.content_blocks
    ADD CONSTRAINT fk_content_blocks_section FOREIGN KEY (section_id) REFERENCES public.sections(id) ON DELETE CASCADE;


--
-- TOC entry 5132 (class 2606 OID 17539)
-- Name: content_history fk_content_history_changed_by; Type: FK CONSTRAINT; Schema: public; Owner: postgres
--

ALTER TABLE ONLY public.content_history
    ADD CONSTRAINT fk_content_history_changed_by FOREIGN KEY (changed_by) REFERENCES public.users(id) ON DELETE SET NULL;


--
-- TOC entry 5133 (class 2606 OID 17544)
-- Name: doctor_media fk_doctor_media_doctor; Type: FK CONSTRAINT; Schema: public; Owner: postgres
--

ALTER TABLE ONLY public.doctor_media
    ADD CONSTRAINT fk_doctor_media_doctor FOREIGN KEY (doctor_id) REFERENCES public.doctors(id) ON DELETE CASCADE;


--
-- TOC entry 5134 (class 2606 OID 17549)
-- Name: doctor_media fk_doctor_media_media; Type: FK CONSTRAINT; Schema: public; Owner: postgres
--

ALTER TABLE ONLY public.doctor_media
    ADD CONSTRAINT fk_doctor_media_media FOREIGN KEY (media_file_id) REFERENCES public.media_files(id) ON DELETE CASCADE;


--
-- TOC entry 5135 (class 2606 OID 17554)
-- Name: doctor_specialties fk_doctor_specialties_doctor; Type: FK CONSTRAINT; Schema: public; Owner: postgres
--

ALTER TABLE ONLY public.doctor_specialties
    ADD CONSTRAINT fk_doctor_specialties_doctor FOREIGN KEY (doctor_id) REFERENCES public.doctors(id) ON DELETE CASCADE;


--
-- TOC entry 5136 (class 2606 OID 17559)
-- Name: doctor_specialties fk_doctor_specialties_specialty; Type: FK CONSTRAINT; Schema: public; Owner: postgres
--

ALTER TABLE ONLY public.doctor_specialties
    ADD CONSTRAINT fk_doctor_specialties_specialty FOREIGN KEY (specialty_id) REFERENCES public.specialties(id) ON DELETE CASCADE;


--
-- TOC entry 5137 (class 2606 OID 17564)
-- Name: facility_specialties fk_facility_specialties_facility; Type: FK CONSTRAINT; Schema: public; Owner: postgres
--

ALTER TABLE ONLY public.facility_specialties
    ADD CONSTRAINT fk_facility_specialties_facility FOREIGN KEY (facility_id) REFERENCES public.facilities(id) ON DELETE CASCADE;


--
-- TOC entry 5138 (class 2606 OID 17569)
-- Name: facility_specialties fk_facility_specialties_specialty; Type: FK CONSTRAINT; Schema: public; Owner: postgres
--

ALTER TABLE ONLY public.facility_specialties
    ADD CONSTRAINT fk_facility_specialties_specialty FOREIGN KEY (specialty_id) REFERENCES public.specialties(id) ON DELETE CASCADE;


--
-- TOC entry 5139 (class 2606 OID 17574)
-- Name: faqs fk_faqs_content_block; Type: FK CONSTRAINT; Schema: public; Owner: postgres
--

ALTER TABLE ONLY public.faqs
    ADD CONSTRAINT fk_faqs_content_block FOREIGN KEY (content_block_id) REFERENCES public.content_blocks(id) ON DELETE CASCADE;


--
-- TOC entry 5140 (class 2606 OID 17579)
-- Name: footer_content fk_footer_content_category; Type: FK CONSTRAINT; Schema: public; Owner: postgres
--

ALTER TABLE ONLY public.footer_content
    ADD CONSTRAINT fk_footer_content_category FOREIGN KEY (category_id) REFERENCES public.footer_category(id) ON DELETE CASCADE;


--
-- TOC entry 5141 (class 2606 OID 17584)
-- Name: media_files fk_media_files_uploaded_by; Type: FK CONSTRAINT; Schema: public; Owner: postgres
--

ALTER TABLE ONLY public.media_files
    ADD CONSTRAINT fk_media_files_uploaded_by FOREIGN KEY (uploaded_by) REFERENCES public.users(id) ON DELETE SET NULL;


--
-- TOC entry 5144 (class 2606 OID 17589)
-- Name: navigation_items fk_navigation_items_menu; Type: FK CONSTRAINT; Schema: public; Owner: postgres
--

ALTER TABLE ONLY public.navigation_items
    ADD CONSTRAINT fk_navigation_items_menu FOREIGN KEY (menu_id) REFERENCES public.navigation_menus(id) ON DELETE CASCADE;


--
-- TOC entry 5145 (class 2606 OID 17594)
-- Name: navigation_items fk_navigation_items_page; Type: FK CONSTRAINT; Schema: public; Owner: postgres
--

ALTER TABLE ONLY public.navigation_items
    ADD CONSTRAINT fk_navigation_items_page FOREIGN KEY (page_id) REFERENCES public.pages(id) ON DELETE SET NULL;


--
-- TOC entry 5146 (class 2606 OID 17599)
-- Name: navigation_items fk_navigation_items_parent; Type: FK CONSTRAINT; Schema: public; Owner: postgres
--

ALTER TABLE ONLY public.navigation_items
    ADD CONSTRAINT fk_navigation_items_parent FOREIGN KEY (parent_id) REFERENCES public.navigation_items(id) ON DELETE CASCADE;


--
-- TOC entry 5147 (class 2606 OID 17604)
-- Name: navigation_items fk_navigation_items_specialty; Type: FK CONSTRAINT; Schema: public; Owner: postgres
--

ALTER TABLE ONLY public.navigation_items
    ADD CONSTRAINT fk_navigation_items_specialty FOREIGN KEY (specialty_id) REFERENCES public.specialties(id) ON DELETE SET NULL;


--
-- TOC entry 5142 (class 2606 OID 17609)
-- Name: navigation_item_pages fk_navitempages_navigation_item; Type: FK CONSTRAINT; Schema: public; Owner: postgres
--

ALTER TABLE ONLY public.navigation_item_pages
    ADD CONSTRAINT fk_navitempages_navigation_item FOREIGN KEY (navigation_item_id) REFERENCES public.navigation_items(id) ON UPDATE CASCADE ON DELETE CASCADE;


--
-- TOC entry 5143 (class 2606 OID 17614)
-- Name: navigation_item_pages fk_navitempages_page; Type: FK CONSTRAINT; Schema: public; Owner: postgres
--

ALTER TABLE ONLY public.navigation_item_pages
    ADD CONSTRAINT fk_navitempages_page FOREIGN KEY (page_id) REFERENCES public.pages(id) ON UPDATE CASCADE ON DELETE CASCADE;


--
-- TOC entry 5148 (class 2606 OID 17619)
-- Name: pages fk_pages_created_by; Type: FK CONSTRAINT; Schema: public; Owner: postgres
--

ALTER TABLE ONLY public.pages
    ADD CONSTRAINT fk_pages_created_by FOREIGN KEY (created_by) REFERENCES public.users(id) ON DELETE SET NULL;


--
-- TOC entry 5149 (class 2606 OID 17624)
-- Name: sections fk_sections_page; Type: FK CONSTRAINT; Schema: public; Owner: postgres
--

ALTER TABLE ONLY public.sections
    ADD CONSTRAINT fk_sections_page FOREIGN KEY (page_id) REFERENCES public.pages(id) ON DELETE CASCADE;


--
-- TOC entry 5150 (class 2606 OID 17629)
-- Name: specialty_media fk_specialty_media_media; Type: FK CONSTRAINT; Schema: public; Owner: postgres
--

ALTER TABLE ONLY public.specialty_media
    ADD CONSTRAINT fk_specialty_media_media FOREIGN KEY (media_file_id) REFERENCES public.media_files(id) ON DELETE CASCADE;


--
-- TOC entry 5151 (class 2606 OID 17634)
-- Name: specialty_media fk_specialty_media_specialty; Type: FK CONSTRAINT; Schema: public; Owner: postgres
--

ALTER TABLE ONLY public.specialty_media
    ADD CONSTRAINT fk_specialty_media_specialty FOREIGN KEY (specialty_id) REFERENCES public.specialties(id) ON DELETE CASCADE;


--
-- TOC entry 5152 (class 2606 OID 17639)
-- Name: specialty_pages fk_specialty_pages_page; Type: FK CONSTRAINT; Schema: public; Owner: postgres
--

ALTER TABLE ONLY public.specialty_pages
    ADD CONSTRAINT fk_specialty_pages_page FOREIGN KEY (page_id) REFERENCES public.pages(id) ON DELETE CASCADE;


--
-- TOC entry 5153 (class 2606 OID 17644)
-- Name: specialty_pages fk_specialty_pages_specialty; Type: FK CONSTRAINT; Schema: public; Owner: postgres
--

ALTER TABLE ONLY public.specialty_pages
    ADD CONSTRAINT fk_specialty_pages_specialty FOREIGN KEY (specialty_id) REFERENCES public.specialties(id) ON DELETE CASCADE;


--
-- TOC entry 5154 (class 2606 OID 17649)
-- Name: statistics fk_statistics_content_block; Type: FK CONSTRAINT; Schema: public; Owner: postgres
--

ALTER TABLE ONLY public.statistics
    ADD CONSTRAINT fk_statistics_content_block FOREIGN KEY (content_block_id) REFERENCES public.content_blocks(id) ON DELETE CASCADE;


--
-- TOC entry 5155 (class 2606 OID 17654)
-- Name: testimonials fk_testimonials_content_block; Type: FK CONSTRAINT; Schema: public; Owner: postgres
--

ALTER TABLE ONLY public.testimonials
    ADD CONSTRAINT fk_testimonials_content_block FOREIGN KEY (content_block_id) REFERENCES public.content_blocks(id) ON DELETE CASCADE;


--
-- TOC entry 5156 (class 2606 OID 17659)
-- Name: treatment_specialties fk_treatment_specialties_specialty; Type: FK CONSTRAINT; Schema: public; Owner: postgres
--

ALTER TABLE ONLY public.treatment_specialties
    ADD CONSTRAINT fk_treatment_specialties_specialty FOREIGN KEY (specialty_id) REFERENCES public.specialties(id) ON DELETE CASCADE;


--
-- TOC entry 5157 (class 2606 OID 17664)
-- Name: treatment_specialties fk_treatment_specialties_treatment; Type: FK CONSTRAINT; Schema: public; Owner: postgres
--

ALTER TABLE ONLY public.treatment_specialties
    ADD CONSTRAINT fk_treatment_specialties_treatment FOREIGN KEY (treatment_id) REFERENCES public.treatments(id) ON DELETE CASCADE;


-- Completed on 2025-11-07 10:46:45

--
-- PostgreSQL database dump complete
--

\unrestrict 0o7GOg5WCoxVmIGpalOGeCMtA72DPZwOcYJycydqkEjw3JpHmQOohNFGsOCL6dy

